2025-08-28 16:33:15,345 - main - INFO - Connecting to database: localhost:5432/yahoo
2025-08-28 16:33:15,366 - main - INFO - Database engine created successfully
2025-08-28 16:33:43,960 - main - INFO - Starting parquet loading process
2025-08-28 16:33:43,961 - main - INFO - Fetching parquet files list from HuggingFace API
2025-08-28 16:33:45,055 - main - INFO - Successfully fetched 18 files from API
2025-08-28 16:33:45,057 - main - INFO - Found 18 parquet files: ['daily_treasury_yield.parquet', 'exchange_rate.parquet', 'stock_dividend_events.parquet', 'stock_earning_calendar.parquet', 'stock_earning_call_transcripts.parquet', 'stock_earning_estimates.parquet', 'stock_historical_eps.parquet', 'stock_news.parquet', 'stock_officers.parquet', 'stock_prices.parquet', 'stock_profile.parquet', 'stock_revenue_breakdown.parquet', 'stock_revenue_estimates.parquet', 'stock_shares_outstanding.parquet', 'stock_split_events.parquet', 'stock_statement.parquet', 'stock_summary.parquet', 'stock_tailing_eps.parquet']
2025-08-28 16:33:45,060 - main - INFO - Processing 18 files
2025-08-28 16:33:45,063 - main - INFO - Processing file 1/18: daily_treasury_yield.parquet
2025-08-28 16:33:45,063 - main - INFO - Downloading daily_treasury_yield.parquet from https://huggingface.co/datasets/bwzheng2010/yahoo-finance-data/resolve/main/data/daily_treasury_yield.parquet
2025-08-28 16:33:46,784 - main - INFO - Successfully downloaded daily_treasury_yield.parquet
2025-08-28 16:33:46,785 - main - INFO - Reading parquet file: /tmp/daily_treasury_yield.parquet
2025-08-28 16:33:46,857 - main - INFO - Loaded DataFrame with 8918 rows and 12 columns
2025-08-28 16:33:46,857 - main - INFO - Creating/updating table: daily_treasury_yield
2025-08-28 16:33:47,219 - main - INFO - Successfully inserted 8918 rows into table daily_treasury_yield
2025-08-28 16:33:47,219 - main - INFO - Cleaned up temporary file: /tmp/daily_treasury_yield.parquet
2025-08-28 16:33:47,219 - main - INFO - Processing file 2/18: exchange_rate.parquet
2025-08-28 16:33:47,219 - main - INFO - Downloading exchange_rate.parquet from https://huggingface.co/datasets/bwzheng2010/yahoo-finance-data/resolve/main/data/exchange_rate.parquet
2025-08-28 16:33:52,698 - main - INFO - Successfully downloaded exchange_rate.parquet
2025-08-28 16:33:52,699 - main - INFO - Reading parquet file: /tmp/exchange_rate.parquet
2025-08-28 16:33:52,828 - main - INFO - Loaded DataFrame with 231031 rows and 6 columns
2025-08-28 16:33:52,828 - main - INFO - Creating/updating table: exchange_rate
2025-08-28 16:33:56,133 - main - INFO - Successfully inserted 231031 rows into table exchange_rate
2025-08-28 16:33:56,134 - main - INFO - Cleaned up temporary file: /tmp/exchange_rate.parquet
2025-08-28 16:33:56,134 - main - INFO - Processing file 3/18: stock_dividend_events.parquet
2025-08-28 16:33:56,134 - main - INFO - Downloading stock_dividend_events.parquet from https://huggingface.co/datasets/bwzheng2010/yahoo-finance-data/resolve/main/data/stock_dividend_events.parquet
2025-08-28 16:33:57,642 - main - INFO - Successfully downloaded stock_dividend_events.parquet
2025-08-28 16:33:57,643 - main - INFO - Reading parquet file: /tmp/stock_dividend_events.parquet
2025-08-28 16:33:57,714 - main - INFO - Loaded DataFrame with 260553 rows and 3 columns
2025-08-28 16:33:57,714 - main - INFO - Creating/updating table: stock_dividend_events
2025-08-28 16:34:00,539 - main - INFO - Successfully inserted 260553 rows into table stock_dividend_events
2025-08-28 16:34:00,539 - main - INFO - Cleaned up temporary file: /tmp/stock_dividend_events.parquet
2025-08-28 16:34:00,540 - main - INFO - Processing file 4/18: stock_earning_calendar.parquet
2025-08-28 16:34:00,540 - main - INFO - Downloading stock_earning_calendar.parquet from https://huggingface.co/datasets/bwzheng2010/yahoo-finance-data/resolve/main/data/stock_earning_calendar.parquet
2025-08-28 16:34:01,996 - main - INFO - Successfully downloaded stock_earning_calendar.parquet
2025-08-28 16:34:01,996 - main - INFO - Reading parquet file: /tmp/stock_earning_calendar.parquet
2025-08-28 16:34:02,010 - main - INFO - Loaded DataFrame with 39085 rows and 4 columns
2025-08-28 16:34:02,010 - main - INFO - Creating/updating table: stock_earning_calendar
2025-08-28 16:34:02,476 - main - INFO - Successfully inserted 39085 rows into table stock_earning_calendar
2025-08-28 16:34:02,477 - main - INFO - Cleaned up temporary file: /tmp/stock_earning_calendar.parquet
2025-08-28 16:34:02,477 - main - INFO - Processing file 5/18: stock_earning_call_transcripts.parquet
2025-08-28 16:34:02,477 - main - INFO - Downloading stock_earning_call_transcripts.parquet from https://huggingface.co/datasets/bwzheng2010/yahoo-finance-data/resolve/main/data/stock_earning_call_transcripts.parquet
2025-08-28 21:46:58,372 - main - INFO - Connecting to database: localhost:5432/yahoo
2025-08-28 21:46:58,404 - main - INFO - Database engine created successfully
2025-08-28 21:47:27,434 - main - INFO - Health check requested
2025-08-28 21:47:27,486 - main - ERROR - Health check failed: Not an executable object: 'SELECT 1'
2025-08-28 21:48:05,893 - main - INFO - Starting chunked parquet loading process
2025-08-28 21:48:05,896 - main - INFO - Fetching parquet files list from HuggingFace API
2025-08-28 21:48:06,428 - main - INFO - Successfully fetched 18 files from API
2025-08-28 21:48:06,428 - main - INFO - Found 18 parquet files: ['daily_treasury_yield.parquet', 'exchange_rate.parquet', 'stock_dividend_events.parquet', 'stock_earning_calendar.parquet', 'stock_earning_call_transcripts.parquet', 'stock_earning_estimates.parquet', 'stock_historical_eps.parquet', 'stock_news.parquet', 'stock_officers.parquet', 'stock_prices.parquet', 'stock_profile.parquet', 'stock_revenue_breakdown.parquet', 'stock_revenue_estimates.parquet', 'stock_shares_outstanding.parquet', 'stock_split_events.parquet', 'stock_statement.parquet', 'stock_summary.parquet', 'stock_tailing_eps.parquet']
2025-08-28 21:48:06,430 - main - INFO - Processing 18 files with chunked processing
2025-08-28 21:48:06,430 - main - INFO - Processing file 1/18: daily_treasury_yield.parquet
2025-08-28 21:48:06,431 - main - INFO - Downloading daily_treasury_yield.parquet from https://huggingface.co/datasets/bwzheng2010/yahoo-finance-data/resolve/main/data/daily_treasury_yield.parquet
2025-08-28 21:48:07,113 - main - INFO - Successfully downloaded daily_treasury_yield.parquet (0.13 MB)
2025-08-28 21:48:07,113 - main - INFO - Processing table: daily_treasury_yield
2025-08-28 21:48:07,113 - main - INFO - Processing large parquet file: /tmp/daily_treasury_yield.parquet
2025-08-28 21:48:07,113 - main - INFO - File size: 0.13 MB
2025-08-28 21:48:07,239 - main - INFO - Total rows: 8,918, Total columns: 12
2025-08-28 21:48:07,239 - main - INFO - Using default chunk size: 10000
2025-08-28 21:48:07,239 - main - INFO - Will process in 1 chunks of ~10000 rows each
2025-08-28 21:48:07,239 - main - INFO - Processing chunk 1/1: rows 0 to 8,918
2025-08-28 21:48:07,251 - main - INFO - Loaded chunk with 8,918 rows
2025-08-28 21:48:07,595 - main - INFO - Created table daily_treasury_yield with 8,918 rows
2025-08-28 21:48:07,596 - main - INFO - Completed processing /tmp/daily_treasury_yield.parquet: 8,918 total rows inserted
2025-08-28 21:48:07,597 - main - INFO - Cleaned up temporary file: /tmp/daily_treasury_yield.parquet
2025-08-28 21:48:07,597 - main - INFO - Processing file 2/18: exchange_rate.parquet
2025-08-28 21:48:07,597 - main - INFO - Downloading exchange_rate.parquet from https://huggingface.co/datasets/bwzheng2010/yahoo-finance-data/resolve/main/data/exchange_rate.parquet
2025-08-28 21:48:08,364 - main - INFO - Successfully downloaded exchange_rate.parquet (1.76 MB)
2025-08-28 21:48:08,364 - main - INFO - Processing table: exchange_rate
2025-08-28 21:48:08,364 - main - INFO - Processing large parquet file: /tmp/exchange_rate.parquet
2025-08-28 21:48:08,364 - main - INFO - File size: 1.76 MB
2025-08-28 21:48:08,478 - main - INFO - Total rows: 231,031, Total columns: 6
2025-08-28 21:48:08,478 - main - INFO - Using default chunk size: 10000
2025-08-28 21:48:08,478 - main - INFO - Will process in 24 chunks of ~10000 rows each
2025-08-28 21:48:08,478 - main - INFO - Processing chunk 1/24: rows 0 to 10,000
2025-08-28 21:48:08,576 - main - INFO - Loaded chunk with 10,000 rows
2025-08-28 21:48:08,766 - main - INFO - Created table exchange_rate with 10,000 rows
2025-08-28 21:48:08,782 - main - INFO - Processing chunk 2/24: rows 10,000 to 20,000
2025-08-28 21:48:08,971 - main - INFO - Loaded chunk with 10,000 rows
2025-08-28 21:48:09,120 - main - INFO - Appended 10,000 rows to table exchange_rate
2025-08-28 21:48:09,133 - main - INFO - Processing chunk 3/24: rows 20,000 to 30,000
2025-08-28 21:48:09,232 - main - INFO - Loaded chunk with 10,000 rows
2025-08-28 21:48:09,419 - main - INFO - Appended 10,000 rows to table exchange_rate
2025-08-28 21:48:09,433 - main - INFO - Processing chunk 4/24: rows 30,000 to 40,000
2025-08-28 21:48:09,531 - main - INFO - Loaded chunk with 10,000 rows
2025-08-28 21:48:09,694 - main - INFO - Appended 10,000 rows to table exchange_rate
2025-08-28 21:48:09,705 - main - INFO - Processing chunk 5/24: rows 40,000 to 50,000
2025-08-28 21:48:09,803 - main - INFO - Loaded chunk with 10,000 rows
2025-08-28 21:48:09,967 - main - INFO - Appended 10,000 rows to table exchange_rate
2025-08-28 21:48:09,979 - main - INFO - Processing chunk 6/24: rows 50,000 to 60,000
2025-08-28 21:48:10,079 - main - INFO - Loaded chunk with 10,000 rows
2025-08-28 21:48:10,255 - main - INFO - Appended 10,000 rows to table exchange_rate
2025-08-28 21:48:10,265 - main - INFO - Processing chunk 7/24: rows 60,000 to 70,000
2025-08-28 21:48:10,364 - main - INFO - Loaded chunk with 10,000 rows
2025-08-28 21:48:10,520 - main - INFO - Appended 10,000 rows to table exchange_rate
2025-08-28 21:48:10,529 - main - INFO - Processing chunk 8/24: rows 70,000 to 80,000
2025-08-28 21:48:10,629 - main - INFO - Loaded chunk with 10,000 rows
2025-08-28 21:48:10,782 - main - INFO - Appended 10,000 rows to table exchange_rate
2025-08-28 21:48:10,790 - main - INFO - Processing chunk 9/24: rows 80,000 to 90,000
2025-08-28 21:48:10,888 - main - INFO - Loaded chunk with 10,000 rows
2025-08-28 21:48:11,061 - main - INFO - Appended 10,000 rows to table exchange_rate
2025-08-28 21:48:11,070 - main - INFO - Processing chunk 10/24: rows 90,000 to 100,000
2025-08-28 21:48:11,169 - main - INFO - Loaded chunk with 10,000 rows
2025-08-28 21:48:11,341 - main - INFO - Appended 10,000 rows to table exchange_rate
2025-08-28 21:48:11,352 - main - INFO - Processing chunk 11/24: rows 100,000 to 110,000
2025-08-28 21:48:11,451 - main - INFO - Loaded chunk with 10,000 rows
2025-08-28 21:48:11,617 - main - INFO - Appended 10,000 rows to table exchange_rate
2025-08-28 21:48:11,627 - main - INFO - Processing chunk 12/24: rows 110,000 to 120,000
2025-08-28 21:48:11,726 - main - INFO - Loaded chunk with 10,000 rows
2025-08-28 21:48:11,903 - main - INFO - Appended 10,000 rows to table exchange_rate
2025-08-28 21:48:11,915 - main - INFO - Processing chunk 13/24: rows 120,000 to 130,000
2025-08-28 21:48:12,013 - main - INFO - Loaded chunk with 10,000 rows
2025-08-28 21:48:12,182 - main - INFO - Appended 10,000 rows to table exchange_rate
2025-08-28 21:48:12,192 - main - INFO - Processing chunk 14/24: rows 130,000 to 140,000
2025-08-28 21:48:12,290 - main - INFO - Loaded chunk with 10,000 rows
2025-08-28 21:48:12,448 - main - INFO - Appended 10,000 rows to table exchange_rate
2025-08-28 21:48:12,458 - main - INFO - Processing chunk 15/24: rows 140,000 to 150,000
2025-08-28 21:48:12,555 - main - INFO - Loaded chunk with 10,000 rows
2025-08-28 21:48:12,742 - main - INFO - Appended 10,000 rows to table exchange_rate
2025-08-28 21:48:12,753 - main - INFO - Processing chunk 16/24: rows 150,000 to 160,000
2025-08-28 21:48:12,851 - main - INFO - Loaded chunk with 10,000 rows
2025-08-28 21:48:13,013 - main - INFO - Appended 10,000 rows to table exchange_rate
2025-08-28 21:48:13,023 - main - INFO - Processing chunk 17/24: rows 160,000 to 170,000
2025-08-28 21:48:13,121 - main - INFO - Loaded chunk with 10,000 rows
2025-08-28 21:48:13,281 - main - INFO - Appended 10,000 rows to table exchange_rate
2025-08-28 21:48:13,291 - main - INFO - Processing chunk 18/24: rows 170,000 to 180,000
2025-08-28 21:48:13,391 - main - INFO - Loaded chunk with 10,000 rows
2025-08-28 21:48:13,563 - main - INFO - Appended 10,000 rows to table exchange_rate
2025-08-28 21:48:13,573 - main - INFO - Processing chunk 19/24: rows 180,000 to 190,000
2025-08-28 21:48:13,670 - main - INFO - Loaded chunk with 10,000 rows
2025-08-28 21:48:13,826 - main - INFO - Appended 10,000 rows to table exchange_rate
2025-08-28 21:48:13,835 - main - INFO - Processing chunk 20/24: rows 190,000 to 200,000
2025-08-28 21:48:13,932 - main - INFO - Loaded chunk with 10,000 rows
2025-08-28 21:48:14,085 - main - INFO - Appended 10,000 rows to table exchange_rate
2025-08-28 21:48:14,094 - main - INFO - Processing chunk 21/24: rows 200,000 to 210,000
2025-08-28 21:48:14,193 - main - INFO - Loaded chunk with 10,000 rows
2025-08-28 21:48:14,370 - main - INFO - Appended 10,000 rows to table exchange_rate
2025-08-28 21:48:14,382 - main - INFO - Processing chunk 22/24: rows 210,000 to 220,000
2025-08-28 21:48:14,481 - main - INFO - Loaded chunk with 10,000 rows
2025-08-28 21:48:14,639 - main - INFO - Appended 10,000 rows to table exchange_rate
2025-08-28 21:48:14,651 - main - INFO - Processing chunk 23/24: rows 220,000 to 230,000
2025-08-28 21:48:14,750 - main - INFO - Loaded chunk with 10,000 rows
2025-08-28 21:48:14,912 - main - INFO - Appended 10,000 rows to table exchange_rate
2025-08-28 21:48:14,921 - main - INFO - Processing chunk 24/24: rows 230,000 to 231,031
2025-08-28 21:48:15,018 - main - INFO - Loaded chunk with 1,031 rows
2025-08-28 21:48:15,047 - main - INFO - Appended 1,031 rows to table exchange_rate
2025-08-28 21:48:15,055 - main - INFO - Completed processing /tmp/exchange_rate.parquet: 231,031 total rows inserted
2025-08-28 21:48:15,075 - main - INFO - Cleaned up temporary file: /tmp/exchange_rate.parquet
2025-08-28 21:48:15,075 - main - INFO - Processing file 3/18: stock_dividend_events.parquet
2025-08-28 21:48:15,075 - main - INFO - Downloading stock_dividend_events.parquet from https://huggingface.co/datasets/bwzheng2010/yahoo-finance-data/resolve/main/data/stock_dividend_events.parquet
2025-08-28 21:48:15,766 - main - INFO - Successfully downloaded stock_dividend_events.parquet (0.51 MB)
2025-08-28 21:48:15,766 - main - INFO - Processing table: stock_dividend_events
2025-08-28 21:48:15,767 - main - INFO - Processing large parquet file: /tmp/stock_dividend_events.parquet
2025-08-28 21:48:15,767 - main - INFO - File size: 0.51 MB
2025-08-28 21:48:15,829 - main - INFO - Total rows: 260,553, Total columns: 3
2025-08-28 21:48:15,829 - main - INFO - Using default chunk size: 10000
2025-08-28 21:48:15,829 - main - INFO - Will process in 27 chunks of ~10000 rows each
2025-08-28 21:48:15,829 - main - INFO - Processing chunk 1/27: rows 0 to 10,000
2025-08-28 21:48:15,866 - main - INFO - Loaded chunk with 10,000 rows
2025-08-28 21:48:16,007 - main - INFO - Created table stock_dividend_events with 10,000 rows
2025-08-28 21:48:16,011 - main - INFO - Processing chunk 2/27: rows 10,000 to 20,000
2025-08-28 21:48:16,048 - main - INFO - Loaded chunk with 10,000 rows
2025-08-28 21:48:16,142 - main - INFO - Appended 10,000 rows to table stock_dividend_events
2025-08-28 21:48:16,146 - main - INFO - Processing chunk 3/27: rows 20,000 to 30,000
2025-08-28 21:48:16,183 - main - INFO - Loaded chunk with 10,000 rows
2025-08-28 21:48:16,283 - main - INFO - Appended 10,000 rows to table stock_dividend_events
2025-08-28 21:48:16,286 - main - INFO - Processing chunk 4/27: rows 30,000 to 40,000
2025-08-28 21:48:16,323 - main - INFO - Loaded chunk with 10,000 rows
2025-08-28 21:48:16,409 - main - INFO - Appended 10,000 rows to table stock_dividend_events
2025-08-28 21:48:16,413 - main - INFO - Processing chunk 5/27: rows 40,000 to 50,000
2025-08-28 21:48:16,449 - main - INFO - Loaded chunk with 10,000 rows
2025-08-28 21:48:16,558 - main - INFO - Appended 10,000 rows to table stock_dividend_events
2025-08-28 21:48:16,562 - main - INFO - Processing chunk 6/27: rows 50,000 to 60,000
2025-08-28 21:48:16,598 - main - INFO - Loaded chunk with 10,000 rows
2025-08-28 21:48:16,692 - main - INFO - Appended 10,000 rows to table stock_dividend_events
2025-08-28 21:48:16,696 - main - INFO - Processing chunk 7/27: rows 60,000 to 70,000
2025-08-28 21:48:16,732 - main - INFO - Loaded chunk with 10,000 rows
2025-08-28 21:48:16,830 - main - INFO - Appended 10,000 rows to table stock_dividend_events
2025-08-28 21:48:16,834 - main - INFO - Processing chunk 8/27: rows 70,000 to 80,000
2025-08-28 21:48:16,873 - main - INFO - Loaded chunk with 10,000 rows
2025-08-28 21:48:16,975 - main - INFO - Appended 10,000 rows to table stock_dividend_events
2025-08-28 21:48:16,979 - main - INFO - Processing chunk 9/27: rows 80,000 to 90,000
2025-08-28 21:48:17,014 - main - INFO - Loaded chunk with 10,000 rows
2025-08-28 21:48:17,104 - main - INFO - Appended 10,000 rows to table stock_dividend_events
2025-08-28 21:48:17,107 - main - INFO - Processing chunk 10/27: rows 90,000 to 100,000
2025-08-28 21:48:17,144 - main - INFO - Loaded chunk with 10,000 rows
2025-08-28 21:48:17,251 - main - INFO - Appended 10,000 rows to table stock_dividend_events
2025-08-28 21:48:17,255 - main - INFO - Processing chunk 11/27: rows 100,000 to 110,000
2025-08-28 21:48:17,292 - main - INFO - Loaded chunk with 10,000 rows
2025-08-28 21:48:17,397 - main - INFO - Appended 10,000 rows to table stock_dividend_events
2025-08-28 21:48:17,401 - main - INFO - Processing chunk 12/27: rows 110,000 to 120,000
2025-08-28 21:48:17,436 - main - INFO - Loaded chunk with 10,000 rows
2025-08-28 21:48:17,529 - main - INFO - Appended 10,000 rows to table stock_dividend_events
2025-08-28 21:48:17,534 - main - INFO - Processing chunk 13/27: rows 120,000 to 130,000
2025-08-28 21:48:17,570 - main - INFO - Loaded chunk with 10,000 rows
2025-08-28 21:48:17,669 - main - INFO - Appended 10,000 rows to table stock_dividend_events
2025-08-28 21:48:17,673 - main - INFO - Processing chunk 14/27: rows 130,000 to 140,000
2025-08-28 21:48:17,708 - main - INFO - Loaded chunk with 10,000 rows
2025-08-28 21:48:17,819 - main - INFO - Appended 10,000 rows to table stock_dividend_events
2025-08-28 21:48:17,823 - main - INFO - Processing chunk 15/27: rows 140,000 to 150,000
2025-08-28 21:48:17,859 - main - INFO - Loaded chunk with 10,000 rows
2025-08-28 21:48:17,955 - main - INFO - Appended 10,000 rows to table stock_dividend_events
2025-08-28 21:48:17,959 - main - INFO - Processing chunk 16/27: rows 150,000 to 160,000
2025-08-28 21:48:17,995 - main - INFO - Loaded chunk with 10,000 rows
2025-08-28 21:48:18,095 - main - INFO - Appended 10,000 rows to table stock_dividend_events
2025-08-28 21:48:18,099 - main - INFO - Processing chunk 17/27: rows 160,000 to 170,000
2025-08-28 21:48:18,135 - main - INFO - Loaded chunk with 10,000 rows
2025-08-28 21:48:18,251 - main - INFO - Appended 10,000 rows to table stock_dividend_events
2025-08-28 21:48:18,254 - main - INFO - Processing chunk 18/27: rows 170,000 to 180,000
2025-08-28 21:48:18,291 - main - INFO - Loaded chunk with 10,000 rows
2025-08-28 21:48:18,527 - main - INFO - Appended 10,000 rows to table stock_dividend_events
2025-08-28 21:48:18,540 - main - INFO - Processing chunk 19/27: rows 180,000 to 190,000
2025-08-28 21:48:18,597 - main - INFO - Loaded chunk with 10,000 rows
2025-08-28 21:48:18,807 - main - INFO - Appended 10,000 rows to table stock_dividend_events
2025-08-28 21:48:18,816 - main - INFO - Processing chunk 20/27: rows 190,000 to 200,000
2025-08-28 21:48:18,913 - main - INFO - Loaded chunk with 10,000 rows
2025-08-28 21:48:19,071 - main - INFO - Appended 10,000 rows to table stock_dividend_events
2025-08-28 21:48:19,074 - main - INFO - Processing chunk 21/27: rows 200,000 to 210,000
2025-08-28 21:48:19,110 - main - INFO - Loaded chunk with 10,000 rows
2025-08-28 21:48:19,208 - main - INFO - Appended 10,000 rows to table stock_dividend_events
2025-08-28 21:48:19,211 - main - INFO - Processing chunk 22/27: rows 210,000 to 220,000
2025-08-28 21:48:19,247 - main - INFO - Loaded chunk with 10,000 rows
2025-08-28 21:48:19,370 - main - INFO - Appended 10,000 rows to table stock_dividend_events
2025-08-28 21:48:19,374 - main - INFO - Processing chunk 23/27: rows 220,000 to 230,000
2025-08-28 21:48:19,415 - main - INFO - Loaded chunk with 10,000 rows
2025-08-28 21:48:19,541 - main - INFO - Appended 10,000 rows to table stock_dividend_events
2025-08-28 21:48:19,546 - main - INFO - Processing chunk 24/27: rows 230,000 to 240,000
2025-08-28 21:48:19,589 - main - INFO - Loaded chunk with 10,000 rows
2025-08-28 21:48:19,700 - main - INFO - Appended 10,000 rows to table stock_dividend_events
2025-08-28 21:48:19,704 - main - INFO - Processing chunk 25/27: rows 240,000 to 250,000
2025-08-28 21:48:19,739 - main - INFO - Loaded chunk with 10,000 rows
2025-08-28 21:48:19,834 - main - INFO - Appended 10,000 rows to table stock_dividend_events
2025-08-28 21:48:19,837 - main - INFO - Processing chunk 26/27: rows 250,000 to 260,000
2025-08-28 21:48:19,874 - main - INFO - Loaded chunk with 10,000 rows
2025-08-28 21:48:19,992 - main - INFO - Appended 10,000 rows to table stock_dividend_events
2025-08-28 21:48:19,994 - main - INFO - Processing chunk 27/27: rows 260,000 to 260,553
2025-08-28 21:48:20,030 - main - INFO - Loaded chunk with 553 rows
2025-08-28 21:48:20,040 - main - INFO - Appended 553 rows to table stock_dividend_events
2025-08-28 21:48:20,043 - main - INFO - Completed processing /tmp/stock_dividend_events.parquet: 260,553 total rows inserted
2025-08-28 21:48:20,050 - main - INFO - Cleaned up temporary file: /tmp/stock_dividend_events.parquet
2025-08-28 21:48:20,050 - main - INFO - Processing file 4/18: stock_earning_calendar.parquet
2025-08-28 21:48:20,050 - main - INFO - Downloading stock_earning_calendar.parquet from https://huggingface.co/datasets/bwzheng2010/yahoo-finance-data/resolve/main/data/stock_earning_calendar.parquet
2025-08-28 21:48:20,692 - main - INFO - Successfully downloaded stock_earning_calendar.parquet (0.14 MB)
2025-08-28 21:48:20,692 - main - INFO - Processing table: stock_earning_calendar
2025-08-28 21:48:20,692 - main - INFO - Processing large parquet file: /tmp/stock_earning_calendar.parquet
2025-08-28 21:48:20,692 - main - INFO - File size: 0.14 MB
2025-08-28 21:48:20,702 - main - INFO - Total rows: 39,085, Total columns: 4
2025-08-28 21:48:20,702 - main - INFO - Using default chunk size: 10000
2025-08-28 21:48:20,702 - main - INFO - Will process in 4 chunks of ~10000 rows each
2025-08-28 21:48:20,703 - main - INFO - Processing chunk 1/4: rows 0 to 10,000
2025-08-28 21:48:20,710 - main - INFO - Loaded chunk with 10,000 rows
2025-08-28 21:48:20,862 - main - INFO - Created table stock_earning_calendar with 10,000 rows
2025-08-28 21:48:20,862 - main - INFO - Processing chunk 2/4: rows 10,000 to 20,000
2025-08-28 21:48:20,868 - main - INFO - Loaded chunk with 10,000 rows
2025-08-28 21:48:20,973 - main - INFO - Appended 10,000 rows to table stock_earning_calendar
2025-08-28 21:48:20,973 - main - INFO - Processing chunk 3/4: rows 20,000 to 30,000
2025-08-28 21:48:20,978 - main - INFO - Loaded chunk with 10,000 rows
2025-08-28 21:48:21,095 - main - INFO - Appended 10,000 rows to table stock_earning_calendar
2025-08-28 21:48:21,095 - main - INFO - Processing chunk 4/4: rows 30,000 to 39,085
2025-08-28 21:48:21,099 - main - INFO - Loaded chunk with 9,085 rows
2025-08-28 21:48:21,195 - main - INFO - Appended 9,085 rows to table stock_earning_calendar
2025-08-28 21:48:21,196 - main - INFO - Completed processing /tmp/stock_earning_calendar.parquet: 39,085 total rows inserted
2025-08-28 21:48:21,196 - main - INFO - Cleaned up temporary file: /tmp/stock_earning_calendar.parquet
2025-08-28 21:48:21,196 - main - INFO - Processing file 5/18: stock_earning_call_transcripts.parquet
2025-08-28 21:48:21,196 - main - INFO - Downloading stock_earning_call_transcripts.parquet from https://huggingface.co/datasets/bwzheng2010/yahoo-finance-data/resolve/main/data/stock_earning_call_transcripts.parquet
2025-08-28 21:51:56,504 - main - INFO - Successfully downloaded stock_earning_call_transcripts.parquet (1617.70 MB)
2025-08-28 21:51:56,505 - main - INFO - Processing table: stock_earning_call_transcripts
2025-08-28 21:51:56,505 - main - INFO - Processing large parquet file: /tmp/stock_earning_call_transcripts.parquet
2025-08-28 21:51:56,505 - main - INFO - File size: 1617.70 MB
2025-08-28 21:54:23,972 - main - INFO - Total rows: 170,178, Total columns: 6
2025-08-28 21:54:23,981 - main - INFO - Large file detected, using chunk size: 10000
2025-08-28 21:54:23,985 - main - INFO - Will process in 18 chunks of ~10000 rows each
2025-08-28 21:54:23,986 - main - INFO - Processing chunk 1/18: rows 0 to 10,000
2025-08-28 21:57:12,606 - main - INFO - Connecting to database: localhost:5432/yahoo
2025-08-28 21:57:12,637 - main - INFO - Database engine created successfully
2025-08-28 21:58:10,554 - main - INFO - 🚀 Starting chunked parquet loading process with parallel processing
2025-08-28 21:58:10,555 - main - INFO - Fetching parquet files list from HuggingFace API
2025-08-28 21:58:11,123 - main - INFO - Successfully fetched 18 files from API
2025-08-28 21:58:11,124 - main - INFO - Found 18 parquet files: ['daily_treasury_yield.parquet', 'exchange_rate.parquet', 'stock_dividend_events.parquet', 'stock_earning_calendar.parquet', 'stock_earning_call_transcripts.parquet', 'stock_earning_estimates.parquet', 'stock_historical_eps.parquet', 'stock_news.parquet', 'stock_officers.parquet', 'stock_prices.parquet', 'stock_profile.parquet', 'stock_revenue_breakdown.parquet', 'stock_revenue_estimates.parquet', 'stock_shares_outstanding.parquet', 'stock_split_events.parquet', 'stock_statement.parquet', 'stock_summary.parquet', 'stock_tailing_eps.parquet']
2025-08-28 21:58:11,126 - main - INFO - 📊 Processing 18 files with chunked download and parallel processing
2025-08-28 21:58:11,126 - main - INFO -  Processing file 1/18: daily_treasury_yield.parquet
2025-08-28 21:58:11,126 - main - INFO - 📥 Starting chunked download: daily_treasury_yield.parquet
2025-08-28 21:58:11,831 - main - INFO - 📊 File size: 0.13 MB
2025-08-28 21:58:12,666 - main - INFO - ✅ Download completed: 0.13 MB
2025-08-28 21:58:12,666 - main - INFO - 🔄 OVERALL PROGRESS: 166.7% | File: daily_treasury_yield.parquet | File Progress: 30.0%
2025-08-28 21:58:12,675 - main - INFO - ✅ Successfully downloaded daily_treasury_yield.parquet (0.13 MB)
2025-08-28 21:58:12,675 - main - INFO - ️ Processing table: daily_treasury_yield
2025-08-28 21:58:12,675 - main - INFO - 🔄 Starting parallel processing: daily_treasury_yield.parquet
2025-08-28 21:58:12,676 - main - INFO - 📊 File size: 0.13 MB
2025-08-28 21:58:12,780 - main - INFO -  Total rows: 8,918, Total columns: 12
2025-08-28 21:58:12,780 - main - INFO - 🔧 Using default chunk size: 10000
2025-08-28 21:58:12,780 - main - INFO - 🔧 Will process in 1 chunks of ~10000 rows each
2025-08-28 21:58:12,780 - main - INFO - 🚀 Starting parallel processing with 3 workers
2025-08-28 21:58:12,780 - main - INFO -  Processing chunk 1/1: rows 0 to 8,918
2025-08-28 21:58:12,791 - main - INFO - 📊 Loaded chunk with 8,918 rows
2025-08-28 21:58:13,295 - main - INFO - 🗄️ Created table daily_treasury_yield with 8,918 rows
2025-08-28 21:58:13,295 - main - INFO - 🔄 OVERALL PROGRESS: 555.6% | File: daily_treasury_yield.parquet | File Progress: 100.0%
2025-08-28 21:58:13,295 - main - INFO - ✅ Chunk 1/1 completed: 8,918 rows
2025-08-28 21:58:13,295 - main - INFO - ✅ Completed parallel processing: 8,918 total rows inserted
2025-08-28 21:58:13,296 - main - INFO - 🔄 OVERALL PROGRESS: 555.6% | File: daily_treasury_yield.parquet | File Progress: 100.0%
2025-08-28 21:58:13,297 - main - INFO - 🧹 Cleaned up temporary file: /tmp/daily_treasury_yield.parquet
2025-08-28 21:58:13,297 - main - INFO -  Processing file 2/18: exchange_rate.parquet
2025-08-28 21:58:13,297 - main - INFO - 📥 Starting chunked download: exchange_rate.parquet
2025-08-28 21:58:13,791 - main - INFO - 📊 File size: 1.76 MB
2025-08-28 21:58:14,685 - main - INFO -  Download progress: 56.9% (1.0 MB)
2025-08-28 21:58:14,685 - main - INFO - 🔄 OVERALL PROGRESS: 100.4% | File: exchange_rate.parquet | File Progress: 17.1%
2025-08-28 21:58:14,833 - main - INFO - ✅ Download completed: 1.76 MB
2025-08-28 21:58:14,833 - main - INFO - 🔄 OVERALL PROGRESS: 172.2% | File: exchange_rate.parquet | File Progress: 30.0%
2025-08-28 21:58:14,839 - main - INFO - ✅ Successfully downloaded exchange_rate.parquet (1.76 MB)
2025-08-28 21:58:14,840 - main - INFO - ️ Processing table: exchange_rate
2025-08-28 21:58:14,840 - main - INFO - 🔄 Starting parallel processing: exchange_rate.parquet
2025-08-28 21:58:14,840 - main - INFO - 📊 File size: 1.76 MB
2025-08-28 21:58:14,968 - main - INFO -  Total rows: 231,031, Total columns: 6
2025-08-28 21:58:14,968 - main - INFO - 🔧 Using default chunk size: 10000
2025-08-28 21:58:14,968 - main - INFO - 🔧 Will process in 24 chunks of ~10000 rows each
2025-08-28 21:58:14,968 - main - INFO - 🚀 Starting parallel processing with 3 workers
2025-08-28 21:58:14,968 - main - INFO -  Processing chunk 1/24: rows 0 to 10,000
2025-08-28 21:58:14,968 - main - INFO -  Processing chunk 2/24: rows 10,000 to 20,000
2025-08-28 21:58:14,968 - main - INFO -  Processing chunk 3/24: rows 20,000 to 30,000
2025-08-28 21:58:15,075 - main - INFO - 📊 Loaded chunk with 10,000 rows
2025-08-28 21:58:15,224 - main - INFO - 📊 Loaded chunk with 10,000 rows
2025-08-28 21:58:15,270 - main - INFO - 📊 Loaded chunk with 10,000 rows
2025-08-28 21:58:15,446 - main - INFO - ➕ Appended 10,000 rows to table exchange_rate
2025-08-28 21:58:15,446 - main - INFO - 🔄 OVERALL PROGRESS: 220.8% | File: exchange_rate.parquet | File Progress: 38.8%
2025-08-28 21:58:15,460 - main - INFO -  Processing chunk 4/24: rows 30,000 to 40,000
2025-08-28 21:58:15,461 - main - INFO - ✅ Chunk 3/24 completed: 10,000 rows
2025-08-28 21:58:15,461 - main - ERROR - ❌ Error processing chunk 1: (psycopg2.errors.UniqueViolation) duplicate key value violates unique constraint "pg_type_typname_nsp_index"
DETAIL:  Key (typname, typnamespace)=(exchange_rate, 2200) already exists.

[SQL: 
CREATE TABLE exchange_rate (
	symbol TEXT, 
	report_date TEXT, 
	open TEXT, 
	close TEXT, 
	high TEXT, 
	low TEXT
)

]
(Background on this error at: https://sqlalche.me/e/20/gkpj)
2025-08-28 21:58:15,461 - main - ERROR - ❌ Error processing chunk 2: (psycopg2.errors.UniqueViolation) duplicate key value violates unique constraint "pg_type_typname_nsp_index"
DETAIL:  Key (typname, typnamespace)=(exchange_rate, 2200) already exists.

[SQL: 
CREATE TABLE exchange_rate (
	symbol TEXT, 
	report_date TEXT, 
	open TEXT, 
	close TEXT, 
	high TEXT, 
	low TEXT
)

]
(Background on this error at: https://sqlalche.me/e/20/gkpj)
2025-08-28 21:58:15,461 - main - INFO -  Processing chunk 5/24: rows 40,000 to 50,000
2025-08-28 21:58:15,461 - main - ERROR - ❌ Chunk 1/24 failed: (psycopg2.errors.UniqueViolation) duplicate key value violates unique constraint "pg_type_typname_nsp_index"
DETAIL:  Key (typname, typnamespace)=(exchange_rate, 2200) already exists.

[SQL: 
CREATE TABLE exchange_rate (
	symbol TEXT, 
	report_date TEXT, 
	open TEXT, 
	close TEXT, 
	high TEXT, 
	low TEXT
)

]
(Background on this error at: https://sqlalche.me/e/20/gkpj)
2025-08-28 21:58:15,461 - main - INFO -  Processing chunk 6/24: rows 50,000 to 60,000
2025-08-28 21:58:15,461 - main - ERROR - ❌ Chunk 2/24 failed: (psycopg2.errors.UniqueViolation) duplicate key value violates unique constraint "pg_type_typname_nsp_index"
DETAIL:  Key (typname, typnamespace)=(exchange_rate, 2200) already exists.

[SQL: 
CREATE TABLE exchange_rate (
	symbol TEXT, 
	report_date TEXT, 
	open TEXT, 
	close TEXT, 
	high TEXT, 
	low TEXT
)

]
(Background on this error at: https://sqlalche.me/e/20/gkpj)
2025-08-28 21:58:15,671 - main - INFO - 📊 Loaded chunk with 10,000 rows
2025-08-28 21:58:15,768 - main - INFO - 📊 Loaded chunk with 10,000 rows
2025-08-28 21:58:15,768 - main - INFO - 📊 Loaded chunk with 10,000 rows
2025-08-28 21:58:15,993 - main - INFO - ➕ Appended 10,000 rows to table exchange_rate
2025-08-28 21:58:15,999 - main - INFO - 🔄 OVERALL PROGRESS: 253.2% | File: exchange_rate.parquet | File Progress: 44.6%
2025-08-28 21:58:16,011 - main - INFO - ➕ Appended 10,000 rows to table exchange_rate
2025-08-28 21:58:16,013 - main - INFO -  Processing chunk 7/24: rows 60,000 to 70,000
2025-08-28 21:58:16,013 - main - INFO - ✅ Chunk 5/24 completed: 10,000 rows
2025-08-28 21:58:16,013 - main - INFO - 🔄 OVERALL PROGRESS: 237.0% | File: exchange_rate.parquet | File Progress: 41.7%
2025-08-28 21:58:16,013 - main - INFO - ➕ Appended 10,000 rows to table exchange_rate
2025-08-28 21:58:16,025 - main - INFO -  Processing chunk 8/24: rows 70,000 to 80,000
2025-08-28 21:58:16,025 - main - INFO - ✅ Chunk 4/24 completed: 10,000 rows
2025-08-28 21:58:16,025 - main - INFO - 🔄 OVERALL PROGRESS: 269.4% | File: exchange_rate.parquet | File Progress: 47.5%
2025-08-28 21:58:16,038 - main - INFO -  Processing chunk 9/24: rows 80,000 to 90,000
2025-08-28 21:58:16,038 - main - INFO - ✅ Chunk 6/24 completed: 10,000 rows
2025-08-28 21:58:16,241 - main - INFO - 📊 Loaded chunk with 10,000 rows
2025-08-28 21:58:16,241 - main - INFO - 📊 Loaded chunk with 10,000 rows
2025-08-28 21:58:16,402 - main - INFO - 📊 Loaded chunk with 10,000 rows
2025-08-28 21:58:16,551 - main - INFO - ➕ Appended 10,000 rows to table exchange_rate
2025-08-28 21:58:16,551 - main - INFO - 🔄 OVERALL PROGRESS: 285.6% | File: exchange_rate.parquet | File Progress: 50.4%
2025-08-28 21:58:16,559 - main - INFO - ➕ Appended 10,000 rows to table exchange_rate
2025-08-28 21:58:16,559 - main - INFO -  Processing chunk 10/24: rows 90,000 to 100,000
2025-08-28 21:58:16,561 - main - INFO - ✅ Chunk 7/24 completed: 10,000 rows
2025-08-28 21:58:16,561 - main - INFO - 🔄 OVERALL PROGRESS: 301.9% | File: exchange_rate.parquet | File Progress: 53.3%
2025-08-28 21:58:16,568 - main - INFO - ➕ Appended 10,000 rows to table exchange_rate
2025-08-28 21:58:16,569 - main - INFO -  Processing chunk 11/24: rows 100,000 to 110,000
2025-08-28 21:58:16,569 - main - INFO - 🔄 OVERALL PROGRESS: 318.1% | File: exchange_rate.parquet | File Progress: 56.2%
2025-08-28 21:58:16,569 - main - INFO - ✅ Chunk 8/24 completed: 10,000 rows
2025-08-28 21:58:16,580 - main - INFO -  Processing chunk 12/24: rows 110,000 to 120,000
2025-08-28 21:58:16,580 - main - INFO - ✅ Chunk 9/24 completed: 10,000 rows
2025-08-28 21:58:16,783 - main - INFO - 📊 Loaded chunk with 10,000 rows
2025-08-28 21:58:16,783 - main - INFO - 📊 Loaded chunk with 10,000 rows
2025-08-28 21:58:16,934 - main - INFO - 📊 Loaded chunk with 10,000 rows
2025-08-28 21:58:17,079 - main - INFO - ➕ Appended 10,000 rows to table exchange_rate
2025-08-28 21:58:17,079 - main - INFO - ➕ Appended 10,000 rows to table exchange_rate
2025-08-28 21:58:17,079 - main - INFO - 🔄 OVERALL PROGRESS: 334.3% | File: exchange_rate.parquet | File Progress: 59.2%
2025-08-28 21:58:17,091 - main - INFO -  Processing chunk 13/24: rows 120,000 to 130,000
2025-08-28 21:58:17,091 - main - INFO - 🔄 OVERALL PROGRESS: 350.5% | File: exchange_rate.parquet | File Progress: 62.1%
2025-08-28 21:58:17,091 - main - INFO - ✅ Chunk 10/24 completed: 10,000 rows
2025-08-28 21:58:17,101 - main - INFO -  Processing chunk 14/24: rows 130,000 to 140,000
2025-08-28 21:58:17,105 - main - INFO - ✅ Chunk 11/24 completed: 10,000 rows
2025-08-28 21:58:17,210 - main - INFO - ➕ Appended 10,000 rows to table exchange_rate
2025-08-28 21:58:17,280 - main - INFO - 🔄 OVERALL PROGRESS: 366.7% | File: exchange_rate.parquet | File Progress: 65.0%
2025-08-28 21:58:17,307 - main - INFO - 📊 Loaded chunk with 10,000 rows
2025-08-28 21:58:17,317 - main - INFO -  Processing chunk 15/24: rows 140,000 to 150,000
2025-08-28 21:58:17,317 - main - INFO - ✅ Chunk 12/24 completed: 10,000 rows
2025-08-28 21:58:17,317 - main - INFO - 📊 Loaded chunk with 10,000 rows
2025-08-28 21:58:17,506 - main - INFO - 📊 Loaded chunk with 10,000 rows
2025-08-28 21:58:17,610 - main - INFO - ➕ Appended 10,000 rows to table exchange_rate
2025-08-28 21:58:17,610 - main - INFO - 🔄 OVERALL PROGRESS: 382.9% | File: exchange_rate.parquet | File Progress: 67.9%
2025-08-28 21:58:17,618 - main - INFO - ➕ Appended 10,000 rows to table exchange_rate
2025-08-28 21:58:17,618 - main - INFO -  Processing chunk 16/24: rows 150,000 to 160,000
2025-08-28 21:58:17,623 - main - INFO - ✅ Chunk 13/24 completed: 10,000 rows
2025-08-28 21:58:17,623 - main - INFO - 🔄 OVERALL PROGRESS: 399.1% | File: exchange_rate.parquet | File Progress: 70.8%
2025-08-28 21:58:17,633 - main - INFO -  Processing chunk 17/24: rows 160,000 to 170,000
2025-08-28 21:58:17,638 - main - INFO - ✅ Chunk 14/24 completed: 10,000 rows
2025-08-28 21:58:17,841 - main - INFO - 📊 Loaded chunk with 10,000 rows
2025-08-28 21:58:17,845 - main - INFO - 📊 Loaded chunk with 10,000 rows
2025-08-28 21:58:17,913 - main - INFO - ➕ Appended 10,000 rows to table exchange_rate
2025-08-28 21:58:17,913 - main - INFO - 🔄 OVERALL PROGRESS: 415.3% | File: exchange_rate.parquet | File Progress: 73.8%
2025-08-28 21:58:17,922 - main - INFO -  Processing chunk 18/24: rows 170,000 to 180,000
2025-08-28 21:58:17,927 - main - INFO - ✅ Chunk 15/24 completed: 10,000 rows
2025-08-28 21:58:18,047 - main - INFO - 📊 Loaded chunk with 10,000 rows
2025-08-28 21:58:18,150 - main - INFO - ➕ Appended 10,000 rows to table exchange_rate
2025-08-28 21:58:18,156 - main - INFO - 🔄 OVERALL PROGRESS: 431.5% | File: exchange_rate.parquet | File Progress: 76.7%
2025-08-28 21:58:18,167 - main - INFO -  Processing chunk 19/24: rows 180,000 to 190,000
2025-08-28 21:58:18,167 - main - INFO - ➕ Appended 10,000 rows to table exchange_rate
2025-08-28 21:58:18,168 - main - INFO - ✅ Chunk 16/24 completed: 10,000 rows
2025-08-28 21:58:18,168 - main - INFO - 🔄 OVERALL PROGRESS: 447.7% | File: exchange_rate.parquet | File Progress: 79.6%
2025-08-28 21:58:18,178 - main - INFO -  Processing chunk 20/24: rows 190,000 to 200,000
2025-08-28 21:58:18,183 - main - INFO - ✅ Chunk 17/24 completed: 10,000 rows
2025-08-28 21:58:18,292 - main - INFO - 📊 Loaded chunk with 10,000 rows
2025-08-28 21:58:18,293 - main - INFO - ➕ Appended 10,000 rows to table exchange_rate
2025-08-28 21:58:18,389 - main - INFO - 🔄 OVERALL PROGRESS: 463.9% | File: exchange_rate.parquet | File Progress: 82.5%
2025-08-28 21:58:18,410 - main - INFO -  Processing chunk 21/24: rows 200,000 to 210,000
2025-08-28 21:58:18,419 - main - INFO - ✅ Chunk 18/24 completed: 10,000 rows
2025-08-28 21:58:18,419 - main - INFO - 📊 Loaded chunk with 10,000 rows
2025-08-28 21:58:18,581 - main - INFO - 📊 Loaded chunk with 10,000 rows
2025-08-28 21:58:18,693 - main - INFO - ➕ Appended 10,000 rows to table exchange_rate
2025-08-28 21:58:18,693 - main - INFO - ➕ Appended 10,000 rows to table exchange_rate
2025-08-28 21:58:18,693 - main - INFO - 🔄 OVERALL PROGRESS: 480.1% | File: exchange_rate.parquet | File Progress: 85.4%
2025-08-28 21:58:18,705 - main - INFO -  Processing chunk 22/24: rows 210,000 to 220,000
2025-08-28 21:58:18,705 - main - INFO - 🔄 OVERALL PROGRESS: 496.3% | File: exchange_rate.parquet | File Progress: 88.3%
2025-08-28 21:58:18,705 - main - INFO - ✅ Chunk 19/24 completed: 10,000 rows
2025-08-28 21:58:18,718 - main - INFO -  Processing chunk 23/24: rows 220,000 to 230,000
2025-08-28 21:58:18,718 - main - INFO - ✅ Chunk 20/24 completed: 10,000 rows
2025-08-28 21:58:18,819 - main - INFO - 📊 Loaded chunk with 10,000 rows
2025-08-28 21:58:18,930 - main - INFO - ➕ Appended 10,000 rows to table exchange_rate
2025-08-28 21:58:18,930 - main - INFO - 📊 Loaded chunk with 10,000 rows
2025-08-28 21:58:18,937 - main - INFO - 🔄 OVERALL PROGRESS: 512.5% | File: exchange_rate.parquet | File Progress: 91.2%
2025-08-28 21:58:18,977 - main - INFO -  Processing chunk 24/24: rows 230,000 to 231,031
2025-08-28 21:58:18,982 - main - INFO - ✅ Chunk 21/24 completed: 10,000 rows
2025-08-28 21:58:19,113 - main - INFO - 📊 Loaded chunk with 1,031 rows
2025-08-28 21:58:19,163 - main - INFO - ➕ Appended 1,031 rows to table exchange_rate
2025-08-28 21:58:19,164 - main - INFO - 🔄 OVERALL PROGRESS: 561.1% | File: exchange_rate.parquet | File Progress: 100.0%
2025-08-28 21:58:19,184 - main - INFO - ✅ Chunk 24/24 completed: 1,031 rows
2025-08-28 21:58:19,214 - main - INFO - ➕ Appended 10,000 rows to table exchange_rate
2025-08-28 21:58:19,214 - main - INFO - 🔄 OVERALL PROGRESS: 528.7% | File: exchange_rate.parquet | File Progress: 94.2%
2025-08-28 21:58:19,223 - main - INFO - ✅ Chunk 22/24 completed: 10,000 rows
2025-08-28 21:58:19,223 - main - INFO - ➕ Appended 10,000 rows to table exchange_rate
2025-08-28 21:58:19,223 - main - INFO - 🔄 OVERALL PROGRESS: 544.9% | File: exchange_rate.parquet | File Progress: 97.1%
2025-08-28 21:58:19,234 - main - INFO - ✅ Chunk 23/24 completed: 10,000 rows
2025-08-28 21:58:19,235 - main - INFO - ✅ Completed parallel processing: 211,031 total rows inserted
2025-08-28 21:58:19,235 - main - INFO - 🔄 OVERALL PROGRESS: 561.1% | File: exchange_rate.parquet | File Progress: 100.0%
2025-08-28 21:58:19,247 - main - INFO - 🧹 Cleaned up temporary file: /tmp/exchange_rate.parquet
2025-08-28 21:58:19,247 - main - INFO -  Processing file 3/18: stock_dividend_events.parquet
2025-08-28 21:58:19,247 - main - INFO - 📥 Starting chunked download: stock_dividend_events.parquet
2025-08-28 21:58:20,049 - main - INFO - 📊 File size: 0.51 MB
2025-08-28 21:58:20,915 - main - INFO - ✅ Download completed: 0.51 MB
2025-08-28 21:58:20,915 - main - INFO - 🔄 OVERALL PROGRESS: 177.8% | File: stock_dividend_events.parquet | File Progress: 30.0%
2025-08-28 21:58:20,922 - main - INFO - ✅ Successfully downloaded stock_dividend_events.parquet (0.51 MB)
2025-08-28 21:58:20,923 - main - INFO - ️ Processing table: stock_dividend_events
2025-08-28 21:58:20,923 - main - INFO - 🔄 Starting parallel processing: stock_dividend_events.parquet
2025-08-28 21:58:20,923 - main - INFO - 📊 File size: 0.51 MB
2025-08-28 21:58:20,979 - main - INFO -  Total rows: 260,553, Total columns: 3
2025-08-28 21:58:20,979 - main - INFO - 🔧 Using default chunk size: 10000
2025-08-28 21:58:20,979 - main - INFO - 🔧 Will process in 27 chunks of ~10000 rows each
2025-08-28 21:58:20,979 - main - INFO - 🚀 Starting parallel processing with 3 workers
2025-08-28 21:58:20,979 - main - INFO -  Processing chunk 1/27: rows 0 to 10,000
2025-08-28 21:58:20,979 - main - INFO -  Processing chunk 2/27: rows 10,000 to 20,000
2025-08-28 21:58:20,980 - main - INFO -  Processing chunk 3/27: rows 20,000 to 30,000
2025-08-28 21:58:21,050 - main - INFO - 📊 Loaded chunk with 10,000 rows
2025-08-28 21:58:21,083 - main - INFO - 📊 Loaded chunk with 10,000 rows
2025-08-28 21:58:21,085 - main - INFO - 📊 Loaded chunk with 10,000 rows
2025-08-28 21:58:21,206 - main - INFO - ➕ Appended 10,000 rows to table stock_dividend_events
2025-08-28 21:58:21,206 - main - INFO - 🔄 OVERALL PROGRESS: 206.6% | File: stock_dividend_events.parquet | File Progress: 35.2%
2025-08-28 21:58:21,211 - main - INFO -  Processing chunk 4/27: rows 30,000 to 40,000
2025-08-28 21:58:21,212 - main - INFO - ✅ Chunk 2/27 completed: 10,000 rows
2025-08-28 21:58:21,212 - main - ERROR - ❌ Error processing chunk 3: (psycopg2.errors.UniqueViolation) duplicate key value violates unique constraint "pg_type_typname_nsp_index"
DETAIL:  Key (typname, typnamespace)=(stock_dividend_events, 2200) already exists.

[SQL: 
CREATE TABLE stock_dividend_events (
	symbol TEXT, 
	report_date TEXT, 
	amount TEXT
)

]
(Background on this error at: https://sqlalche.me/e/20/gkpj)
2025-08-28 21:58:21,212 - main - ERROR - ❌ Error processing chunk 1: (psycopg2.errors.UniqueViolation) duplicate key value violates unique constraint "pg_type_typname_nsp_index"
DETAIL:  Key (typname, typnamespace)=(stock_dividend_events, 2200) already exists.

[SQL: 
CREATE TABLE stock_dividend_events (
	symbol TEXT, 
	report_date TEXT, 
	amount TEXT
)

]
(Background on this error at: https://sqlalche.me/e/20/gkpj)
2025-08-28 21:58:21,212 - main - INFO -  Processing chunk 5/27: rows 40,000 to 50,000
2025-08-28 21:58:21,212 - main - INFO -  Processing chunk 6/27: rows 50,000 to 60,000
2025-08-28 21:58:21,212 - main - ERROR - ❌ Chunk 3/27 failed: (psycopg2.errors.UniqueViolation) duplicate key value violates unique constraint "pg_type_typname_nsp_index"
DETAIL:  Key (typname, typnamespace)=(stock_dividend_events, 2200) already exists.

[SQL: 
CREATE TABLE stock_dividend_events (
	symbol TEXT, 
	report_date TEXT, 
	amount TEXT
)

]
(Background on this error at: https://sqlalche.me/e/20/gkpj)
2025-08-28 21:58:21,213 - main - ERROR - ❌ Chunk 1/27 failed: (psycopg2.errors.UniqueViolation) duplicate key value violates unique constraint "pg_type_typname_nsp_index"
DETAIL:  Key (typname, typnamespace)=(stock_dividend_events, 2200) already exists.

[SQL: 
CREATE TABLE stock_dividend_events (
	symbol TEXT, 
	report_date TEXT, 
	amount TEXT
)

]
(Background on this error at: https://sqlalche.me/e/20/gkpj)
2025-08-28 21:58:21,252 - main - INFO - 📊 Loaded chunk with 10,000 rows
2025-08-28 21:58:21,337 - main - INFO - 📊 Loaded chunk with 10,000 rows
2025-08-28 21:58:21,337 - main - INFO - 📊 Loaded chunk with 10,000 rows
2025-08-28 21:58:21,448 - main - INFO - ➕ Appended 10,000 rows to table stock_dividend_events
2025-08-28 21:58:21,448 - main - INFO - ➕ Appended 10,000 rows to table stock_dividend_events
2025-08-28 21:58:21,450 - main - INFO - 🔄 OVERALL PROGRESS: 249.8% | File: stock_dividend_events.parquet | File Progress: 43.0%
2025-08-28 21:58:21,454 - main - INFO -  Processing chunk 7/27: rows 60,000 to 70,000
2025-08-28 21:58:21,455 - main - INFO - 🔄 OVERALL PROGRESS: 235.4% | File: stock_dividend_events.parquet | File Progress: 40.4%
2025-08-28 21:58:21,456 - main - INFO - ✅ Chunk 5/27 completed: 10,000 rows
2025-08-28 21:58:21,460 - main - INFO -  Processing chunk 8/27: rows 70,000 to 80,000
2025-08-28 21:58:21,460 - main - INFO - ✅ Chunk 4/27 completed: 10,000 rows
2025-08-28 21:58:21,460 - main - INFO - ➕ Appended 10,000 rows to table stock_dividend_events
2025-08-28 21:58:21,461 - main - INFO - 🔄 OVERALL PROGRESS: 264.2% | File: stock_dividend_events.parquet | File Progress: 45.6%
2025-08-28 21:58:21,464 - main - INFO -  Processing chunk 9/27: rows 80,000 to 90,000
2025-08-28 21:58:21,465 - main - INFO - ✅ Chunk 6/27 completed: 10,000 rows
2025-08-28 21:58:21,501 - main - INFO - 📊 Loaded chunk with 10,000 rows
2025-08-28 21:58:21,547 - main - INFO - 📊 Loaded chunk with 10,000 rows
2025-08-28 21:58:21,580 - main - INFO - 📊 Loaded chunk with 10,000 rows
2025-08-28 21:58:21,682 - main - INFO - ➕ Appended 10,000 rows to table stock_dividend_events
2025-08-28 21:58:21,684 - main - INFO - 🔄 OVERALL PROGRESS: 307.4% | File: stock_dividend_events.parquet | File Progress: 53.3%
2025-08-28 21:58:21,688 - main - INFO -  Processing chunk 10/27: rows 90,000 to 100,000
2025-08-28 21:58:21,690 - main - INFO - ✅ Chunk 9/27 completed: 10,000 rows
2025-08-28 21:58:21,691 - main - INFO - ➕ Appended 10,000 rows to table stock_dividend_events
2025-08-28 21:58:21,691 - main - INFO - 🔄 OVERALL PROGRESS: 293.0% | File: stock_dividend_events.parquet | File Progress: 50.7%
2025-08-28 21:58:21,695 - main - INFO -  Processing chunk 11/27: rows 100,000 to 110,000
2025-08-28 21:58:21,695 - main - INFO - ✅ Chunk 8/27 completed: 10,000 rows
2025-08-28 21:58:21,703 - main - INFO - ➕ Appended 10,000 rows to table stock_dividend_events
2025-08-28 21:58:21,703 - main - INFO - 🔄 OVERALL PROGRESS: 278.6% | File: stock_dividend_events.parquet | File Progress: 48.1%
2025-08-28 21:58:21,708 - main - INFO -  Processing chunk 12/27: rows 110,000 to 120,000
2025-08-28 21:58:21,710 - main - INFO - ✅ Chunk 7/27 completed: 10,000 rows
2025-08-28 21:58:21,738 - main - INFO - 📊 Loaded chunk with 10,000 rows
2025-08-28 21:58:21,784 - main - INFO - 📊 Loaded chunk with 10,000 rows
2025-08-28 21:58:21,837 - main - INFO - 📊 Loaded chunk with 10,000 rows
2025-08-28 21:58:21,917 - main - INFO - ➕ Appended 10,000 rows to table stock_dividend_events
2025-08-28 21:58:21,920 - main - INFO - 🔄 OVERALL PROGRESS: 321.8% | File: stock_dividend_events.parquet | File Progress: 55.9%
2025-08-28 21:58:21,923 - main - INFO -  Processing chunk 13/27: rows 120,000 to 130,000
2025-08-28 21:58:21,923 - main - INFO - ➕ Appended 10,000 rows to table stock_dividend_events
2025-08-28 21:58:21,925 - main - INFO - ✅ Chunk 10/27 completed: 10,000 rows
2025-08-28 21:58:21,926 - main - INFO - 🔄 OVERALL PROGRESS: 336.2% | File: stock_dividend_events.parquet | File Progress: 58.5%
2025-08-28 21:58:21,929 - main - INFO -  Processing chunk 14/27: rows 130,000 to 140,000
2025-08-28 21:58:21,931 - main - INFO - ✅ Chunk 11/27 completed: 10,000 rows
2025-08-28 21:58:21,936 - main - INFO - ➕ Appended 10,000 rows to table stock_dividend_events
2025-08-28 21:58:21,936 - main - INFO - 🔄 OVERALL PROGRESS: 350.6% | File: stock_dividend_events.parquet | File Progress: 61.1%
2025-08-28 21:58:21,940 - main - INFO -  Processing chunk 15/27: rows 140,000 to 150,000
2025-08-28 21:58:21,968 - main - INFO - ✅ Chunk 12/27 completed: 10,000 rows
2025-08-28 21:58:21,971 - main - INFO - 📊 Loaded chunk with 10,000 rows
2025-08-28 21:58:22,009 - main - INFO - 📊 Loaded chunk with 10,000 rows
2025-08-28 21:58:22,071 - main - INFO - 📊 Loaded chunk with 10,000 rows
2025-08-28 21:58:22,164 - main - INFO - ➕ Appended 10,000 rows to table stock_dividend_events
2025-08-28 21:58:22,165 - main - INFO - 🔄 OVERALL PROGRESS: 365.0% | File: stock_dividend_events.parquet | File Progress: 63.7%
2025-08-28 21:58:22,168 - main - INFO -  Processing chunk 16/27: rows 150,000 to 160,000
2025-08-28 21:58:22,168 - main - INFO - ➕ Appended 10,000 rows to table stock_dividend_events
2025-08-28 21:58:22,170 - main - INFO - ✅ Chunk 13/27 completed: 10,000 rows
2025-08-28 21:58:22,171 - main - INFO - 🔄 OVERALL PROGRESS: 379.4% | File: stock_dividend_events.parquet | File Progress: 66.3%
2025-08-28 21:58:22,175 - main - INFO -  Processing chunk 17/27: rows 160,000 to 170,000
2025-08-28 21:58:22,175 - main - INFO - ✅ Chunk 14/27 completed: 10,000 rows
2025-08-28 21:58:22,184 - main - INFO - ➕ Appended 10,000 rows to table stock_dividend_events
2025-08-28 21:58:22,185 - main - INFO - 🔄 OVERALL PROGRESS: 393.8% | File: stock_dividend_events.parquet | File Progress: 68.9%
2025-08-28 21:58:22,217 - main - INFO - 📊 Loaded chunk with 10,000 rows
2025-08-28 21:58:22,222 - main - INFO -  Processing chunk 18/27: rows 170,000 to 180,000
2025-08-28 21:58:22,248 - main - INFO - ✅ Chunk 15/27 completed: 10,000 rows
2025-08-28 21:58:22,249 - main - INFO - 📊 Loaded chunk with 10,000 rows
2025-08-28 21:58:22,316 - main - INFO - 📊 Loaded chunk with 10,000 rows
2025-08-28 21:58:22,401 - main - INFO - ➕ Appended 10,000 rows to table stock_dividend_events
2025-08-28 21:58:22,403 - main - INFO - 🔄 OVERALL PROGRESS: 422.6% | File: stock_dividend_events.parquet | File Progress: 74.1%
2025-08-28 21:58:22,407 - main - INFO -  Processing chunk 19/27: rows 180,000 to 190,000
2025-08-28 21:58:22,409 - main - INFO - ✅ Chunk 17/27 completed: 10,000 rows
2025-08-28 21:58:22,411 - main - INFO - ➕ Appended 10,000 rows to table stock_dividend_events
2025-08-28 21:58:22,411 - main - INFO - 🔄 OVERALL PROGRESS: 408.2% | File: stock_dividend_events.parquet | File Progress: 71.5%
2025-08-28 21:58:22,414 - main - INFO -  Processing chunk 20/27: rows 190,000 to 200,000
2025-08-28 21:58:22,417 - main - INFO - ✅ Chunk 16/27 completed: 10,000 rows
2025-08-28 21:58:22,448 - main - INFO - 📊 Loaded chunk with 10,000 rows
2025-08-28 21:58:22,449 - main - INFO - ➕ Appended 10,000 rows to table stock_dividend_events
2025-08-28 21:58:22,451 - main - INFO - 🔄 OVERALL PROGRESS: 437.0% | File: stock_dividend_events.parquet | File Progress: 76.7%
2025-08-28 21:58:22,466 - main - INFO -  Processing chunk 21/27: rows 200,000 to 210,000
2025-08-28 21:58:22,473 - main - INFO - ✅ Chunk 18/27 completed: 10,000 rows
2025-08-28 21:58:22,504 - main - INFO - 📊 Loaded chunk with 10,000 rows
2025-08-28 21:58:22,561 - main - INFO - 📊 Loaded chunk with 10,000 rows
2025-08-28 21:58:22,628 - main - INFO - ➕ Appended 10,000 rows to table stock_dividend_events
2025-08-28 21:58:22,633 - main - INFO - 🔄 OVERALL PROGRESS: 451.4% | File: stock_dividend_events.parquet | File Progress: 79.3%
2025-08-28 21:58:22,638 - main - INFO -  Processing chunk 22/27: rows 210,000 to 220,000
2025-08-28 21:58:22,638 - main - INFO - ✅ Chunk 19/27 completed: 10,000 rows
2025-08-28 21:58:22,647 - main - INFO - ➕ Appended 10,000 rows to table stock_dividend_events
2025-08-28 21:58:22,647 - main - INFO - 🔄 OVERALL PROGRESS: 465.8% | File: stock_dividend_events.parquet | File Progress: 81.9%
2025-08-28 21:58:22,651 - main - INFO -  Processing chunk 23/27: rows 220,000 to 230,000
2025-08-28 21:58:22,654 - main - INFO - ✅ Chunk 20/27 completed: 10,000 rows
2025-08-28 21:58:22,685 - main - INFO - 📊 Loaded chunk with 10,000 rows
2025-08-28 21:58:22,685 - main - INFO - ➕ Appended 10,000 rows to table stock_dividend_events
2025-08-28 21:58:22,686 - main - INFO - 🔄 OVERALL PROGRESS: 480.2% | File: stock_dividend_events.parquet | File Progress: 84.4%
2025-08-28 21:58:22,689 - main - INFO -  Processing chunk 24/27: rows 230,000 to 240,000
2025-08-28 21:58:22,700 - main - INFO - ✅ Chunk 21/27 completed: 10,000 rows
2025-08-28 21:58:22,732 - main - INFO - 📊 Loaded chunk with 10,000 rows
2025-08-28 21:58:22,784 - main - INFO - 📊 Loaded chunk with 10,000 rows
2025-08-28 21:58:22,868 - main - INFO - ➕ Appended 10,000 rows to table stock_dividend_events
2025-08-28 21:58:22,873 - main - INFO - 🔄 OVERALL PROGRESS: 494.7% | File: stock_dividend_events.parquet | File Progress: 87.0%
2025-08-28 21:58:22,875 - main - INFO -  Processing chunk 25/27: rows 240,000 to 250,000
2025-08-28 21:58:22,876 - main - INFO - ✅ Chunk 22/27 completed: 10,000 rows
2025-08-28 21:58:22,879 - main - INFO - ➕ Appended 10,000 rows to table stock_dividend_events
2025-08-28 21:58:22,879 - main - INFO - 🔄 OVERALL PROGRESS: 509.1% | File: stock_dividend_events.parquet | File Progress: 89.6%
2025-08-28 21:58:22,882 - main - INFO -  Processing chunk 26/27: rows 250,000 to 260,000
2025-08-28 21:58:22,882 - main - INFO - ✅ Chunk 23/27 completed: 10,000 rows
2025-08-28 21:58:22,889 - main - INFO - ➕ Appended 10,000 rows to table stock_dividend_events
2025-08-28 21:58:22,890 - main - INFO - 🔄 OVERALL PROGRESS: 523.5% | File: stock_dividend_events.parquet | File Progress: 92.2%
2025-08-28 21:58:22,894 - main - INFO -  Processing chunk 27/27: rows 260,000 to 260,553
2025-08-28 21:58:22,897 - main - INFO - ✅ Chunk 24/27 completed: 10,000 rows
2025-08-28 21:58:22,925 - main - INFO - 📊 Loaded chunk with 10,000 rows
2025-08-28 21:58:22,956 - main - INFO - 📊 Loaded chunk with 10,000 rows
2025-08-28 21:58:23,024 - main - INFO - 📊 Loaded chunk with 553 rows
2025-08-28 21:58:23,033 - main - INFO - ➕ Appended 553 rows to table stock_dividend_events
2025-08-28 21:58:23,033 - main - INFO - 🔄 OVERALL PROGRESS: 566.7% | File: stock_dividend_events.parquet | File Progress: 100.0%
2025-08-28 21:58:23,039 - main - INFO - ✅ Chunk 27/27 completed: 553 rows
2025-08-28 21:58:23,078 - main - INFO - ➕ Appended 10,000 rows to table stock_dividend_events
2025-08-28 21:58:23,078 - main - INFO - 🔄 OVERALL PROGRESS: 537.9% | File: stock_dividend_events.parquet | File Progress: 94.8%
2025-08-28 21:58:23,081 - main - INFO - ✅ Chunk 25/27 completed: 10,000 rows
2025-08-28 21:58:23,082 - main - INFO - ➕ Appended 10,000 rows to table stock_dividend_events
2025-08-28 21:58:23,082 - main - INFO - 🔄 OVERALL PROGRESS: 552.3% | File: stock_dividend_events.parquet | File Progress: 97.4%
2025-08-28 21:58:23,085 - main - INFO - ✅ Chunk 26/27 completed: 10,000 rows
2025-08-28 21:58:23,085 - main - INFO - ✅ Completed parallel processing: 240,553 total rows inserted
2025-08-28 21:58:23,085 - main - INFO - 🔄 OVERALL PROGRESS: 566.7% | File: stock_dividend_events.parquet | File Progress: 100.0%
2025-08-28 21:58:23,088 - main - INFO - 🧹 Cleaned up temporary file: /tmp/stock_dividend_events.parquet
2025-08-28 21:58:23,088 - main - INFO -  Processing file 4/18: stock_earning_calendar.parquet
2025-08-28 21:58:23,088 - main - INFO - 📥 Starting chunked download: stock_earning_calendar.parquet
2025-08-28 21:58:23,710 - main - INFO - 📊 File size: 0.14 MB
2025-08-28 21:58:24,328 - main - INFO - ✅ Download completed: 0.14 MB
2025-08-28 21:58:24,328 - main - INFO - 🔄 OVERALL PROGRESS: 183.3% | File: stock_earning_calendar.parquet | File Progress: 30.0%
2025-08-28 21:58:24,337 - main - INFO - ✅ Successfully downloaded stock_earning_calendar.parquet (0.14 MB)
2025-08-28 21:58:24,337 - main - INFO - ️ Processing table: stock_earning_calendar
2025-08-28 21:58:24,337 - main - INFO - 🔄 Starting parallel processing: stock_earning_calendar.parquet
2025-08-28 21:58:24,337 - main - INFO - 📊 File size: 0.14 MB
2025-08-28 21:58:24,350 - main - INFO -  Total rows: 39,085, Total columns: 4
2025-08-28 21:58:24,350 - main - INFO - 🔧 Using default chunk size: 10000
2025-08-28 21:58:24,350 - main - INFO - 🔧 Will process in 4 chunks of ~10000 rows each
2025-08-28 21:58:24,350 - main - INFO - 🚀 Starting parallel processing with 3 workers
2025-08-28 21:58:24,350 - main - INFO -  Processing chunk 1/4: rows 0 to 10,000
2025-08-28 21:58:24,351 - main - INFO -  Processing chunk 2/4: rows 10,000 to 20,000
2025-08-28 21:58:24,351 - main - INFO -  Processing chunk 3/4: rows 20,000 to 30,000
2025-08-28 21:58:24,362 - main - INFO - 📊 Loaded chunk with 10,000 rows
2025-08-28 21:58:24,365 - main - INFO - 📊 Loaded chunk with 10,000 rows
2025-08-28 21:58:24,366 - main - INFO - 📊 Loaded chunk with 10,000 rows
2025-08-28 21:58:24,549 - main - INFO - 🗄️ Created table stock_earning_calendar with 10,000 rows
2025-08-28 21:58:24,549 - main - INFO - 🔄 OVERALL PROGRESS: 280.6% | File: stock_earning_calendar.parquet | File Progress: 47.5%
2025-08-28 21:58:24,549 - main - INFO -  Processing chunk 4/4: rows 30,000 to 39,085
2025-08-28 21:58:24,550 - main - INFO - ✅ Chunk 1/4 completed: 10,000 rows
2025-08-28 21:58:24,550 - main - ERROR - ❌ Error processing chunk 2: (psycopg2.errors.UniqueViolation) duplicate key value violates unique constraint "pg_type_typname_nsp_index"
DETAIL:  Key (typname, typnamespace)=(stock_earning_calendar, 2200) already exists.

[SQL: 
CREATE TABLE stock_earning_calendar (
	symbol TEXT, 
	report_date TEXT, 
	name TEXT, 
	fiscal_quarter_ending TEXT
)

]
(Background on this error at: https://sqlalche.me/e/20/gkpj)
2025-08-28 21:58:24,550 - main - ERROR - ❌ Error processing chunk 3: (psycopg2.errors.UniqueViolation) duplicate key value violates unique constraint "pg_type_typname_nsp_index"
DETAIL:  Key (typname, typnamespace)=(stock_earning_calendar, 2200) already exists.

[SQL: 
CREATE TABLE stock_earning_calendar (
	symbol TEXT, 
	report_date TEXT, 
	name TEXT, 
	fiscal_quarter_ending TEXT
)

]
(Background on this error at: https://sqlalche.me/e/20/gkpj)
2025-08-28 21:58:24,550 - main - ERROR - ❌ Chunk 2/4 failed: (psycopg2.errors.UniqueViolation) duplicate key value violates unique constraint "pg_type_typname_nsp_index"
DETAIL:  Key (typname, typnamespace)=(stock_earning_calendar, 2200) already exists.

[SQL: 
CREATE TABLE stock_earning_calendar (
	symbol TEXT, 
	report_date TEXT, 
	name TEXT, 
	fiscal_quarter_ending TEXT
)

]
(Background on this error at: https://sqlalche.me/e/20/gkpj)
2025-08-28 21:58:24,550 - main - ERROR - ❌ Chunk 3/4 failed: (psycopg2.errors.UniqueViolation) duplicate key value violates unique constraint "pg_type_typname_nsp_index"
DETAIL:  Key (typname, typnamespace)=(stock_earning_calendar, 2200) already exists.

[SQL: 
CREATE TABLE stock_earning_calendar (
	symbol TEXT, 
	report_date TEXT, 
	name TEXT, 
	fiscal_quarter_ending TEXT
)

]
(Background on this error at: https://sqlalche.me/e/20/gkpj)
2025-08-28 21:58:24,555 - main - INFO - 📊 Loaded chunk with 9,085 rows
2025-08-28 21:58:24,665 - main - INFO - ➕ Appended 9,085 rows to table stock_earning_calendar
2025-08-28 21:58:24,666 - main - INFO - 🔄 OVERALL PROGRESS: 572.2% | File: stock_earning_calendar.parquet | File Progress: 100.0%
2025-08-28 21:58:24,666 - main - INFO - ✅ Chunk 4/4 completed: 9,085 rows
2025-08-28 21:58:24,666 - main - INFO - ✅ Completed parallel processing: 19,085 total rows inserted
2025-08-28 21:58:24,666 - main - INFO - 🔄 OVERALL PROGRESS: 572.2% | File: stock_earning_calendar.parquet | File Progress: 100.0%
2025-08-28 21:58:24,667 - main - INFO - 🧹 Cleaned up temporary file: /tmp/stock_earning_calendar.parquet
2025-08-28 21:58:24,667 - main - INFO -  Processing file 5/18: stock_earning_call_transcripts.parquet
2025-08-28 21:58:24,667 - main - INFO - 📥 Starting chunked download: stock_earning_call_transcripts.parquet
2025-08-28 21:58:25,173 - main - INFO - 📊 File size: 1617.70 MB
2025-08-28 21:58:26,125 - main - INFO -  Download progress: 0.1% (1.0 MB)
2025-08-28 21:58:26,126 - main - INFO - 🔄 OVERALL PROGRESS: 22.3% | File: stock_earning_call_transcripts.parquet | File Progress: 0.0%
2025-08-28 21:58:26,313 - main - INFO -  Download progress: 0.1% (2.0 MB)
2025-08-28 21:58:26,314 - main - INFO - 🔄 OVERALL PROGRESS: 22.4% | File: stock_earning_call_transcripts.parquet | File Progress: 0.0%
2025-08-28 21:58:26,484 - main - INFO -  Download progress: 0.2% (3.0 MB)
2025-08-28 21:58:26,484 - main - INFO - 🔄 OVERALL PROGRESS: 22.5% | File: stock_earning_call_transcripts.parquet | File Progress: 0.1%
2025-08-28 21:58:26,752 - main - INFO -  Download progress: 0.2% (4.0 MB)
2025-08-28 21:58:26,753 - main - INFO - 🔄 OVERALL PROGRESS: 22.6% | File: stock_earning_call_transcripts.parquet | File Progress: 0.1%
2025-08-28 21:58:26,897 - main - INFO -  Download progress: 0.3% (5.0 MB)
2025-08-28 21:58:26,898 - main - INFO - 🔄 OVERALL PROGRESS: 22.7% | File: stock_earning_call_transcripts.parquet | File Progress: 0.1%
2025-08-28 21:58:27,060 - main - INFO -  Download progress: 0.4% (6.0 MB)
2025-08-28 21:58:27,060 - main - INFO - 🔄 OVERALL PROGRESS: 22.8% | File: stock_earning_call_transcripts.parquet | File Progress: 0.1%
2025-08-28 21:58:27,304 - main - INFO -  Download progress: 0.4% (7.0 MB)
2025-08-28 21:58:27,304 - main - INFO - 🔄 OVERALL PROGRESS: 22.9% | File: stock_earning_call_transcripts.parquet | File Progress: 0.1%
2025-08-28 21:58:27,471 - main - INFO -  Download progress: 0.5% (8.0 MB)
2025-08-28 21:58:27,471 - main - INFO - 🔄 OVERALL PROGRESS: 23.0% | File: stock_earning_call_transcripts.parquet | File Progress: 0.1%
2025-08-28 21:58:27,639 - main - INFO -  Download progress: 0.6% (9.0 MB)
2025-08-28 21:58:27,639 - main - INFO - 🔄 OVERALL PROGRESS: 23.1% | File: stock_earning_call_transcripts.parquet | File Progress: 0.2%
2025-08-28 21:58:27,912 - main - INFO -  Download progress: 0.6% (10.0 MB)
2025-08-28 21:58:27,913 - main - INFO - 🔄 OVERALL PROGRESS: 23.3% | File: stock_earning_call_transcripts.parquet | File Progress: 0.2%
2025-08-28 21:58:28,201 - main - INFO -  Download progress: 0.7% (11.0 MB)
2025-08-28 21:58:28,202 - main - INFO - 🔄 OVERALL PROGRESS: 23.4% | File: stock_earning_call_transcripts.parquet | File Progress: 0.2%
2025-08-28 21:58:28,271 - main - INFO -  Download progress: 0.7% (12.0 MB)
2025-08-28 21:58:28,271 - main - INFO - 🔄 OVERALL PROGRESS: 23.5% | File: stock_earning_call_transcripts.parquet | File Progress: 0.2%
2025-08-28 21:58:28,392 - main - INFO -  Download progress: 0.8% (13.0 MB)
2025-08-28 21:58:28,392 - main - INFO - 🔄 OVERALL PROGRESS: 23.6% | File: stock_earning_call_transcripts.parquet | File Progress: 0.2%
2025-08-28 21:58:28,604 - main - INFO -  Download progress: 0.9% (14.0 MB)
2025-08-28 21:58:28,604 - main - INFO - 🔄 OVERALL PROGRESS: 23.7% | File: stock_earning_call_transcripts.parquet | File Progress: 0.3%
2025-08-28 21:58:28,670 - main - INFO -  Download progress: 0.9% (15.0 MB)
2025-08-28 21:58:28,670 - main - INFO - 🔄 OVERALL PROGRESS: 23.8% | File: stock_earning_call_transcripts.parquet | File Progress: 0.3%
2025-08-28 21:58:28,786 - main - INFO -  Download progress: 1.0% (16.0 MB)
2025-08-28 21:58:28,787 - main - INFO - 🔄 OVERALL PROGRESS: 23.9% | File: stock_earning_call_transcripts.parquet | File Progress: 0.3%
2025-08-28 21:58:28,908 - main - INFO -  Download progress: 1.1% (17.0 MB)
2025-08-28 21:58:28,909 - main - INFO - 🔄 OVERALL PROGRESS: 24.0% | File: stock_earning_call_transcripts.parquet | File Progress: 0.3%
2025-08-28 21:58:29,028 - main - INFO -  Download progress: 1.1% (18.0 MB)
2025-08-28 21:58:29,028 - main - INFO - 🔄 OVERALL PROGRESS: 24.1% | File: stock_earning_call_transcripts.parquet | File Progress: 0.3%
2025-08-28 21:58:29,133 - main - INFO -  Download progress: 1.2% (19.0 MB)
2025-08-28 21:58:29,133 - main - INFO - 🔄 OVERALL PROGRESS: 24.2% | File: stock_earning_call_transcripts.parquet | File Progress: 0.4%
2025-08-28 21:58:29,235 - main - INFO -  Download progress: 1.2% (20.0 MB)
2025-08-28 21:58:29,235 - main - INFO - 🔄 OVERALL PROGRESS: 24.3% | File: stock_earning_call_transcripts.parquet | File Progress: 0.4%
2025-08-28 21:58:29,346 - main - INFO -  Download progress: 1.3% (21.0 MB)
2025-08-28 21:58:29,347 - main - INFO - 🔄 OVERALL PROGRESS: 24.4% | File: stock_earning_call_transcripts.parquet | File Progress: 0.4%
2025-08-28 21:58:29,463 - main - INFO -  Download progress: 1.4% (22.0 MB)
2025-08-28 21:58:29,463 - main - INFO - 🔄 OVERALL PROGRESS: 24.5% | File: stock_earning_call_transcripts.parquet | File Progress: 0.4%
2025-08-28 21:58:29,555 - main - INFO -  Download progress: 1.4% (23.0 MB)
2025-08-28 21:58:29,555 - main - INFO - 🔄 OVERALL PROGRESS: 24.6% | File: stock_earning_call_transcripts.parquet | File Progress: 0.4%
2025-08-28 21:58:29,655 - main - INFO -  Download progress: 1.5% (24.0 MB)
2025-08-28 21:58:29,655 - main - INFO - 🔄 OVERALL PROGRESS: 24.7% | File: stock_earning_call_transcripts.parquet | File Progress: 0.4%
2025-08-28 21:58:29,753 - main - INFO -  Download progress: 1.5% (25.0 MB)
2025-08-28 21:58:29,754 - main - INFO - 🔄 OVERALL PROGRESS: 24.8% | File: stock_earning_call_transcripts.parquet | File Progress: 0.5%
2025-08-28 21:58:29,852 - main - INFO -  Download progress: 1.6% (26.0 MB)
2025-08-28 21:58:29,852 - main - INFO - 🔄 OVERALL PROGRESS: 24.9% | File: stock_earning_call_transcripts.parquet | File Progress: 0.5%
2025-08-28 21:58:30,100 - main - INFO -  Download progress: 1.7% (27.0 MB)
2025-08-28 21:58:30,100 - main - INFO - 🔄 OVERALL PROGRESS: 25.0% | File: stock_earning_call_transcripts.parquet | File Progress: 0.5%
2025-08-28 21:58:30,144 - main - INFO -  Download progress: 1.7% (28.0 MB)
2025-08-28 21:58:30,144 - main - INFO - 🔄 OVERALL PROGRESS: 25.1% | File: stock_earning_call_transcripts.parquet | File Progress: 0.5%
2025-08-28 21:58:30,248 - main - INFO -  Download progress: 1.8% (29.0 MB)
2025-08-28 21:58:30,248 - main - INFO - 🔄 OVERALL PROGRESS: 25.2% | File: stock_earning_call_transcripts.parquet | File Progress: 0.5%
2025-08-28 21:58:30,374 - main - INFO -  Download progress: 1.9% (30.0 MB)
2025-08-28 21:58:30,374 - main - INFO - 🔄 OVERALL PROGRESS: 25.3% | File: stock_earning_call_transcripts.parquet | File Progress: 0.6%
2025-08-28 21:58:30,491 - main - INFO -  Download progress: 1.9% (31.0 MB)
2025-08-28 21:58:30,492 - main - INFO - 🔄 OVERALL PROGRESS: 25.4% | File: stock_earning_call_transcripts.parquet | File Progress: 0.6%
2025-08-28 21:58:30,609 - main - INFO -  Download progress: 2.0% (32.0 MB)
2025-08-28 21:58:30,609 - main - INFO - 🔄 OVERALL PROGRESS: 25.5% | File: stock_earning_call_transcripts.parquet | File Progress: 0.6%
2025-08-28 21:58:30,738 - main - INFO -  Download progress: 2.0% (33.0 MB)
2025-08-28 21:58:30,738 - main - INFO - 🔄 OVERALL PROGRESS: 25.6% | File: stock_earning_call_transcripts.parquet | File Progress: 0.6%
2025-08-28 21:58:30,850 - main - INFO -  Download progress: 2.1% (34.0 MB)
2025-08-28 21:58:30,851 - main - INFO - 🔄 OVERALL PROGRESS: 25.7% | File: stock_earning_call_transcripts.parquet | File Progress: 0.6%
2025-08-28 21:58:30,959 - main - INFO -  Download progress: 2.2% (35.0 MB)
2025-08-28 21:58:30,959 - main - INFO - 🔄 OVERALL PROGRESS: 25.8% | File: stock_earning_call_transcripts.parquet | File Progress: 0.6%
2025-08-28 21:58:31,061 - main - INFO -  Download progress: 2.2% (36.0 MB)
2025-08-28 21:58:31,061 - main - INFO - 🔄 OVERALL PROGRESS: 25.9% | File: stock_earning_call_transcripts.parquet | File Progress: 0.7%
2025-08-28 21:58:31,168 - main - INFO -  Download progress: 2.3% (37.0 MB)
2025-08-28 21:58:31,168 - main - INFO - 🔄 OVERALL PROGRESS: 26.0% | File: stock_earning_call_transcripts.parquet | File Progress: 0.7%
2025-08-28 21:58:31,278 - main - INFO -  Download progress: 2.3% (38.0 MB)
2025-08-28 21:58:31,280 - main - INFO - 🔄 OVERALL PROGRESS: 26.1% | File: stock_earning_call_transcripts.parquet | File Progress: 0.7%
2025-08-28 21:58:31,381 - main - INFO -  Download progress: 2.4% (39.0 MB)
2025-08-28 21:58:31,381 - main - INFO - 🔄 OVERALL PROGRESS: 26.2% | File: stock_earning_call_transcripts.parquet | File Progress: 0.7%
2025-08-28 21:58:31,487 - main - INFO -  Download progress: 2.5% (40.0 MB)
2025-08-28 21:58:31,487 - main - INFO - 🔄 OVERALL PROGRESS: 26.3% | File: stock_earning_call_transcripts.parquet | File Progress: 0.7%
2025-08-28 21:58:31,603 - main - INFO -  Download progress: 2.5% (41.0 MB)
2025-08-28 21:58:31,603 - main - INFO - 🔄 OVERALL PROGRESS: 26.4% | File: stock_earning_call_transcripts.parquet | File Progress: 0.8%
2025-08-28 21:58:31,901 - main - INFO -  Download progress: 2.6% (42.0 MB)
2025-08-28 21:58:31,902 - main - INFO - 🔄 OVERALL PROGRESS: 26.5% | File: stock_earning_call_transcripts.parquet | File Progress: 0.8%
2025-08-28 21:58:32,228 - main - INFO -  Download progress: 2.7% (43.0 MB)
2025-08-28 21:58:32,229 - main - INFO - 🔄 OVERALL PROGRESS: 26.7% | File: stock_earning_call_transcripts.parquet | File Progress: 0.8%
2025-08-28 21:58:32,484 - main - INFO -  Download progress: 2.7% (44.0 MB)
2025-08-28 21:58:32,484 - main - INFO - 🔄 OVERALL PROGRESS: 26.8% | File: stock_earning_call_transcripts.parquet | File Progress: 0.8%
2025-08-28 21:58:32,693 - main - INFO -  Download progress: 2.8% (45.0 MB)
2025-08-28 21:58:32,694 - main - INFO - 🔄 OVERALL PROGRESS: 26.9% | File: stock_earning_call_transcripts.parquet | File Progress: 0.8%
2025-08-28 21:58:32,814 - main - INFO -  Download progress: 2.8% (46.0 MB)
2025-08-28 21:58:32,814 - main - INFO - 🔄 OVERALL PROGRESS: 27.0% | File: stock_earning_call_transcripts.parquet | File Progress: 0.9%
2025-08-28 21:58:32,913 - main - INFO -  Download progress: 2.9% (47.0 MB)
2025-08-28 21:58:32,914 - main - INFO - 🔄 OVERALL PROGRESS: 27.1% | File: stock_earning_call_transcripts.parquet | File Progress: 0.9%
2025-08-28 21:58:33,035 - main - INFO -  Download progress: 3.0% (48.0 MB)
2025-08-28 21:58:33,035 - main - INFO - 🔄 OVERALL PROGRESS: 27.2% | File: stock_earning_call_transcripts.parquet | File Progress: 0.9%
2025-08-28 21:58:33,148 - main - INFO -  Download progress: 3.0% (49.0 MB)
2025-08-28 21:58:33,148 - main - INFO - 🔄 OVERALL PROGRESS: 27.3% | File: stock_earning_call_transcripts.parquet | File Progress: 0.9%
2025-08-28 21:58:33,249 - main - INFO -  Download progress: 3.1% (50.0 MB)
2025-08-28 21:58:33,249 - main - INFO - 🔄 OVERALL PROGRESS: 27.4% | File: stock_earning_call_transcripts.parquet | File Progress: 0.9%
2025-08-28 21:58:33,375 - main - INFO -  Download progress: 3.2% (51.0 MB)
2025-08-28 21:58:33,375 - main - INFO - 🔄 OVERALL PROGRESS: 27.5% | File: stock_earning_call_transcripts.parquet | File Progress: 0.9%
2025-08-28 21:58:33,474 - main - INFO -  Download progress: 3.2% (52.0 MB)
2025-08-28 21:58:33,474 - main - INFO - 🔄 OVERALL PROGRESS: 27.6% | File: stock_earning_call_transcripts.parquet | File Progress: 1.0%
2025-08-28 21:58:33,587 - main - INFO -  Download progress: 3.3% (53.0 MB)
2025-08-28 21:58:33,587 - main - INFO - 🔄 OVERALL PROGRESS: 27.7% | File: stock_earning_call_transcripts.parquet | File Progress: 1.0%
2025-08-28 21:58:33,703 - main - INFO -  Download progress: 3.3% (54.0 MB)
2025-08-28 21:58:33,704 - main - INFO - 🔄 OVERALL PROGRESS: 27.8% | File: stock_earning_call_transcripts.parquet | File Progress: 1.0%
2025-08-28 21:58:33,963 - main - INFO -  Download progress: 3.4% (55.0 MB)
2025-08-28 21:58:33,964 - main - INFO - 🔄 OVERALL PROGRESS: 27.9% | File: stock_earning_call_transcripts.parquet | File Progress: 1.0%
2025-08-28 21:58:33,984 - main - INFO -  Download progress: 3.5% (56.0 MB)
2025-08-28 21:58:33,984 - main - INFO - 🔄 OVERALL PROGRESS: 28.0% | File: stock_earning_call_transcripts.parquet | File Progress: 1.0%
2025-08-28 21:58:34,098 - main - INFO -  Download progress: 3.5% (57.0 MB)
2025-08-28 21:58:34,098 - main - INFO - 🔄 OVERALL PROGRESS: 28.1% | File: stock_earning_call_transcripts.parquet | File Progress: 1.1%
2025-08-28 21:58:34,266 - main - INFO -  Download progress: 3.6% (58.0 MB)
2025-08-28 21:58:34,266 - main - INFO - 🔄 OVERALL PROGRESS: 28.2% | File: stock_earning_call_transcripts.parquet | File Progress: 1.1%
2025-08-28 21:58:34,369 - main - INFO -  Download progress: 3.6% (59.0 MB)
2025-08-28 21:58:34,369 - main - INFO - 🔄 OVERALL PROGRESS: 28.3% | File: stock_earning_call_transcripts.parquet | File Progress: 1.1%
2025-08-28 21:58:34,472 - main - INFO -  Download progress: 3.7% (60.0 MB)
2025-08-28 21:58:34,473 - main - INFO - 🔄 OVERALL PROGRESS: 28.4% | File: stock_earning_call_transcripts.parquet | File Progress: 1.1%
2025-08-28 21:58:34,577 - main - INFO -  Download progress: 3.8% (61.0 MB)
2025-08-28 21:58:34,577 - main - INFO - 🔄 OVERALL PROGRESS: 28.5% | File: stock_earning_call_transcripts.parquet | File Progress: 1.1%
2025-08-28 21:58:34,685 - main - INFO -  Download progress: 3.8% (62.0 MB)
2025-08-28 21:58:34,686 - main - INFO - 🔄 OVERALL PROGRESS: 28.6% | File: stock_earning_call_transcripts.parquet | File Progress: 1.1%
2025-08-28 21:58:34,785 - main - INFO -  Download progress: 3.9% (63.0 MB)
2025-08-28 21:58:34,785 - main - INFO - 🔄 OVERALL PROGRESS: 28.7% | File: stock_earning_call_transcripts.parquet | File Progress: 1.2%
2025-08-28 21:58:34,892 - main - INFO -  Download progress: 4.0% (64.0 MB)
2025-08-28 21:58:34,893 - main - INFO - 🔄 OVERALL PROGRESS: 28.8% | File: stock_earning_call_transcripts.parquet | File Progress: 1.2%
2025-08-28 21:58:34,994 - main - INFO -  Download progress: 4.0% (65.0 MB)
2025-08-28 21:58:34,994 - main - INFO - 🔄 OVERALL PROGRESS: 28.9% | File: stock_earning_call_transcripts.parquet | File Progress: 1.2%
2025-08-28 21:58:35,084 - main - INFO -  Download progress: 4.1% (66.0 MB)
2025-08-28 21:58:35,084 - main - INFO - 🔄 OVERALL PROGRESS: 29.0% | File: stock_earning_call_transcripts.parquet | File Progress: 1.2%
2025-08-28 21:58:35,184 - main - INFO -  Download progress: 4.1% (67.0 MB)
2025-08-28 21:58:35,184 - main - INFO - 🔄 OVERALL PROGRESS: 29.1% | File: stock_earning_call_transcripts.parquet | File Progress: 1.2%
2025-08-28 21:58:35,274 - main - INFO -  Download progress: 4.2% (68.0 MB)
2025-08-28 21:58:35,274 - main - INFO - 🔄 OVERALL PROGRESS: 29.2% | File: stock_earning_call_transcripts.parquet | File Progress: 1.3%
2025-08-28 21:58:35,375 - main - INFO -  Download progress: 4.3% (69.0 MB)
2025-08-28 21:58:35,375 - main - INFO - 🔄 OVERALL PROGRESS: 29.3% | File: stock_earning_call_transcripts.parquet | File Progress: 1.3%
2025-08-28 21:58:35,472 - main - INFO -  Download progress: 4.3% (70.0 MB)
2025-08-28 21:58:35,472 - main - INFO - 🔄 OVERALL PROGRESS: 29.4% | File: stock_earning_call_transcripts.parquet | File Progress: 1.3%
2025-08-28 21:58:35,621 - main - INFO -  Download progress: 4.4% (71.0 MB)
2025-08-28 21:58:35,621 - main - INFO - 🔄 OVERALL PROGRESS: 29.5% | File: stock_earning_call_transcripts.parquet | File Progress: 1.3%
2025-08-28 21:58:35,774 - main - INFO -  Download progress: 4.5% (72.0 MB)
2025-08-28 21:58:35,774 - main - INFO - 🔄 OVERALL PROGRESS: 29.6% | File: stock_earning_call_transcripts.parquet | File Progress: 1.3%
2025-08-28 21:58:35,806 - main - INFO -  Download progress: 4.5% (73.0 MB)
2025-08-28 21:58:35,806 - main - INFO - 🔄 OVERALL PROGRESS: 29.7% | File: stock_earning_call_transcripts.parquet | File Progress: 1.4%
2025-08-28 21:58:35,921 - main - INFO -  Download progress: 4.6% (74.0 MB)
2025-08-28 21:58:35,921 - main - INFO - 🔄 OVERALL PROGRESS: 29.8% | File: stock_earning_call_transcripts.parquet | File Progress: 1.4%
2025-08-28 21:58:35,989 - main - INFO -  Download progress: 4.6% (75.0 MB)
2025-08-28 21:58:35,989 - main - INFO - 🔄 OVERALL PROGRESS: 29.9% | File: stock_earning_call_transcripts.parquet | File Progress: 1.4%
2025-08-28 21:58:36,228 - main - INFO -  Download progress: 4.7% (76.0 MB)
2025-08-28 21:58:36,229 - main - INFO - 🔄 OVERALL PROGRESS: 30.1% | File: stock_earning_call_transcripts.parquet | File Progress: 1.4%
2025-08-28 21:58:36,243 - main - INFO -  Download progress: 4.8% (77.0 MB)
2025-08-28 21:58:36,244 - main - INFO - 🔄 OVERALL PROGRESS: 30.2% | File: stock_earning_call_transcripts.parquet | File Progress: 1.4%
2025-08-28 21:58:36,382 - main - INFO -  Download progress: 4.8% (78.0 MB)
2025-08-28 21:58:36,382 - main - INFO - 🔄 OVERALL PROGRESS: 30.3% | File: stock_earning_call_transcripts.parquet | File Progress: 1.4%
2025-08-28 21:58:36,500 - main - INFO -  Download progress: 4.9% (79.0 MB)
2025-08-28 21:58:36,500 - main - INFO - 🔄 OVERALL PROGRESS: 30.4% | File: stock_earning_call_transcripts.parquet | File Progress: 1.5%
2025-08-28 21:58:36,627 - main - INFO -  Download progress: 4.9% (80.0 MB)
2025-08-28 21:58:36,627 - main - INFO - 🔄 OVERALL PROGRESS: 30.5% | File: stock_earning_call_transcripts.parquet | File Progress: 1.5%
2025-08-28 21:58:36,753 - main - INFO -  Download progress: 5.0% (81.0 MB)
2025-08-28 21:58:36,753 - main - INFO - 🔄 OVERALL PROGRESS: 30.6% | File: stock_earning_call_transcripts.parquet | File Progress: 1.5%
2025-08-28 21:58:36,929 - main - INFO -  Download progress: 5.1% (82.0 MB)
2025-08-28 21:58:36,930 - main - INFO - 🔄 OVERALL PROGRESS: 30.7% | File: stock_earning_call_transcripts.parquet | File Progress: 1.5%
2025-08-28 21:58:37,258 - main - INFO -  Download progress: 5.1% (83.0 MB)
2025-08-28 21:58:37,258 - main - INFO - 🔄 OVERALL PROGRESS: 30.8% | File: stock_earning_call_transcripts.parquet | File Progress: 1.5%
2025-08-28 21:58:37,476 - main - INFO -  Download progress: 5.2% (84.0 MB)
2025-08-28 21:58:37,476 - main - INFO - 🔄 OVERALL PROGRESS: 30.9% | File: stock_earning_call_transcripts.parquet | File Progress: 1.6%
2025-08-28 21:58:37,511 - main - INFO -  Download progress: 5.3% (85.0 MB)
2025-08-28 21:58:37,511 - main - INFO - 🔄 OVERALL PROGRESS: 31.0% | File: stock_earning_call_transcripts.parquet | File Progress: 1.6%
2025-08-28 21:58:37,644 - main - INFO -  Download progress: 5.3% (86.0 MB)
2025-08-28 21:58:37,644 - main - INFO - 🔄 OVERALL PROGRESS: 31.1% | File: stock_earning_call_transcripts.parquet | File Progress: 1.6%
2025-08-28 21:58:37,753 - main - INFO -  Download progress: 5.4% (87.0 MB)
2025-08-28 21:58:37,753 - main - INFO - 🔄 OVERALL PROGRESS: 31.2% | File: stock_earning_call_transcripts.parquet | File Progress: 1.6%
2025-08-28 21:58:37,997 - main - INFO -  Download progress: 5.4% (88.0 MB)
2025-08-28 21:58:37,998 - main - INFO - 🔄 OVERALL PROGRESS: 31.3% | File: stock_earning_call_transcripts.parquet | File Progress: 1.6%
2025-08-28 21:58:38,021 - main - INFO -  Download progress: 5.5% (89.0 MB)
2025-08-28 21:58:38,022 - main - INFO - 🔄 OVERALL PROGRESS: 31.4% | File: stock_earning_call_transcripts.parquet | File Progress: 1.7%
2025-08-28 21:58:38,145 - main - INFO -  Download progress: 5.6% (90.0 MB)
2025-08-28 21:58:38,145 - main - INFO - 🔄 OVERALL PROGRESS: 31.5% | File: stock_earning_call_transcripts.parquet | File Progress: 1.7%
2025-08-28 21:58:38,234 - main - INFO -  Download progress: 5.6% (91.0 MB)
2025-08-28 21:58:38,234 - main - INFO - 🔄 OVERALL PROGRESS: 31.6% | File: stock_earning_call_transcripts.parquet | File Progress: 1.7%
2025-08-28 21:58:38,332 - main - INFO -  Download progress: 5.7% (92.0 MB)
2025-08-28 21:58:38,332 - main - INFO - 🔄 OVERALL PROGRESS: 31.7% | File: stock_earning_call_transcripts.parquet | File Progress: 1.7%
2025-08-28 21:58:38,442 - main - INFO -  Download progress: 5.7% (93.0 MB)
2025-08-28 21:58:38,442 - main - INFO - 🔄 OVERALL PROGRESS: 31.8% | File: stock_earning_call_transcripts.parquet | File Progress: 1.7%
2025-08-28 21:58:38,533 - main - INFO -  Download progress: 5.8% (94.0 MB)
2025-08-28 21:58:38,533 - main - INFO - 🔄 OVERALL PROGRESS: 31.9% | File: stock_earning_call_transcripts.parquet | File Progress: 1.7%
2025-08-28 21:58:38,633 - main - INFO -  Download progress: 5.9% (95.0 MB)
2025-08-28 21:58:38,633 - main - INFO - 🔄 OVERALL PROGRESS: 32.0% | File: stock_earning_call_transcripts.parquet | File Progress: 1.8%
2025-08-28 21:58:38,812 - main - INFO -  Download progress: 5.9% (96.0 MB)
2025-08-28 21:58:38,812 - main - INFO - 🔄 OVERALL PROGRESS: 32.1% | File: stock_earning_call_transcripts.parquet | File Progress: 1.8%
2025-08-28 21:58:38,861 - main - INFO -  Download progress: 6.0% (97.0 MB)
2025-08-28 21:58:38,862 - main - INFO - 🔄 OVERALL PROGRESS: 32.2% | File: stock_earning_call_transcripts.parquet | File Progress: 1.8%
2025-08-28 21:58:38,949 - main - INFO -  Download progress: 6.1% (98.0 MB)
2025-08-28 21:58:38,949 - main - INFO - 🔄 OVERALL PROGRESS: 32.3% | File: stock_earning_call_transcripts.parquet | File Progress: 1.8%
2025-08-28 21:58:39,057 - main - INFO -  Download progress: 6.1% (99.0 MB)
2025-08-28 21:58:39,057 - main - INFO - 🔄 OVERALL PROGRESS: 32.4% | File: stock_earning_call_transcripts.parquet | File Progress: 1.8%
2025-08-28 21:58:39,139 - main - INFO -  Download progress: 6.2% (100.0 MB)
2025-08-28 21:58:39,139 - main - INFO - 🔄 OVERALL PROGRESS: 32.5% | File: stock_earning_call_transcripts.parquet | File Progress: 1.9%
2025-08-28 21:58:39,237 - main - INFO -  Download progress: 6.2% (101.0 MB)
2025-08-28 21:58:39,237 - main - INFO - 🔄 OVERALL PROGRESS: 32.6% | File: stock_earning_call_transcripts.parquet | File Progress: 1.9%
2025-08-28 21:58:39,402 - main - INFO -  Download progress: 6.3% (102.0 MB)
2025-08-28 21:58:39,402 - main - INFO - 🔄 OVERALL PROGRESS: 32.7% | File: stock_earning_call_transcripts.parquet | File Progress: 1.9%
2025-08-28 21:58:39,473 - main - INFO -  Download progress: 6.4% (103.0 MB)
2025-08-28 21:58:39,474 - main - INFO - 🔄 OVERALL PROGRESS: 32.8% | File: stock_earning_call_transcripts.parquet | File Progress: 1.9%
2025-08-28 21:58:39,589 - main - INFO -  Download progress: 6.4% (104.0 MB)
2025-08-28 21:58:39,590 - main - INFO - 🔄 OVERALL PROGRESS: 32.9% | File: stock_earning_call_transcripts.parquet | File Progress: 1.9%
2025-08-28 21:58:39,725 - main - INFO -  Download progress: 6.5% (105.0 MB)
2025-08-28 21:58:39,726 - main - INFO - 🔄 OVERALL PROGRESS: 33.0% | File: stock_earning_call_transcripts.parquet | File Progress: 1.9%
2025-08-28 21:58:39,755 - main - INFO -  Download progress: 6.6% (106.0 MB)
2025-08-28 21:58:39,755 - main - INFO - 🔄 OVERALL PROGRESS: 33.1% | File: stock_earning_call_transcripts.parquet | File Progress: 2.0%
2025-08-28 21:58:39,828 - main - INFO -  Download progress: 6.6% (107.0 MB)
2025-08-28 21:58:39,828 - main - INFO - 🔄 OVERALL PROGRESS: 33.2% | File: stock_earning_call_transcripts.parquet | File Progress: 2.0%
2025-08-28 21:58:39,925 - main - INFO -  Download progress: 6.7% (108.0 MB)
2025-08-28 21:58:39,925 - main - INFO - 🔄 OVERALL PROGRESS: 33.3% | File: stock_earning_call_transcripts.parquet | File Progress: 2.0%
2025-08-28 21:58:40,026 - main - INFO -  Download progress: 6.7% (109.0 MB)
2025-08-28 21:58:40,026 - main - INFO - 🔄 OVERALL PROGRESS: 33.5% | File: stock_earning_call_transcripts.parquet | File Progress: 2.0%
2025-08-28 21:58:40,143 - main - INFO -  Download progress: 6.8% (110.0 MB)
2025-08-28 21:58:40,143 - main - INFO - 🔄 OVERALL PROGRESS: 33.6% | File: stock_earning_call_transcripts.parquet | File Progress: 2.0%
2025-08-28 21:58:40,211 - main - INFO -  Download progress: 6.9% (111.0 MB)
2025-08-28 21:58:40,212 - main - INFO - 🔄 OVERALL PROGRESS: 33.7% | File: stock_earning_call_transcripts.parquet | File Progress: 2.1%
2025-08-28 21:58:40,376 - main - INFO -  Download progress: 6.9% (112.0 MB)
2025-08-28 21:58:40,377 - main - INFO - 🔄 OVERALL PROGRESS: 33.8% | File: stock_earning_call_transcripts.parquet | File Progress: 2.1%
2025-08-28 21:58:40,521 - main - INFO -  Download progress: 7.0% (113.0 MB)
2025-08-28 21:58:40,521 - main - INFO - 🔄 OVERALL PROGRESS: 33.9% | File: stock_earning_call_transcripts.parquet | File Progress: 2.1%
2025-08-28 21:58:40,550 - main - INFO -  Download progress: 7.0% (114.0 MB)
2025-08-28 21:58:40,551 - main - INFO - 🔄 OVERALL PROGRESS: 34.0% | File: stock_earning_call_transcripts.parquet | File Progress: 2.1%
2025-08-28 21:58:40,643 - main - INFO -  Download progress: 7.1% (115.0 MB)
2025-08-28 21:58:40,644 - main - INFO - 🔄 OVERALL PROGRESS: 34.1% | File: stock_earning_call_transcripts.parquet | File Progress: 2.1%
2025-08-28 21:58:40,775 - main - INFO -  Download progress: 7.2% (116.0 MB)
2025-08-28 21:58:40,776 - main - INFO - 🔄 OVERALL PROGRESS: 34.2% | File: stock_earning_call_transcripts.parquet | File Progress: 2.2%
2025-08-28 21:58:40,937 - main - INFO -  Download progress: 7.2% (117.0 MB)
2025-08-28 21:58:40,938 - main - INFO - 🔄 OVERALL PROGRESS: 34.3% | File: stock_earning_call_transcripts.parquet | File Progress: 2.2%
2025-08-28 21:58:40,975 - main - INFO -  Download progress: 7.3% (118.0 MB)
2025-08-28 21:58:40,975 - main - INFO - 🔄 OVERALL PROGRESS: 34.4% | File: stock_earning_call_transcripts.parquet | File Progress: 2.2%
2025-08-28 21:58:41,106 - main - INFO -  Download progress: 7.4% (119.0 MB)
2025-08-28 21:58:41,106 - main - INFO - 🔄 OVERALL PROGRESS: 34.5% | File: stock_earning_call_transcripts.parquet | File Progress: 2.2%
2025-08-28 21:58:41,170 - main - INFO -  Download progress: 7.4% (120.0 MB)
2025-08-28 21:58:41,170 - main - INFO - 🔄 OVERALL PROGRESS: 34.6% | File: stock_earning_call_transcripts.parquet | File Progress: 2.2%
2025-08-28 21:58:41,261 - main - INFO -  Download progress: 7.5% (121.0 MB)
2025-08-28 21:58:41,261 - main - INFO - 🔄 OVERALL PROGRESS: 34.7% | File: stock_earning_call_transcripts.parquet | File Progress: 2.2%
2025-08-28 21:58:41,355 - main - INFO -  Download progress: 7.5% (122.0 MB)
2025-08-28 21:58:41,356 - main - INFO - 🔄 OVERALL PROGRESS: 34.8% | File: stock_earning_call_transcripts.parquet | File Progress: 2.3%
2025-08-28 21:58:41,455 - main - INFO -  Download progress: 7.6% (123.0 MB)
2025-08-28 21:58:41,455 - main - INFO - 🔄 OVERALL PROGRESS: 34.9% | File: stock_earning_call_transcripts.parquet | File Progress: 2.3%
2025-08-28 21:58:41,599 - main - INFO -  Download progress: 7.7% (124.0 MB)
2025-08-28 21:58:41,599 - main - INFO - 🔄 OVERALL PROGRESS: 35.0% | File: stock_earning_call_transcripts.parquet | File Progress: 2.3%
2025-08-28 21:58:41,772 - main - INFO -  Download progress: 7.7% (125.0 MB)
2025-08-28 21:58:41,773 - main - INFO - 🔄 OVERALL PROGRESS: 35.1% | File: stock_earning_call_transcripts.parquet | File Progress: 2.3%
2025-08-28 21:58:41,789 - main - INFO -  Download progress: 7.8% (126.0 MB)
2025-08-28 21:58:41,789 - main - INFO - 🔄 OVERALL PROGRESS: 35.2% | File: stock_earning_call_transcripts.parquet | File Progress: 2.3%
2025-08-28 21:58:41,888 - main - INFO -  Download progress: 7.9% (127.0 MB)
2025-08-28 21:58:41,889 - main - INFO - 🔄 OVERALL PROGRESS: 35.3% | File: stock_earning_call_transcripts.parquet | File Progress: 2.4%
2025-08-28 21:58:41,988 - main - INFO -  Download progress: 7.9% (128.0 MB)
2025-08-28 21:58:41,988 - main - INFO - 🔄 OVERALL PROGRESS: 35.4% | File: stock_earning_call_transcripts.parquet | File Progress: 2.4%
2025-08-28 21:58:42,089 - main - INFO -  Download progress: 8.0% (129.0 MB)
2025-08-28 21:58:42,090 - main - INFO - 🔄 OVERALL PROGRESS: 35.5% | File: stock_earning_call_transcripts.parquet | File Progress: 2.4%
2025-08-28 21:58:42,263 - main - INFO -  Download progress: 8.0% (130.0 MB)
2025-08-28 21:58:42,263 - main - INFO - 🔄 OVERALL PROGRESS: 35.6% | File: stock_earning_call_transcripts.parquet | File Progress: 2.4%
2025-08-28 21:58:42,312 - main - INFO -  Download progress: 8.1% (131.0 MB)
2025-08-28 21:58:42,312 - main - INFO - 🔄 OVERALL PROGRESS: 35.7% | File: stock_earning_call_transcripts.parquet | File Progress: 2.4%
2025-08-28 21:58:42,413 - main - INFO -  Download progress: 8.2% (132.0 MB)
2025-08-28 21:58:42,413 - main - INFO - 🔄 OVERALL PROGRESS: 35.8% | File: stock_earning_call_transcripts.parquet | File Progress: 2.4%
2025-08-28 21:58:42,574 - main - INFO -  Download progress: 8.2% (133.0 MB)
2025-08-28 21:58:42,574 - main - INFO - 🔄 OVERALL PROGRESS: 35.9% | File: stock_earning_call_transcripts.parquet | File Progress: 2.5%
2025-08-28 21:58:42,663 - main - INFO -  Download progress: 8.3% (134.0 MB)
2025-08-28 21:58:42,663 - main - INFO - 🔄 OVERALL PROGRESS: 36.0% | File: stock_earning_call_transcripts.parquet | File Progress: 2.5%
2025-08-28 21:58:42,823 - main - INFO -  Download progress: 8.3% (135.0 MB)
2025-08-28 21:58:42,824 - main - INFO - 🔄 OVERALL PROGRESS: 36.1% | File: stock_earning_call_transcripts.parquet | File Progress: 2.5%
2025-08-28 21:58:42,925 - main - INFO -  Download progress: 8.4% (136.0 MB)
2025-08-28 21:58:42,925 - main - INFO - 🔄 OVERALL PROGRESS: 36.2% | File: stock_earning_call_transcripts.parquet | File Progress: 2.5%
2025-08-28 21:58:43,037 - main - INFO -  Download progress: 8.5% (137.0 MB)
2025-08-28 21:58:43,038 - main - INFO - 🔄 OVERALL PROGRESS: 36.3% | File: stock_earning_call_transcripts.parquet | File Progress: 2.5%
2025-08-28 21:58:43,067 - main - INFO -  Download progress: 8.5% (138.0 MB)
2025-08-28 21:58:43,068 - main - INFO - 🔄 OVERALL PROGRESS: 36.4% | File: stock_earning_call_transcripts.parquet | File Progress: 2.6%
2025-08-28 21:58:43,171 - main - INFO -  Download progress: 8.6% (139.0 MB)
2025-08-28 21:58:43,172 - main - INFO - 🔄 OVERALL PROGRESS: 36.5% | File: stock_earning_call_transcripts.parquet | File Progress: 2.6%
2025-08-28 21:58:43,269 - main - INFO -  Download progress: 8.7% (140.0 MB)
2025-08-28 21:58:43,269 - main - INFO - 🔄 OVERALL PROGRESS: 36.6% | File: stock_earning_call_transcripts.parquet | File Progress: 2.6%
2025-08-28 21:58:43,384 - main - INFO -  Download progress: 8.7% (141.0 MB)
2025-08-28 21:58:43,384 - main - INFO - 🔄 OVERALL PROGRESS: 36.7% | File: stock_earning_call_transcripts.parquet | File Progress: 2.6%
2025-08-28 21:58:43,480 - main - INFO -  Download progress: 8.8% (142.0 MB)
2025-08-28 21:58:43,480 - main - INFO - 🔄 OVERALL PROGRESS: 36.9% | File: stock_earning_call_transcripts.parquet | File Progress: 2.6%
2025-08-28 21:58:43,655 - main - INFO -  Download progress: 8.8% (143.0 MB)
2025-08-28 21:58:43,655 - main - INFO - 🔄 OVERALL PROGRESS: 37.0% | File: stock_earning_call_transcripts.parquet | File Progress: 2.7%
2025-08-28 21:58:43,735 - main - INFO -  Download progress: 8.9% (144.0 MB)
2025-08-28 21:58:43,735 - main - INFO - 🔄 OVERALL PROGRESS: 37.1% | File: stock_earning_call_transcripts.parquet | File Progress: 2.7%
2025-08-28 21:58:43,848 - main - INFO -  Download progress: 9.0% (145.0 MB)
2025-08-28 21:58:43,848 - main - INFO - 🔄 OVERALL PROGRESS: 37.2% | File: stock_earning_call_transcripts.parquet | File Progress: 2.7%
2025-08-28 21:58:43,963 - main - INFO -  Download progress: 9.0% (146.0 MB)
2025-08-28 21:58:43,963 - main - INFO - 🔄 OVERALL PROGRESS: 37.3% | File: stock_earning_call_transcripts.parquet | File Progress: 2.7%
2025-08-28 21:58:44,053 - main - INFO -  Download progress: 9.1% (147.0 MB)
2025-08-28 21:58:44,053 - main - INFO - 🔄 OVERALL PROGRESS: 37.4% | File: stock_earning_call_transcripts.parquet | File Progress: 2.7%
2025-08-28 21:58:44,157 - main - INFO -  Download progress: 9.1% (148.0 MB)
2025-08-28 21:58:44,157 - main - INFO - 🔄 OVERALL PROGRESS: 37.5% | File: stock_earning_call_transcripts.parquet | File Progress: 2.7%
2025-08-28 21:58:44,251 - main - INFO -  Download progress: 9.2% (149.0 MB)
2025-08-28 21:58:44,251 - main - INFO - 🔄 OVERALL PROGRESS: 37.6% | File: stock_earning_call_transcripts.parquet | File Progress: 2.8%
2025-08-28 21:58:44,350 - main - INFO -  Download progress: 9.3% (150.0 MB)
2025-08-28 21:58:44,350 - main - INFO - 🔄 OVERALL PROGRESS: 37.7% | File: stock_earning_call_transcripts.parquet | File Progress: 2.8%
2025-08-28 21:58:44,447 - main - INFO -  Download progress: 9.3% (151.0 MB)
2025-08-28 21:58:44,447 - main - INFO - 🔄 OVERALL PROGRESS: 37.8% | File: stock_earning_call_transcripts.parquet | File Progress: 2.8%
2025-08-28 21:58:44,537 - main - INFO -  Download progress: 9.4% (152.0 MB)
2025-08-28 21:58:44,538 - main - INFO - 🔄 OVERALL PROGRESS: 37.9% | File: stock_earning_call_transcripts.parquet | File Progress: 2.8%
2025-08-28 21:58:44,632 - main - INFO -  Download progress: 9.5% (153.0 MB)
2025-08-28 21:58:44,632 - main - INFO - 🔄 OVERALL PROGRESS: 38.0% | File: stock_earning_call_transcripts.parquet | File Progress: 2.8%
2025-08-28 21:58:44,781 - main - INFO -  Download progress: 9.5% (154.0 MB)
2025-08-28 21:58:44,782 - main - INFO - 🔄 OVERALL PROGRESS: 38.1% | File: stock_earning_call_transcripts.parquet | File Progress: 2.9%
2025-08-28 21:58:44,810 - main - INFO -  Download progress: 9.6% (155.0 MB)
2025-08-28 21:58:44,810 - main - INFO - 🔄 OVERALL PROGRESS: 38.2% | File: stock_earning_call_transcripts.parquet | File Progress: 2.9%
2025-08-28 21:58:44,957 - main - INFO -  Download progress: 9.6% (156.0 MB)
2025-08-28 21:58:44,957 - main - INFO - 🔄 OVERALL PROGRESS: 38.3% | File: stock_earning_call_transcripts.parquet | File Progress: 2.9%
2025-08-28 21:58:45,000 - main - INFO -  Download progress: 9.7% (157.0 MB)
2025-08-28 21:58:45,000 - main - INFO - 🔄 OVERALL PROGRESS: 38.4% | File: stock_earning_call_transcripts.parquet | File Progress: 2.9%
2025-08-28 21:58:45,149 - main - INFO -  Download progress: 9.8% (158.0 MB)
2025-08-28 21:58:45,150 - main - INFO - 🔄 OVERALL PROGRESS: 38.5% | File: stock_earning_call_transcripts.parquet | File Progress: 2.9%
2025-08-28 21:58:45,233 - main - INFO -  Download progress: 9.8% (159.0 MB)
2025-08-28 21:58:45,233 - main - INFO - 🔄 OVERALL PROGRESS: 38.6% | File: stock_earning_call_transcripts.parquet | File Progress: 2.9%
2025-08-28 21:58:45,278 - main - INFO -  Download progress: 9.9% (160.0 MB)
2025-08-28 21:58:45,278 - main - INFO - 🔄 OVERALL PROGRESS: 38.7% | File: stock_earning_call_transcripts.parquet | File Progress: 3.0%
2025-08-28 21:58:45,425 - main - INFO -  Download progress: 10.0% (161.0 MB)
2025-08-28 21:58:45,426 - main - INFO - 🔄 OVERALL PROGRESS: 38.8% | File: stock_earning_call_transcripts.parquet | File Progress: 3.0%
2025-08-28 21:58:45,474 - main - INFO -  Download progress: 10.0% (162.0 MB)
2025-08-28 21:58:45,474 - main - INFO - 🔄 OVERALL PROGRESS: 38.9% | File: stock_earning_call_transcripts.parquet | File Progress: 3.0%
2025-08-28 21:58:45,622 - main - INFO -  Download progress: 10.1% (163.0 MB)
2025-08-28 21:58:45,623 - main - INFO - 🔄 OVERALL PROGRESS: 39.0% | File: stock_earning_call_transcripts.parquet | File Progress: 3.0%
2025-08-28 21:58:45,663 - main - INFO -  Download progress: 10.1% (164.0 MB)
2025-08-28 21:58:45,663 - main - INFO - 🔄 OVERALL PROGRESS: 39.1% | File: stock_earning_call_transcripts.parquet | File Progress: 3.0%
2025-08-28 21:58:45,816 - main - INFO -  Download progress: 10.2% (165.0 MB)
2025-08-28 21:58:45,816 - main - INFO - 🔄 OVERALL PROGRESS: 39.2% | File: stock_earning_call_transcripts.parquet | File Progress: 3.1%
2025-08-28 21:58:45,936 - main - INFO -  Download progress: 10.3% (166.0 MB)
2025-08-28 21:58:45,937 - main - INFO - 🔄 OVERALL PROGRESS: 39.3% | File: stock_earning_call_transcripts.parquet | File Progress: 3.1%
2025-08-28 21:58:46,075 - main - INFO -  Download progress: 10.3% (167.0 MB)
2025-08-28 21:58:46,075 - main - INFO - 🔄 OVERALL PROGRESS: 39.4% | File: stock_earning_call_transcripts.parquet | File Progress: 3.1%
2025-08-28 21:58:46,124 - main - INFO -  Download progress: 10.4% (168.0 MB)
2025-08-28 21:58:46,124 - main - INFO - 🔄 OVERALL PROGRESS: 39.5% | File: stock_earning_call_transcripts.parquet | File Progress: 3.1%
2025-08-28 21:58:46,179 - main - INFO -  Download progress: 10.4% (169.0 MB)
2025-08-28 21:58:46,180 - main - INFO - 🔄 OVERALL PROGRESS: 39.6% | File: stock_earning_call_transcripts.parquet | File Progress: 3.1%
2025-08-28 21:58:46,277 - main - INFO -  Download progress: 10.5% (170.0 MB)
2025-08-28 21:58:46,278 - main - INFO - 🔄 OVERALL PROGRESS: 39.7% | File: stock_earning_call_transcripts.parquet | File Progress: 3.2%
2025-08-28 21:58:46,478 - main - INFO -  Download progress: 10.6% (171.0 MB)
2025-08-28 21:58:46,478 - main - INFO - 🔄 OVERALL PROGRESS: 39.8% | File: stock_earning_call_transcripts.parquet | File Progress: 3.2%
2025-08-28 21:58:46,523 - main - INFO -  Download progress: 10.6% (172.0 MB)
2025-08-28 21:58:46,523 - main - INFO - 🔄 OVERALL PROGRESS: 39.9% | File: stock_earning_call_transcripts.parquet | File Progress: 3.2%
2025-08-28 21:58:46,735 - main - INFO -  Download progress: 10.7% (173.0 MB)
2025-08-28 21:58:46,735 - main - INFO - 🔄 OVERALL PROGRESS: 40.0% | File: stock_earning_call_transcripts.parquet | File Progress: 3.2%
2025-08-28 21:58:46,772 - main - INFO -  Download progress: 10.8% (174.0 MB)
2025-08-28 21:58:46,772 - main - INFO - 🔄 OVERALL PROGRESS: 40.1% | File: stock_earning_call_transcripts.parquet | File Progress: 3.2%
2025-08-28 21:58:46,875 - main - INFO -  Download progress: 10.8% (175.0 MB)
2025-08-28 21:58:46,876 - main - INFO - 🔄 OVERALL PROGRESS: 40.3% | File: stock_earning_call_transcripts.parquet | File Progress: 3.2%
2025-08-28 21:58:47,017 - main - INFO -  Download progress: 10.9% (176.0 MB)
2025-08-28 21:58:47,018 - main - INFO - 🔄 OVERALL PROGRESS: 40.4% | File: stock_earning_call_transcripts.parquet | File Progress: 3.3%
2025-08-28 21:58:47,098 - main - INFO -  Download progress: 10.9% (177.0 MB)
2025-08-28 21:58:47,098 - main - INFO - 🔄 OVERALL PROGRESS: 40.5% | File: stock_earning_call_transcripts.parquet | File Progress: 3.3%
2025-08-28 21:58:47,193 - main - INFO -  Download progress: 11.0% (178.0 MB)
2025-08-28 21:58:47,194 - main - INFO - 🔄 OVERALL PROGRESS: 40.6% | File: stock_earning_call_transcripts.parquet | File Progress: 3.3%
2025-08-28 21:58:47,544 - main - INFO -  Download progress: 11.1% (179.0 MB)
2025-08-28 21:58:47,544 - main - INFO - 🔄 OVERALL PROGRESS: 40.7% | File: stock_earning_call_transcripts.parquet | File Progress: 3.3%
2025-08-28 21:58:47,679 - main - INFO -  Download progress: 11.1% (180.0 MB)
2025-08-28 21:58:47,679 - main - INFO - 🔄 OVERALL PROGRESS: 40.8% | File: stock_earning_call_transcripts.parquet | File Progress: 3.3%
2025-08-28 21:58:47,801 - main - INFO -  Download progress: 11.2% (181.0 MB)
2025-08-28 21:58:47,801 - main - INFO - 🔄 OVERALL PROGRESS: 40.9% | File: stock_earning_call_transcripts.parquet | File Progress: 3.4%
2025-08-28 21:58:47,926 - main - INFO -  Download progress: 11.3% (182.0 MB)
2025-08-28 21:58:47,926 - main - INFO - 🔄 OVERALL PROGRESS: 41.0% | File: stock_earning_call_transcripts.parquet | File Progress: 3.4%
2025-08-28 21:58:48,041 - main - INFO -  Download progress: 11.3% (183.0 MB)
2025-08-28 21:58:48,041 - main - INFO - 🔄 OVERALL PROGRESS: 41.1% | File: stock_earning_call_transcripts.parquet | File Progress: 3.4%
2025-08-28 21:58:48,155 - main - INFO -  Download progress: 11.4% (184.0 MB)
2025-08-28 21:58:48,156 - main - INFO - 🔄 OVERALL PROGRESS: 41.2% | File: stock_earning_call_transcripts.parquet | File Progress: 3.4%
2025-08-28 21:58:48,263 - main - INFO -  Download progress: 11.4% (185.0 MB)
2025-08-28 21:58:48,264 - main - INFO - 🔄 OVERALL PROGRESS: 41.3% | File: stock_earning_call_transcripts.parquet | File Progress: 3.4%
2025-08-28 21:58:48,495 - main - INFO -  Download progress: 11.5% (186.0 MB)
2025-08-28 21:58:48,495 - main - INFO - 🔄 OVERALL PROGRESS: 41.4% | File: stock_earning_call_transcripts.parquet | File Progress: 3.4%
2025-08-28 21:58:48,557 - main - INFO -  Download progress: 11.6% (187.0 MB)
2025-08-28 21:58:48,558 - main - INFO - 🔄 OVERALL PROGRESS: 41.5% | File: stock_earning_call_transcripts.parquet | File Progress: 3.5%
2025-08-28 21:58:48,671 - main - INFO -  Download progress: 11.6% (188.0 MB)
2025-08-28 21:58:48,671 - main - INFO - 🔄 OVERALL PROGRESS: 41.6% | File: stock_earning_call_transcripts.parquet | File Progress: 3.5%
2025-08-28 21:58:48,786 - main - INFO -  Download progress: 11.7% (189.0 MB)
2025-08-28 21:58:48,787 - main - INFO - 🔄 OVERALL PROGRESS: 41.7% | File: stock_earning_call_transcripts.parquet | File Progress: 3.5%
2025-08-28 21:58:48,904 - main - INFO -  Download progress: 11.7% (190.0 MB)
2025-08-28 21:58:48,904 - main - INFO - 🔄 OVERALL PROGRESS: 41.8% | File: stock_earning_call_transcripts.parquet | File Progress: 3.5%
2025-08-28 21:58:49,003 - main - INFO -  Download progress: 11.8% (191.0 MB)
2025-08-28 21:58:49,004 - main - INFO - 🔄 OVERALL PROGRESS: 41.9% | File: stock_earning_call_transcripts.parquet | File Progress: 3.5%
2025-08-28 21:58:49,130 - main - INFO -  Download progress: 11.9% (192.0 MB)
2025-08-28 21:58:49,130 - main - INFO - 🔄 OVERALL PROGRESS: 42.0% | File: stock_earning_call_transcripts.parquet | File Progress: 3.6%
2025-08-28 21:58:49,242 - main - INFO -  Download progress: 11.9% (193.0 MB)
2025-08-28 21:58:49,242 - main - INFO - 🔄 OVERALL PROGRESS: 42.1% | File: stock_earning_call_transcripts.parquet | File Progress: 3.6%
2025-08-28 21:58:49,368 - main - INFO -  Download progress: 12.0% (194.0 MB)
2025-08-28 21:58:49,368 - main - INFO - 🔄 OVERALL PROGRESS: 42.2% | File: stock_earning_call_transcripts.parquet | File Progress: 3.6%
2025-08-28 21:58:49,471 - main - INFO -  Download progress: 12.1% (195.0 MB)
2025-08-28 21:58:49,471 - main - INFO - 🔄 OVERALL PROGRESS: 42.3% | File: stock_earning_call_transcripts.parquet | File Progress: 3.6%
2025-08-28 21:58:49,584 - main - INFO -  Download progress: 12.1% (196.0 MB)
2025-08-28 21:58:49,585 - main - INFO - 🔄 OVERALL PROGRESS: 42.4% | File: stock_earning_call_transcripts.parquet | File Progress: 3.6%
2025-08-28 21:58:49,687 - main - INFO -  Download progress: 12.2% (197.0 MB)
2025-08-28 21:58:49,687 - main - INFO - 🔄 OVERALL PROGRESS: 42.5% | File: stock_earning_call_transcripts.parquet | File Progress: 3.7%
2025-08-28 21:58:49,804 - main - INFO -  Download progress: 12.2% (198.0 MB)
2025-08-28 21:58:49,804 - main - INFO - 🔄 OVERALL PROGRESS: 42.6% | File: stock_earning_call_transcripts.parquet | File Progress: 3.7%
2025-08-28 21:58:49,907 - main - INFO -  Download progress: 12.3% (199.0 MB)
2025-08-28 21:58:49,908 - main - INFO - 🔄 OVERALL PROGRESS: 42.7% | File: stock_earning_call_transcripts.parquet | File Progress: 3.7%
2025-08-28 21:58:50,018 - main - INFO -  Download progress: 12.4% (200.0 MB)
2025-08-28 21:58:50,018 - main - INFO - 🔄 OVERALL PROGRESS: 42.8% | File: stock_earning_call_transcripts.parquet | File Progress: 3.7%
2025-08-28 21:58:50,125 - main - INFO -  Download progress: 12.4% (201.0 MB)
2025-08-28 21:58:50,125 - main - INFO - 🔄 OVERALL PROGRESS: 42.9% | File: stock_earning_call_transcripts.parquet | File Progress: 3.7%
2025-08-28 21:58:50,231 - main - INFO -  Download progress: 12.5% (202.0 MB)
2025-08-28 21:58:50,231 - main - INFO - 🔄 OVERALL PROGRESS: 43.0% | File: stock_earning_call_transcripts.parquet | File Progress: 3.7%
2025-08-28 21:58:50,336 - main - INFO -  Download progress: 12.5% (203.0 MB)
2025-08-28 21:58:50,336 - main - INFO - 🔄 OVERALL PROGRESS: 43.1% | File: stock_earning_call_transcripts.parquet | File Progress: 3.8%
2025-08-28 21:58:50,437 - main - INFO -  Download progress: 12.6% (204.0 MB)
2025-08-28 21:58:50,437 - main - INFO - 🔄 OVERALL PROGRESS: 43.2% | File: stock_earning_call_transcripts.parquet | File Progress: 3.8%
2025-08-28 21:58:50,556 - main - INFO -  Download progress: 12.7% (205.0 MB)
2025-08-28 21:58:50,557 - main - INFO - 🔄 OVERALL PROGRESS: 43.3% | File: stock_earning_call_transcripts.parquet | File Progress: 3.8%
2025-08-28 21:58:50,664 - main - INFO -  Download progress: 12.7% (206.0 MB)
2025-08-28 21:58:50,664 - main - INFO - 🔄 OVERALL PROGRESS: 43.4% | File: stock_earning_call_transcripts.parquet | File Progress: 3.8%
2025-08-28 21:58:50,781 - main - INFO -  Download progress: 12.8% (207.0 MB)
2025-08-28 21:58:50,781 - main - INFO - 🔄 OVERALL PROGRESS: 43.5% | File: stock_earning_call_transcripts.parquet | File Progress: 3.8%
2025-08-28 21:58:50,979 - main - INFO -  Download progress: 12.9% (208.0 MB)
2025-08-28 21:58:50,980 - main - INFO - 🔄 OVERALL PROGRESS: 43.7% | File: stock_earning_call_transcripts.parquet | File Progress: 3.9%
2025-08-28 21:58:51,043 - main - INFO -  Download progress: 12.9% (209.0 MB)
2025-08-28 21:58:51,043 - main - INFO - 🔄 OVERALL PROGRESS: 43.8% | File: stock_earning_call_transcripts.parquet | File Progress: 3.9%
2025-08-28 21:58:51,145 - main - INFO -  Download progress: 13.0% (210.0 MB)
2025-08-28 21:58:51,145 - main - INFO - 🔄 OVERALL PROGRESS: 43.9% | File: stock_earning_call_transcripts.parquet | File Progress: 3.9%
2025-08-28 21:58:51,247 - main - INFO -  Download progress: 13.0% (211.0 MB)
2025-08-28 21:58:51,247 - main - INFO - 🔄 OVERALL PROGRESS: 44.0% | File: stock_earning_call_transcripts.parquet | File Progress: 3.9%
2025-08-28 21:58:51,422 - main - INFO -  Download progress: 13.1% (212.0 MB)
2025-08-28 21:58:51,423 - main - INFO - 🔄 OVERALL PROGRESS: 44.1% | File: stock_earning_call_transcripts.parquet | File Progress: 3.9%
2025-08-28 21:58:51,467 - main - INFO -  Download progress: 13.2% (213.0 MB)
2025-08-28 21:58:51,467 - main - INFO - 🔄 OVERALL PROGRESS: 44.2% | File: stock_earning_call_transcripts.parquet | File Progress: 4.0%
2025-08-28 21:58:51,577 - main - INFO -  Download progress: 13.2% (214.0 MB)
2025-08-28 21:58:51,577 - main - INFO - 🔄 OVERALL PROGRESS: 44.3% | File: stock_earning_call_transcripts.parquet | File Progress: 4.0%
2025-08-28 21:58:51,681 - main - INFO -  Download progress: 13.3% (215.0 MB)
2025-08-28 21:58:51,681 - main - INFO - 🔄 OVERALL PROGRESS: 44.4% | File: stock_earning_call_transcripts.parquet | File Progress: 4.0%
2025-08-28 21:58:51,834 - main - INFO -  Download progress: 13.4% (216.0 MB)
2025-08-28 21:58:51,834 - main - INFO - 🔄 OVERALL PROGRESS: 44.5% | File: stock_earning_call_transcripts.parquet | File Progress: 4.0%
2025-08-28 21:58:51,883 - main - INFO -  Download progress: 13.4% (217.0 MB)
2025-08-28 21:58:51,884 - main - INFO - 🔄 OVERALL PROGRESS: 44.6% | File: stock_earning_call_transcripts.parquet | File Progress: 4.0%
2025-08-28 21:58:51,981 - main - INFO -  Download progress: 13.5% (218.0 MB)
2025-08-28 21:58:51,982 - main - INFO - 🔄 OVERALL PROGRESS: 44.7% | File: stock_earning_call_transcripts.parquet | File Progress: 4.0%
2025-08-28 21:58:52,289 - main - INFO -  Download progress: 13.5% (219.0 MB)
2025-08-28 21:58:52,289 - main - INFO - 🔄 OVERALL PROGRESS: 44.8% | File: stock_earning_call_transcripts.parquet | File Progress: 4.1%
2025-08-28 21:58:52,365 - main - INFO -  Download progress: 13.6% (220.0 MB)
2025-08-28 21:58:52,365 - main - INFO - 🔄 OVERALL PROGRESS: 44.9% | File: stock_earning_call_transcripts.parquet | File Progress: 4.1%
2025-08-28 21:58:52,799 - main - INFO -  Download progress: 13.7% (221.0 MB)
2025-08-28 21:58:52,800 - main - INFO - 🔄 OVERALL PROGRESS: 45.0% | File: stock_earning_call_transcripts.parquet | File Progress: 4.1%
2025-08-28 21:58:52,861 - main - INFO -  Download progress: 13.7% (222.0 MB)
2025-08-28 21:58:52,861 - main - INFO - 🔄 OVERALL PROGRESS: 45.1% | File: stock_earning_call_transcripts.parquet | File Progress: 4.1%
2025-08-28 21:58:53,077 - main - INFO -  Download progress: 13.8% (223.0 MB)
2025-08-28 21:58:53,077 - main - INFO - 🔄 OVERALL PROGRESS: 45.2% | File: stock_earning_call_transcripts.parquet | File Progress: 4.1%
2025-08-28 21:58:53,206 - main - INFO -  Download progress: 13.8% (224.0 MB)
2025-08-28 21:58:53,207 - main - INFO - 🔄 OVERALL PROGRESS: 45.3% | File: stock_earning_call_transcripts.parquet | File Progress: 4.2%
2025-08-28 21:58:53,314 - main - INFO -  Download progress: 13.9% (225.0 MB)
2025-08-28 21:58:53,315 - main - INFO - 🔄 OVERALL PROGRESS: 45.4% | File: stock_earning_call_transcripts.parquet | File Progress: 4.2%
2025-08-28 21:58:53,425 - main - INFO -  Download progress: 14.0% (226.0 MB)
2025-08-28 21:58:53,426 - main - INFO - 🔄 OVERALL PROGRESS: 45.5% | File: stock_earning_call_transcripts.parquet | File Progress: 4.2%
2025-08-28 21:58:53,526 - main - INFO -  Download progress: 14.0% (227.0 MB)
2025-08-28 21:58:53,526 - main - INFO - 🔄 OVERALL PROGRESS: 45.6% | File: stock_earning_call_transcripts.parquet | File Progress: 4.2%
2025-08-28 21:58:53,633 - main - INFO -  Download progress: 14.1% (228.0 MB)
2025-08-28 21:58:53,633 - main - INFO - 🔄 OVERALL PROGRESS: 45.7% | File: stock_earning_call_transcripts.parquet | File Progress: 4.2%
2025-08-28 21:58:53,826 - main - INFO -  Download progress: 14.2% (229.0 MB)
2025-08-28 21:58:53,826 - main - INFO - 🔄 OVERALL PROGRESS: 45.8% | File: stock_earning_call_transcripts.parquet | File Progress: 4.2%
2025-08-28 21:58:53,872 - main - INFO -  Download progress: 14.2% (230.0 MB)
2025-08-28 21:58:53,873 - main - INFO - 🔄 OVERALL PROGRESS: 45.9% | File: stock_earning_call_transcripts.parquet | File Progress: 4.3%
2025-08-28 21:58:53,988 - main - INFO -  Download progress: 14.3% (231.0 MB)
2025-08-28 21:58:53,988 - main - INFO - 🔄 OVERALL PROGRESS: 46.0% | File: stock_earning_call_transcripts.parquet | File Progress: 4.3%
2025-08-28 21:58:54,092 - main - INFO -  Download progress: 14.3% (232.0 MB)
2025-08-28 21:58:54,093 - main - INFO - 🔄 OVERALL PROGRESS: 46.1% | File: stock_earning_call_transcripts.parquet | File Progress: 4.3%
2025-08-28 21:58:54,206 - main - INFO -  Download progress: 14.4% (233.0 MB)
2025-08-28 21:58:54,206 - main - INFO - 🔄 OVERALL PROGRESS: 46.2% | File: stock_earning_call_transcripts.parquet | File Progress: 4.3%
2025-08-28 21:58:54,311 - main - INFO -  Download progress: 14.5% (234.0 MB)
2025-08-28 21:58:54,311 - main - INFO - 🔄 OVERALL PROGRESS: 46.3% | File: stock_earning_call_transcripts.parquet | File Progress: 4.3%
2025-08-28 21:58:54,422 - main - INFO -  Download progress: 14.5% (235.0 MB)
2025-08-28 21:58:54,422 - main - INFO - 🔄 OVERALL PROGRESS: 46.4% | File: stock_earning_call_transcripts.parquet | File Progress: 4.4%
2025-08-28 21:58:54,534 - main - INFO -  Download progress: 14.6% (236.0 MB)
2025-08-28 21:58:54,534 - main - INFO - 🔄 OVERALL PROGRESS: 46.5% | File: stock_earning_call_transcripts.parquet | File Progress: 4.4%
2025-08-28 21:58:54,638 - main - INFO -  Download progress: 14.7% (237.0 MB)
2025-08-28 21:58:54,638 - main - INFO - 🔄 OVERALL PROGRESS: 46.6% | File: stock_earning_call_transcripts.parquet | File Progress: 4.4%
2025-08-28 21:58:54,769 - main - INFO -  Download progress: 14.7% (238.0 MB)
2025-08-28 21:58:54,770 - main - INFO - 🔄 OVERALL PROGRESS: 46.7% | File: stock_earning_call_transcripts.parquet | File Progress: 4.4%
2025-08-28 21:58:54,882 - main - INFO -  Download progress: 14.8% (239.0 MB)
2025-08-28 21:58:54,882 - main - INFO - 🔄 OVERALL PROGRESS: 46.8% | File: stock_earning_call_transcripts.parquet | File Progress: 4.4%
2025-08-28 21:58:55,035 - main - INFO -  Download progress: 14.8% (240.0 MB)
2025-08-28 21:58:55,035 - main - INFO - 🔄 OVERALL PROGRESS: 46.9% | File: stock_earning_call_transcripts.parquet | File Progress: 4.5%
2025-08-28 21:58:55,162 - main - INFO -  Download progress: 14.9% (241.0 MB)
2025-08-28 21:58:55,162 - main - INFO - 🔄 OVERALL PROGRESS: 47.1% | File: stock_earning_call_transcripts.parquet | File Progress: 4.5%
2025-08-28 21:58:55,287 - main - INFO -  Download progress: 15.0% (242.0 MB)
2025-08-28 21:58:55,287 - main - INFO - 🔄 OVERALL PROGRESS: 47.2% | File: stock_earning_call_transcripts.parquet | File Progress: 4.5%
2025-08-28 21:58:55,393 - main - INFO -  Download progress: 15.0% (243.0 MB)
2025-08-28 21:58:55,394 - main - INFO - 🔄 OVERALL PROGRESS: 47.3% | File: stock_earning_call_transcripts.parquet | File Progress: 4.5%
2025-08-28 21:58:55,514 - main - INFO -  Download progress: 15.1% (244.0 MB)
2025-08-28 21:58:55,514 - main - INFO - 🔄 OVERALL PROGRESS: 47.4% | File: stock_earning_call_transcripts.parquet | File Progress: 4.5%
2025-08-28 21:58:55,670 - main - INFO -  Download progress: 15.1% (245.0 MB)
2025-08-28 21:58:55,670 - main - INFO - 🔄 OVERALL PROGRESS: 47.5% | File: stock_earning_call_transcripts.parquet | File Progress: 4.5%
2025-08-28 21:58:55,755 - main - INFO -  Download progress: 15.2% (246.0 MB)
2025-08-28 21:58:55,755 - main - INFO - 🔄 OVERALL PROGRESS: 47.6% | File: stock_earning_call_transcripts.parquet | File Progress: 4.6%
2025-08-28 21:58:55,867 - main - INFO -  Download progress: 15.3% (247.0 MB)
2025-08-28 21:58:55,867 - main - INFO - 🔄 OVERALL PROGRESS: 47.7% | File: stock_earning_call_transcripts.parquet | File Progress: 4.6%
2025-08-28 21:58:56,048 - main - INFO -  Download progress: 15.3% (248.0 MB)
2025-08-28 21:58:56,048 - main - INFO - 🔄 OVERALL PROGRESS: 47.8% | File: stock_earning_call_transcripts.parquet | File Progress: 4.6%
2025-08-28 21:58:56,134 - main - INFO -  Download progress: 15.4% (249.0 MB)
2025-08-28 21:58:56,134 - main - INFO - 🔄 OVERALL PROGRESS: 47.9% | File: stock_earning_call_transcripts.parquet | File Progress: 4.6%
2025-08-28 21:58:56,298 - main - INFO -  Download progress: 15.5% (250.0 MB)
2025-08-28 21:58:56,298 - main - INFO - 🔄 OVERALL PROGRESS: 48.0% | File: stock_earning_call_transcripts.parquet | File Progress: 4.6%
2025-08-28 21:58:56,421 - main - INFO -  Download progress: 15.5% (251.0 MB)
2025-08-28 21:58:56,422 - main - INFO - 🔄 OVERALL PROGRESS: 48.1% | File: stock_earning_call_transcripts.parquet | File Progress: 4.7%
2025-08-28 21:58:56,527 - main - INFO -  Download progress: 15.6% (252.0 MB)
2025-08-28 21:58:56,527 - main - INFO - 🔄 OVERALL PROGRESS: 48.2% | File: stock_earning_call_transcripts.parquet | File Progress: 4.7%
2025-08-28 21:58:56,638 - main - INFO -  Download progress: 15.6% (253.0 MB)
2025-08-28 21:58:56,638 - main - INFO - 🔄 OVERALL PROGRESS: 48.3% | File: stock_earning_call_transcripts.parquet | File Progress: 4.7%
2025-08-28 21:58:56,748 - main - INFO -  Download progress: 15.7% (254.0 MB)
2025-08-28 21:58:56,748 - main - INFO - 🔄 OVERALL PROGRESS: 48.4% | File: stock_earning_call_transcripts.parquet | File Progress: 4.7%
2025-08-28 21:58:56,848 - main - INFO -  Download progress: 15.8% (255.0 MB)
2025-08-28 21:58:56,849 - main - INFO - 🔄 OVERALL PROGRESS: 48.5% | File: stock_earning_call_transcripts.parquet | File Progress: 4.7%
2025-08-28 21:58:56,956 - main - INFO -  Download progress: 15.8% (256.0 MB)
2025-08-28 21:58:56,956 - main - INFO - 🔄 OVERALL PROGRESS: 48.6% | File: stock_earning_call_transcripts.parquet | File Progress: 4.7%
2025-08-28 21:58:57,064 - main - INFO -  Download progress: 15.9% (257.0 MB)
2025-08-28 21:58:57,065 - main - INFO - 🔄 OVERALL PROGRESS: 48.7% | File: stock_earning_call_transcripts.parquet | File Progress: 4.8%
2025-08-28 21:58:57,189 - main - INFO -  Download progress: 15.9% (258.0 MB)
2025-08-28 21:58:57,190 - main - INFO - 🔄 OVERALL PROGRESS: 48.8% | File: stock_earning_call_transcripts.parquet | File Progress: 4.8%
2025-08-28 21:58:57,298 - main - INFO -  Download progress: 16.0% (259.0 MB)
2025-08-28 21:58:57,299 - main - INFO - 🔄 OVERALL PROGRESS: 48.9% | File: stock_earning_call_transcripts.parquet | File Progress: 4.8%
2025-08-28 21:58:57,409 - main - INFO -  Download progress: 16.1% (260.0 MB)
2025-08-28 21:58:57,409 - main - INFO - 🔄 OVERALL PROGRESS: 49.0% | File: stock_earning_call_transcripts.parquet | File Progress: 4.8%
2025-08-28 21:58:57,787 - main - INFO -  Download progress: 16.1% (261.0 MB)
2025-08-28 21:58:57,788 - main - INFO - 🔄 OVERALL PROGRESS: 49.1% | File: stock_earning_call_transcripts.parquet | File Progress: 4.8%
2025-08-28 21:58:57,891 - main - INFO -  Download progress: 16.2% (262.0 MB)
2025-08-28 21:58:57,891 - main - INFO - 🔄 OVERALL PROGRESS: 49.2% | File: stock_earning_call_transcripts.parquet | File Progress: 4.9%
2025-08-28 21:58:57,989 - main - INFO -  Download progress: 16.3% (263.0 MB)
2025-08-28 21:58:57,989 - main - INFO - 🔄 OVERALL PROGRESS: 49.3% | File: stock_earning_call_transcripts.parquet | File Progress: 4.9%
2025-08-28 21:58:58,103 - main - INFO -  Download progress: 16.3% (264.0 MB)
2025-08-28 21:58:58,103 - main - INFO - 🔄 OVERALL PROGRESS: 49.4% | File: stock_earning_call_transcripts.parquet | File Progress: 4.9%
2025-08-28 21:58:58,190 - main - INFO -  Download progress: 16.4% (265.0 MB)
2025-08-28 21:58:58,190 - main - INFO - 🔄 OVERALL PROGRESS: 49.5% | File: stock_earning_call_transcripts.parquet | File Progress: 4.9%
2025-08-28 21:58:58,332 - main - INFO -  Download progress: 16.4% (266.0 MB)
2025-08-28 21:58:58,332 - main - INFO - 🔄 OVERALL PROGRESS: 49.6% | File: stock_earning_call_transcripts.parquet | File Progress: 4.9%
2025-08-28 21:58:58,555 - main - INFO -  Download progress: 16.5% (267.0 MB)
2025-08-28 21:58:58,555 - main - INFO - 🔄 OVERALL PROGRESS: 49.7% | File: stock_earning_call_transcripts.parquet | File Progress: 5.0%
2025-08-28 21:58:58,840 - main - INFO -  Download progress: 16.6% (268.0 MB)
2025-08-28 21:58:58,841 - main - INFO - 🔄 OVERALL PROGRESS: 49.8% | File: stock_earning_call_transcripts.parquet | File Progress: 5.0%
2025-08-28 21:58:59,134 - main - INFO -  Download progress: 16.6% (269.0 MB)
2025-08-28 21:58:59,134 - main - INFO - 🔄 OVERALL PROGRESS: 49.9% | File: stock_earning_call_transcripts.parquet | File Progress: 5.0%
2025-08-28 21:58:59,537 - main - INFO -  Download progress: 16.7% (270.0 MB)
2025-08-28 21:58:59,537 - main - INFO - 🔄 OVERALL PROGRESS: 50.0% | File: stock_earning_call_transcripts.parquet | File Progress: 5.0%
2025-08-28 21:58:59,734 - main - INFO -  Download progress: 16.8% (271.0 MB)
2025-08-28 21:58:59,735 - main - INFO - 🔄 OVERALL PROGRESS: 50.1% | File: stock_earning_call_transcripts.parquet | File Progress: 5.0%
2025-08-28 21:58:59,945 - main - INFO -  Download progress: 16.8% (272.0 MB)
2025-08-28 21:58:59,945 - main - INFO - 🔄 OVERALL PROGRESS: 50.2% | File: stock_earning_call_transcripts.parquet | File Progress: 5.0%
2025-08-28 21:59:00,133 - main - INFO -  Download progress: 16.9% (273.0 MB)
2025-08-28 21:59:00,133 - main - INFO - 🔄 OVERALL PROGRESS: 50.3% | File: stock_earning_call_transcripts.parquet | File Progress: 5.1%
2025-08-28 21:59:00,313 - main - INFO -  Download progress: 16.9% (274.0 MB)
2025-08-28 21:59:00,313 - main - INFO - 🔄 OVERALL PROGRESS: 50.5% | File: stock_earning_call_transcripts.parquet | File Progress: 5.1%
2025-08-28 21:59:00,445 - main - INFO -  Download progress: 17.0% (275.0 MB)
2025-08-28 21:59:00,445 - main - INFO - 🔄 OVERALL PROGRESS: 50.6% | File: stock_earning_call_transcripts.parquet | File Progress: 5.1%
2025-08-28 21:59:00,576 - main - INFO -  Download progress: 17.1% (276.0 MB)
2025-08-28 21:59:00,577 - main - INFO - 🔄 OVERALL PROGRESS: 50.7% | File: stock_earning_call_transcripts.parquet | File Progress: 5.1%
2025-08-28 21:59:00,726 - main - INFO -  Download progress: 17.1% (277.0 MB)
2025-08-28 21:59:00,727 - main - INFO - 🔄 OVERALL PROGRESS: 50.8% | File: stock_earning_call_transcripts.parquet | File Progress: 5.1%
2025-08-28 21:59:00,857 - main - INFO -  Download progress: 17.2% (278.0 MB)
2025-08-28 21:59:00,857 - main - INFO - 🔄 OVERALL PROGRESS: 50.9% | File: stock_earning_call_transcripts.parquet | File Progress: 5.2%
2025-08-28 21:59:00,983 - main - INFO -  Download progress: 17.2% (279.0 MB)
2025-08-28 21:59:00,984 - main - INFO - 🔄 OVERALL PROGRESS: 51.0% | File: stock_earning_call_transcripts.parquet | File Progress: 5.2%
2025-08-28 21:59:01,119 - main - INFO -  Download progress: 17.3% (280.0 MB)
2025-08-28 21:59:01,119 - main - INFO - 🔄 OVERALL PROGRESS: 51.1% | File: stock_earning_call_transcripts.parquet | File Progress: 5.2%
2025-08-28 21:59:01,262 - main - INFO -  Download progress: 17.4% (281.0 MB)
2025-08-28 21:59:01,262 - main - INFO - 🔄 OVERALL PROGRESS: 51.2% | File: stock_earning_call_transcripts.parquet | File Progress: 5.2%
2025-08-28 21:59:01,406 - main - INFO -  Download progress: 17.4% (282.0 MB)
2025-08-28 21:59:01,406 - main - INFO - 🔄 OVERALL PROGRESS: 51.3% | File: stock_earning_call_transcripts.parquet | File Progress: 5.2%
2025-08-28 21:59:01,529 - main - INFO -  Download progress: 17.5% (283.0 MB)
2025-08-28 21:59:01,529 - main - INFO - 🔄 OVERALL PROGRESS: 51.4% | File: stock_earning_call_transcripts.parquet | File Progress: 5.2%
2025-08-28 21:59:01,668 - main - INFO -  Download progress: 17.6% (284.0 MB)
2025-08-28 21:59:01,669 - main - INFO - 🔄 OVERALL PROGRESS: 51.5% | File: stock_earning_call_transcripts.parquet | File Progress: 5.3%
2025-08-28 21:59:01,820 - main - INFO -  Download progress: 17.6% (285.0 MB)
2025-08-28 21:59:01,820 - main - INFO - 🔄 OVERALL PROGRESS: 51.6% | File: stock_earning_call_transcripts.parquet | File Progress: 5.3%
2025-08-28 21:59:01,974 - main - INFO -  Download progress: 17.7% (286.0 MB)
2025-08-28 21:59:01,975 - main - INFO - 🔄 OVERALL PROGRESS: 51.7% | File: stock_earning_call_transcripts.parquet | File Progress: 5.3%
2025-08-28 21:59:02,099 - main - INFO -  Download progress: 17.7% (287.0 MB)
2025-08-28 21:59:02,099 - main - INFO - 🔄 OVERALL PROGRESS: 51.8% | File: stock_earning_call_transcripts.parquet | File Progress: 5.3%
2025-08-28 21:59:02,231 - main - INFO -  Download progress: 17.8% (288.0 MB)
2025-08-28 21:59:02,232 - main - INFO - 🔄 OVERALL PROGRESS: 51.9% | File: stock_earning_call_transcripts.parquet | File Progress: 5.3%
2025-08-28 21:59:02,379 - main - INFO -  Download progress: 17.9% (289.0 MB)
2025-08-28 21:59:02,380 - main - INFO - 🔄 OVERALL PROGRESS: 52.0% | File: stock_earning_call_transcripts.parquet | File Progress: 5.4%
2025-08-28 21:59:02,521 - main - INFO -  Download progress: 17.9% (290.0 MB)
2025-08-28 21:59:02,521 - main - INFO - 🔄 OVERALL PROGRESS: 52.1% | File: stock_earning_call_transcripts.parquet | File Progress: 5.4%
2025-08-28 21:59:02,696 - main - INFO -  Download progress: 18.0% (291.0 MB)
2025-08-28 21:59:02,697 - main - INFO - 🔄 OVERALL PROGRESS: 52.2% | File: stock_earning_call_transcripts.parquet | File Progress: 5.4%
2025-08-28 21:59:02,792 - main - INFO -  Download progress: 18.1% (292.0 MB)
2025-08-28 21:59:02,792 - main - INFO - 🔄 OVERALL PROGRESS: 52.3% | File: stock_earning_call_transcripts.parquet | File Progress: 5.4%
2025-08-28 21:59:02,940 - main - INFO -  Download progress: 18.1% (293.0 MB)
2025-08-28 21:59:02,940 - main - INFO - 🔄 OVERALL PROGRESS: 52.4% | File: stock_earning_call_transcripts.parquet | File Progress: 5.4%
2025-08-28 21:59:03,083 - main - INFO -  Download progress: 18.2% (294.0 MB)
2025-08-28 21:59:03,083 - main - INFO - 🔄 OVERALL PROGRESS: 52.5% | File: stock_earning_call_transcripts.parquet | File Progress: 5.5%
2025-08-28 21:59:03,224 - main - INFO -  Download progress: 18.2% (295.0 MB)
2025-08-28 21:59:03,225 - main - INFO - 🔄 OVERALL PROGRESS: 52.6% | File: stock_earning_call_transcripts.parquet | File Progress: 5.5%
2025-08-28 21:59:03,354 - main - INFO -  Download progress: 18.3% (296.0 MB)
2025-08-28 21:59:03,354 - main - INFO - 🔄 OVERALL PROGRESS: 52.7% | File: stock_earning_call_transcripts.parquet | File Progress: 5.5%
2025-08-28 21:59:03,495 - main - INFO -  Download progress: 18.4% (297.0 MB)
2025-08-28 21:59:03,496 - main - INFO - 🔄 OVERALL PROGRESS: 52.8% | File: stock_earning_call_transcripts.parquet | File Progress: 5.5%
2025-08-28 21:59:03,625 - main - INFO -  Download progress: 18.4% (298.0 MB)
2025-08-28 21:59:03,625 - main - INFO - 🔄 OVERALL PROGRESS: 52.9% | File: stock_earning_call_transcripts.parquet | File Progress: 5.5%
2025-08-28 21:59:03,758 - main - INFO -  Download progress: 18.5% (299.0 MB)
2025-08-28 21:59:03,758 - main - INFO - 🔄 OVERALL PROGRESS: 53.0% | File: stock_earning_call_transcripts.parquet | File Progress: 5.5%
2025-08-28 21:59:03,911 - main - INFO -  Download progress: 18.5% (300.0 MB)
2025-08-28 21:59:03,911 - main - INFO - 🔄 OVERALL PROGRESS: 53.1% | File: stock_earning_call_transcripts.parquet | File Progress: 5.6%
2025-08-28 21:59:04,033 - main - INFO -  Download progress: 18.6% (301.0 MB)
2025-08-28 21:59:04,033 - main - INFO - 🔄 OVERALL PROGRESS: 53.2% | File: stock_earning_call_transcripts.parquet | File Progress: 5.6%
2025-08-28 21:59:04,150 - main - INFO -  Download progress: 18.7% (302.0 MB)
2025-08-28 21:59:04,150 - main - INFO - 🔄 OVERALL PROGRESS: 53.3% | File: stock_earning_call_transcripts.parquet | File Progress: 5.6%
2025-08-28 21:59:04,291 - main - INFO -  Download progress: 18.7% (303.0 MB)
2025-08-28 21:59:04,291 - main - INFO - 🔄 OVERALL PROGRESS: 53.4% | File: stock_earning_call_transcripts.parquet | File Progress: 5.6%
2025-08-28 21:59:04,434 - main - INFO -  Download progress: 18.8% (304.0 MB)
2025-08-28 21:59:04,435 - main - INFO - 🔄 OVERALL PROGRESS: 53.5% | File: stock_earning_call_transcripts.parquet | File Progress: 5.6%
2025-08-28 21:59:04,557 - main - INFO -  Download progress: 18.9% (305.0 MB)
2025-08-28 21:59:04,558 - main - INFO - 🔄 OVERALL PROGRESS: 53.6% | File: stock_earning_call_transcripts.parquet | File Progress: 5.7%
2025-08-28 21:59:04,666 - main - INFO -  Download progress: 18.9% (306.0 MB)
2025-08-28 21:59:04,666 - main - INFO - 🔄 OVERALL PROGRESS: 53.7% | File: stock_earning_call_transcripts.parquet | File Progress: 5.7%
2025-08-28 21:59:04,775 - main - INFO -  Download progress: 19.0% (307.0 MB)
2025-08-28 21:59:04,775 - main - INFO - 🔄 OVERALL PROGRESS: 53.9% | File: stock_earning_call_transcripts.parquet | File Progress: 5.7%
2025-08-28 21:59:04,881 - main - INFO -  Download progress: 19.0% (308.0 MB)
2025-08-28 21:59:04,881 - main - INFO - 🔄 OVERALL PROGRESS: 54.0% | File: stock_earning_call_transcripts.parquet | File Progress: 5.7%
2025-08-28 21:59:05,015 - main - INFO -  Download progress: 19.1% (309.0 MB)
2025-08-28 21:59:05,016 - main - INFO - 🔄 OVERALL PROGRESS: 54.1% | File: stock_earning_call_transcripts.parquet | File Progress: 5.7%
2025-08-28 21:59:05,125 - main - INFO -  Download progress: 19.2% (310.0 MB)
2025-08-28 21:59:05,125 - main - INFO - 🔄 OVERALL PROGRESS: 54.2% | File: stock_earning_call_transcripts.parquet | File Progress: 5.7%
2025-08-28 21:59:05,218 - main - INFO -  Download progress: 19.2% (311.0 MB)
2025-08-28 21:59:05,219 - main - INFO - 🔄 OVERALL PROGRESS: 54.3% | File: stock_earning_call_transcripts.parquet | File Progress: 5.8%
2025-08-28 21:59:05,326 - main - INFO -  Download progress: 19.3% (312.0 MB)
2025-08-28 21:59:05,326 - main - INFO - 🔄 OVERALL PROGRESS: 54.4% | File: stock_earning_call_transcripts.parquet | File Progress: 5.8%
2025-08-28 21:59:05,427 - main - INFO -  Download progress: 19.3% (313.0 MB)
2025-08-28 21:59:05,427 - main - INFO - 🔄 OVERALL PROGRESS: 54.5% | File: stock_earning_call_transcripts.parquet | File Progress: 5.8%
2025-08-28 21:59:05,531 - main - INFO -  Download progress: 19.4% (314.0 MB)
2025-08-28 21:59:05,531 - main - INFO - 🔄 OVERALL PROGRESS: 54.6% | File: stock_earning_call_transcripts.parquet | File Progress: 5.8%
2025-08-28 21:59:05,614 - main - INFO -  Download progress: 19.5% (315.0 MB)
2025-08-28 21:59:05,614 - main - INFO - 🔄 OVERALL PROGRESS: 54.7% | File: stock_earning_call_transcripts.parquet | File Progress: 5.8%
2025-08-28 21:59:05,706 - main - INFO -  Download progress: 19.5% (316.0 MB)
2025-08-28 21:59:05,706 - main - INFO - 🔄 OVERALL PROGRESS: 54.8% | File: stock_earning_call_transcripts.parquet | File Progress: 5.9%
2025-08-28 21:59:05,797 - main - INFO -  Download progress: 19.6% (317.0 MB)
2025-08-28 21:59:05,797 - main - INFO - 🔄 OVERALL PROGRESS: 54.9% | File: stock_earning_call_transcripts.parquet | File Progress: 5.9%
2025-08-28 21:59:05,899 - main - INFO -  Download progress: 19.7% (318.0 MB)
2025-08-28 21:59:05,900 - main - INFO - 🔄 OVERALL PROGRESS: 55.0% | File: stock_earning_call_transcripts.parquet | File Progress: 5.9%
2025-08-28 21:59:05,985 - main - INFO -  Download progress: 19.7% (319.0 MB)
2025-08-28 21:59:05,985 - main - INFO - 🔄 OVERALL PROGRESS: 55.1% | File: stock_earning_call_transcripts.parquet | File Progress: 5.9%
2025-08-28 21:59:06,136 - main - INFO -  Download progress: 19.8% (320.0 MB)
2025-08-28 21:59:06,136 - main - INFO - 🔄 OVERALL PROGRESS: 55.2% | File: stock_earning_call_transcripts.parquet | File Progress: 5.9%
2025-08-28 21:59:06,169 - main - INFO -  Download progress: 19.8% (321.0 MB)
2025-08-28 21:59:06,169 - main - INFO - 🔄 OVERALL PROGRESS: 55.3% | File: stock_earning_call_transcripts.parquet | File Progress: 6.0%
2025-08-28 21:59:06,284 - main - INFO -  Download progress: 19.9% (322.0 MB)
2025-08-28 21:59:06,284 - main - INFO - 🔄 OVERALL PROGRESS: 55.4% | File: stock_earning_call_transcripts.parquet | File Progress: 6.0%
2025-08-28 21:59:06,434 - main - INFO -  Download progress: 20.0% (323.0 MB)
2025-08-28 21:59:06,434 - main - INFO - 🔄 OVERALL PROGRESS: 55.5% | File: stock_earning_call_transcripts.parquet | File Progress: 6.0%
2025-08-28 21:59:06,511 - main - INFO -  Download progress: 20.0% (324.0 MB)
2025-08-28 21:59:06,511 - main - INFO - 🔄 OVERALL PROGRESS: 55.6% | File: stock_earning_call_transcripts.parquet | File Progress: 6.0%
2025-08-28 21:59:06,582 - main - INFO -  Download progress: 20.1% (325.0 MB)
2025-08-28 21:59:06,582 - main - INFO - 🔄 OVERALL PROGRESS: 55.7% | File: stock_earning_call_transcripts.parquet | File Progress: 6.0%
2025-08-28 21:59:06,670 - main - INFO -  Download progress: 20.2% (326.0 MB)
2025-08-28 21:59:06,671 - main - INFO - 🔄 OVERALL PROGRESS: 55.8% | File: stock_earning_call_transcripts.parquet | File Progress: 6.0%
2025-08-28 21:59:06,792 - main - INFO -  Download progress: 20.2% (327.0 MB)
2025-08-28 21:59:06,792 - main - INFO - 🔄 OVERALL PROGRESS: 55.9% | File: stock_earning_call_transcripts.parquet | File Progress: 6.1%
2025-08-28 21:59:06,850 - main - INFO -  Download progress: 20.3% (328.0 MB)
2025-08-28 21:59:06,850 - main - INFO - 🔄 OVERALL PROGRESS: 56.0% | File: stock_earning_call_transcripts.parquet | File Progress: 6.1%
2025-08-28 21:59:06,944 - main - INFO -  Download progress: 20.3% (329.0 MB)
2025-08-28 21:59:06,944 - main - INFO - 🔄 OVERALL PROGRESS: 56.1% | File: stock_earning_call_transcripts.parquet | File Progress: 6.1%
2025-08-28 21:59:07,040 - main - INFO -  Download progress: 20.4% (330.0 MB)
2025-08-28 21:59:07,041 - main - INFO - 🔄 OVERALL PROGRESS: 56.2% | File: stock_earning_call_transcripts.parquet | File Progress: 6.1%
2025-08-28 21:59:07,156 - main - INFO -  Download progress: 20.5% (331.0 MB)
2025-08-28 21:59:07,156 - main - INFO - 🔄 OVERALL PROGRESS: 56.3% | File: stock_earning_call_transcripts.parquet | File Progress: 6.1%
2025-08-28 21:59:07,279 - main - INFO -  Download progress: 20.5% (332.0 MB)
2025-08-28 21:59:07,279 - main - INFO - 🔄 OVERALL PROGRESS: 56.4% | File: stock_earning_call_transcripts.parquet | File Progress: 6.2%
2025-08-28 21:59:07,417 - main - INFO -  Download progress: 20.6% (333.0 MB)
2025-08-28 21:59:07,418 - main - INFO - 🔄 OVERALL PROGRESS: 56.5% | File: stock_earning_call_transcripts.parquet | File Progress: 6.2%
2025-08-28 21:59:07,492 - main - INFO -  Download progress: 20.6% (334.0 MB)
2025-08-28 21:59:07,492 - main - INFO - 🔄 OVERALL PROGRESS: 56.6% | File: stock_earning_call_transcripts.parquet | File Progress: 6.2%
2025-08-28 21:59:07,638 - main - INFO -  Download progress: 20.7% (335.0 MB)
2025-08-28 21:59:07,639 - main - INFO - 🔄 OVERALL PROGRESS: 56.7% | File: stock_earning_call_transcripts.parquet | File Progress: 6.2%
2025-08-28 21:59:07,662 - main - INFO -  Download progress: 20.8% (336.0 MB)
2025-08-28 21:59:07,662 - main - INFO - 🔄 OVERALL PROGRESS: 56.8% | File: stock_earning_call_transcripts.parquet | File Progress: 6.2%
2025-08-28 21:59:07,737 - main - INFO -  Download progress: 20.8% (337.0 MB)
2025-08-28 21:59:07,737 - main - INFO - 🔄 OVERALL PROGRESS: 56.9% | File: stock_earning_call_transcripts.parquet | File Progress: 6.2%
2025-08-28 21:59:08,292 - main - INFO -  Download progress: 20.9% (338.0 MB)
2025-08-28 21:59:08,292 - main - INFO - 🔄 OVERALL PROGRESS: 57.0% | File: stock_earning_call_transcripts.parquet | File Progress: 6.3%
2025-08-28 21:59:08,374 - main - INFO -  Download progress: 21.0% (339.0 MB)
2025-08-28 21:59:08,374 - main - INFO - 🔄 OVERALL PROGRESS: 57.1% | File: stock_earning_call_transcripts.parquet | File Progress: 6.3%
2025-08-28 21:59:08,476 - main - INFO -  Download progress: 21.0% (340.0 MB)
2025-08-28 21:59:08,477 - main - INFO - 🔄 OVERALL PROGRESS: 57.3% | File: stock_earning_call_transcripts.parquet | File Progress: 6.3%
2025-08-28 21:59:08,625 - main - INFO -  Download progress: 21.1% (341.0 MB)
2025-08-28 21:59:08,625 - main - INFO - 🔄 OVERALL PROGRESS: 57.4% | File: stock_earning_call_transcripts.parquet | File Progress: 6.3%
2025-08-28 21:59:08,711 - main - INFO -  Download progress: 21.1% (342.0 MB)
2025-08-28 21:59:08,711 - main - INFO - 🔄 OVERALL PROGRESS: 57.5% | File: stock_earning_call_transcripts.parquet | File Progress: 6.3%
2025-08-28 21:59:09,333 - main - INFO -  Download progress: 21.2% (343.0 MB)
2025-08-28 21:59:09,333 - main - INFO - 🔄 OVERALL PROGRESS: 57.6% | File: stock_earning_call_transcripts.parquet | File Progress: 6.4%
2025-08-28 21:59:09,372 - main - INFO -  Download progress: 21.3% (344.0 MB)
2025-08-28 21:59:09,372 - main - INFO - 🔄 OVERALL PROGRESS: 57.7% | File: stock_earning_call_transcripts.parquet | File Progress: 6.4%
2025-08-28 21:59:09,628 - main - INFO -  Download progress: 21.3% (345.0 MB)
2025-08-28 21:59:09,629 - main - INFO - 🔄 OVERALL PROGRESS: 57.8% | File: stock_earning_call_transcripts.parquet | File Progress: 6.4%
2025-08-28 21:59:09,642 - main - INFO -  Download progress: 21.4% (346.0 MB)
2025-08-28 21:59:09,642 - main - INFO - 🔄 OVERALL PROGRESS: 57.9% | File: stock_earning_call_transcripts.parquet | File Progress: 6.4%
2025-08-28 21:59:09,733 - main - INFO -  Download progress: 21.5% (347.0 MB)
2025-08-28 21:59:09,734 - main - INFO - 🔄 OVERALL PROGRESS: 58.0% | File: stock_earning_call_transcripts.parquet | File Progress: 6.4%
2025-08-28 21:59:09,895 - main - INFO -  Download progress: 21.5% (348.0 MB)
2025-08-28 21:59:09,895 - main - INFO - 🔄 OVERALL PROGRESS: 58.1% | File: stock_earning_call_transcripts.parquet | File Progress: 6.5%
2025-08-28 21:59:10,139 - main - INFO -  Download progress: 21.6% (349.0 MB)
2025-08-28 21:59:10,140 - main - INFO - 🔄 OVERALL PROGRESS: 58.2% | File: stock_earning_call_transcripts.parquet | File Progress: 6.5%
2025-08-28 21:59:10,155 - main - INFO -  Download progress: 21.6% (350.0 MB)
2025-08-28 21:59:10,156 - main - INFO - 🔄 OVERALL PROGRESS: 58.3% | File: stock_earning_call_transcripts.parquet | File Progress: 6.5%
2025-08-28 21:59:10,368 - main - INFO -  Download progress: 21.7% (351.0 MB)
2025-08-28 21:59:10,368 - main - INFO - 🔄 OVERALL PROGRESS: 58.4% | File: stock_earning_call_transcripts.parquet | File Progress: 6.5%
2025-08-28 21:59:10,381 - main - INFO -  Download progress: 21.8% (352.0 MB)
2025-08-28 21:59:10,381 - main - INFO - 🔄 OVERALL PROGRESS: 58.5% | File: stock_earning_call_transcripts.parquet | File Progress: 6.5%
2025-08-28 21:59:10,476 - main - INFO -  Download progress: 21.8% (353.0 MB)
2025-08-28 21:59:10,476 - main - INFO - 🔄 OVERALL PROGRESS: 58.6% | File: stock_earning_call_transcripts.parquet | File Progress: 6.5%
2025-08-28 21:59:10,666 - main - INFO -  Download progress: 21.9% (354.0 MB)
2025-08-28 21:59:10,666 - main - INFO - 🔄 OVERALL PROGRESS: 58.7% | File: stock_earning_call_transcripts.parquet | File Progress: 6.6%
2025-08-28 21:59:10,808 - main - INFO -  Download progress: 21.9% (355.0 MB)
2025-08-28 21:59:10,808 - main - INFO - 🔄 OVERALL PROGRESS: 58.8% | File: stock_earning_call_transcripts.parquet | File Progress: 6.6%
2025-08-28 21:59:10,824 - main - INFO -  Download progress: 22.0% (356.0 MB)
2025-08-28 21:59:10,824 - main - INFO - 🔄 OVERALL PROGRESS: 58.9% | File: stock_earning_call_transcripts.parquet | File Progress: 6.6%
2025-08-28 21:59:10,955 - main - INFO -  Download progress: 22.1% (357.0 MB)
2025-08-28 21:59:10,955 - main - INFO - 🔄 OVERALL PROGRESS: 59.0% | File: stock_earning_call_transcripts.parquet | File Progress: 6.6%
2025-08-28 21:59:11,057 - main - INFO -  Download progress: 22.1% (358.0 MB)
2025-08-28 21:59:11,057 - main - INFO - 🔄 OVERALL PROGRESS: 59.1% | File: stock_earning_call_transcripts.parquet | File Progress: 6.6%
2025-08-28 21:59:11,205 - main - INFO -  Download progress: 22.2% (359.0 MB)
2025-08-28 21:59:11,205 - main - INFO - 🔄 OVERALL PROGRESS: 59.2% | File: stock_earning_call_transcripts.parquet | File Progress: 6.7%
2025-08-28 21:59:11,271 - main - INFO -  Download progress: 22.3% (360.0 MB)
2025-08-28 21:59:11,271 - main - INFO - 🔄 OVERALL PROGRESS: 59.3% | File: stock_earning_call_transcripts.parquet | File Progress: 6.7%
2025-08-28 21:59:11,358 - main - INFO -  Download progress: 22.3% (361.0 MB)
2025-08-28 21:59:11,358 - main - INFO - 🔄 OVERALL PROGRESS: 59.4% | File: stock_earning_call_transcripts.parquet | File Progress: 6.7%
2025-08-28 21:59:11,449 - main - INFO -  Download progress: 22.4% (362.0 MB)
2025-08-28 21:59:11,449 - main - INFO - 🔄 OVERALL PROGRESS: 59.5% | File: stock_earning_call_transcripts.parquet | File Progress: 6.7%
2025-08-28 21:59:11,538 - main - INFO -  Download progress: 22.4% (363.0 MB)
2025-08-28 21:59:11,538 - main - INFO - 🔄 OVERALL PROGRESS: 59.6% | File: stock_earning_call_transcripts.parquet | File Progress: 6.7%
2025-08-28 21:59:11,722 - main - INFO -  Download progress: 22.5% (364.0 MB)
2025-08-28 21:59:11,723 - main - INFO - 🔄 OVERALL PROGRESS: 59.7% | File: stock_earning_call_transcripts.parquet | File Progress: 6.8%
2025-08-28 21:59:11,815 - main - INFO -  Download progress: 22.6% (365.0 MB)
2025-08-28 21:59:11,815 - main - INFO - 🔄 OVERALL PROGRESS: 59.8% | File: stock_earning_call_transcripts.parquet | File Progress: 6.8%
2025-08-28 21:59:11,854 - main - INFO -  Download progress: 22.6% (366.0 MB)
2025-08-28 21:59:11,854 - main - INFO - 🔄 OVERALL PROGRESS: 59.9% | File: stock_earning_call_transcripts.parquet | File Progress: 6.8%
2025-08-28 21:59:11,945 - main - INFO -  Download progress: 22.7% (367.0 MB)
2025-08-28 21:59:11,945 - main - INFO - 🔄 OVERALL PROGRESS: 60.0% | File: stock_earning_call_transcripts.parquet | File Progress: 6.8%
2025-08-28 21:59:12,213 - main - INFO -  Download progress: 22.7% (368.0 MB)
2025-08-28 21:59:12,213 - main - INFO - 🔄 OVERALL PROGRESS: 60.1% | File: stock_earning_call_transcripts.parquet | File Progress: 6.8%
2025-08-28 21:59:12,227 - main - INFO -  Download progress: 22.8% (369.0 MB)
2025-08-28 21:59:12,228 - main - INFO - 🔄 OVERALL PROGRESS: 60.2% | File: stock_earning_call_transcripts.parquet | File Progress: 6.8%
2025-08-28 21:59:12,279 - main - INFO -  Download progress: 22.9% (370.0 MB)
2025-08-28 21:59:12,279 - main - INFO - 🔄 OVERALL PROGRESS: 60.3% | File: stock_earning_call_transcripts.parquet | File Progress: 6.9%
2025-08-28 21:59:12,513 - main - INFO -  Download progress: 22.9% (371.0 MB)
2025-08-28 21:59:12,513 - main - INFO - 🔄 OVERALL PROGRESS: 60.4% | File: stock_earning_call_transcripts.parquet | File Progress: 6.9%
2025-08-28 21:59:12,641 - main - INFO -  Download progress: 23.0% (372.0 MB)
2025-08-28 21:59:12,642 - main - INFO - 🔄 OVERALL PROGRESS: 60.5% | File: stock_earning_call_transcripts.parquet | File Progress: 6.9%
2025-08-28 21:59:12,658 - main - INFO -  Download progress: 23.1% (373.0 MB)
2025-08-28 21:59:12,658 - main - INFO - 🔄 OVERALL PROGRESS: 60.7% | File: stock_earning_call_transcripts.parquet | File Progress: 6.9%
2025-08-28 21:59:12,778 - main - INFO -  Download progress: 23.1% (374.0 MB)
2025-08-28 21:59:12,779 - main - INFO - 🔄 OVERALL PROGRESS: 60.8% | File: stock_earning_call_transcripts.parquet | File Progress: 6.9%
2025-08-28 21:59:12,929 - main - INFO -  Download progress: 23.2% (375.0 MB)
2025-08-28 21:59:12,929 - main - INFO - 🔄 OVERALL PROGRESS: 60.9% | File: stock_earning_call_transcripts.parquet | File Progress: 7.0%
2025-08-28 21:59:12,953 - main - INFO -  Download progress: 23.2% (376.0 MB)
2025-08-28 21:59:12,953 - main - INFO - 🔄 OVERALL PROGRESS: 61.0% | File: stock_earning_call_transcripts.parquet | File Progress: 7.0%
2025-08-28 21:59:13,048 - main - INFO -  Download progress: 23.3% (377.0 MB)
2025-08-28 21:59:13,048 - main - INFO - 🔄 OVERALL PROGRESS: 61.1% | File: stock_earning_call_transcripts.parquet | File Progress: 7.0%
2025-08-28 21:59:13,135 - main - INFO -  Download progress: 23.4% (378.0 MB)
2025-08-28 21:59:13,136 - main - INFO - 🔄 OVERALL PROGRESS: 61.2% | File: stock_earning_call_transcripts.parquet | File Progress: 7.0%
2025-08-28 21:59:13,283 - main - INFO -  Download progress: 23.4% (379.0 MB)
2025-08-28 21:59:13,284 - main - INFO - 🔄 OVERALL PROGRESS: 61.3% | File: stock_earning_call_transcripts.parquet | File Progress: 7.0%
2025-08-28 21:59:13,318 - main - INFO -  Download progress: 23.5% (380.0 MB)
2025-08-28 21:59:13,318 - main - INFO - 🔄 OVERALL PROGRESS: 61.4% | File: stock_earning_call_transcripts.parquet | File Progress: 7.0%
2025-08-28 21:59:13,520 - main - INFO -  Download progress: 23.6% (381.0 MB)
2025-08-28 21:59:13,521 - main - INFO - 🔄 OVERALL PROGRESS: 61.5% | File: stock_earning_call_transcripts.parquet | File Progress: 7.1%
2025-08-28 21:59:13,584 - main - INFO -  Download progress: 23.6% (382.0 MB)
2025-08-28 21:59:13,585 - main - INFO - 🔄 OVERALL PROGRESS: 61.6% | File: stock_earning_call_transcripts.parquet | File Progress: 7.1%
2025-08-28 21:59:13,646 - main - INFO -  Download progress: 23.7% (383.0 MB)
2025-08-28 21:59:13,646 - main - INFO - 🔄 OVERALL PROGRESS: 61.7% | File: stock_earning_call_transcripts.parquet | File Progress: 7.1%
2025-08-28 21:59:13,754 - main - INFO -  Download progress: 23.7% (384.0 MB)
2025-08-28 21:59:13,754 - main - INFO - 🔄 OVERALL PROGRESS: 61.8% | File: stock_earning_call_transcripts.parquet | File Progress: 7.1%
2025-08-28 21:59:13,842 - main - INFO -  Download progress: 23.8% (385.0 MB)
2025-08-28 21:59:13,842 - main - INFO - 🔄 OVERALL PROGRESS: 61.9% | File: stock_earning_call_transcripts.parquet | File Progress: 7.1%
2025-08-28 21:59:13,941 - main - INFO -  Download progress: 23.9% (386.0 MB)
2025-08-28 21:59:13,941 - main - INFO - 🔄 OVERALL PROGRESS: 62.0% | File: stock_earning_call_transcripts.parquet | File Progress: 7.2%
2025-08-28 21:59:14,037 - main - INFO -  Download progress: 23.9% (387.0 MB)
2025-08-28 21:59:14,037 - main - INFO - 🔄 OVERALL PROGRESS: 62.1% | File: stock_earning_call_transcripts.parquet | File Progress: 7.2%
2025-08-28 21:59:14,136 - main - INFO -  Download progress: 24.0% (388.0 MB)
2025-08-28 21:59:14,136 - main - INFO - 🔄 OVERALL PROGRESS: 62.2% | File: stock_earning_call_transcripts.parquet | File Progress: 7.2%
2025-08-28 21:59:14,227 - main - INFO -  Download progress: 24.0% (389.0 MB)
2025-08-28 21:59:14,227 - main - INFO - 🔄 OVERALL PROGRESS: 62.3% | File: stock_earning_call_transcripts.parquet | File Progress: 7.2%
2025-08-28 21:59:14,343 - main - INFO -  Download progress: 24.1% (390.0 MB)
2025-08-28 21:59:14,343 - main - INFO - 🔄 OVERALL PROGRESS: 62.4% | File: stock_earning_call_transcripts.parquet | File Progress: 7.2%
2025-08-28 21:59:14,438 - main - INFO -  Download progress: 24.2% (391.0 MB)
2025-08-28 21:59:14,438 - main - INFO - 🔄 OVERALL PROGRESS: 62.5% | File: stock_earning_call_transcripts.parquet | File Progress: 7.3%
2025-08-28 21:59:14,532 - main - INFO -  Download progress: 24.2% (392.0 MB)
2025-08-28 21:59:14,532 - main - INFO - 🔄 OVERALL PROGRESS: 62.6% | File: stock_earning_call_transcripts.parquet | File Progress: 7.3%
2025-08-28 21:59:14,623 - main - INFO -  Download progress: 24.3% (393.0 MB)
2025-08-28 21:59:14,623 - main - INFO - 🔄 OVERALL PROGRESS: 62.7% | File: stock_earning_call_transcripts.parquet | File Progress: 7.3%
2025-08-28 21:59:14,720 - main - INFO -  Download progress: 24.4% (394.0 MB)
2025-08-28 21:59:14,721 - main - INFO - 🔄 OVERALL PROGRESS: 62.8% | File: stock_earning_call_transcripts.parquet | File Progress: 7.3%
2025-08-28 21:59:14,815 - main - INFO -  Download progress: 24.4% (395.0 MB)
2025-08-28 21:59:14,815 - main - INFO - 🔄 OVERALL PROGRESS: 62.9% | File: stock_earning_call_transcripts.parquet | File Progress: 7.3%
2025-08-28 21:59:14,909 - main - INFO -  Download progress: 24.5% (396.0 MB)
2025-08-28 21:59:14,909 - main - INFO - 🔄 OVERALL PROGRESS: 63.0% | File: stock_earning_call_transcripts.parquet | File Progress: 7.3%
2025-08-28 21:59:15,082 - main - INFO -  Download progress: 24.5% (397.0 MB)
2025-08-28 21:59:15,082 - main - INFO - 🔄 OVERALL PROGRESS: 63.1% | File: stock_earning_call_transcripts.parquet | File Progress: 7.4%
2025-08-28 21:59:15,109 - main - INFO -  Download progress: 24.6% (398.0 MB)
2025-08-28 21:59:15,109 - main - INFO - 🔄 OVERALL PROGRESS: 63.2% | File: stock_earning_call_transcripts.parquet | File Progress: 7.4%
2025-08-28 21:59:15,195 - main - INFO -  Download progress: 24.7% (399.0 MB)
2025-08-28 21:59:15,195 - main - INFO - 🔄 OVERALL PROGRESS: 63.3% | File: stock_earning_call_transcripts.parquet | File Progress: 7.4%
2025-08-28 21:59:15,325 - main - INFO -  Download progress: 24.7% (400.0 MB)
2025-08-28 21:59:15,325 - main - INFO - 🔄 OVERALL PROGRESS: 63.4% | File: stock_earning_call_transcripts.parquet | File Progress: 7.4%
2025-08-28 21:59:15,403 - main - INFO -  Download progress: 24.8% (401.0 MB)
2025-08-28 21:59:15,403 - main - INFO - 🔄 OVERALL PROGRESS: 63.5% | File: stock_earning_call_transcripts.parquet | File Progress: 7.4%
2025-08-28 21:59:15,489 - main - INFO -  Download progress: 24.9% (402.0 MB)
2025-08-28 21:59:15,489 - main - INFO - 🔄 OVERALL PROGRESS: 63.6% | File: stock_earning_call_transcripts.parquet | File Progress: 7.5%
2025-08-28 21:59:15,579 - main - INFO -  Download progress: 24.9% (403.0 MB)
2025-08-28 21:59:15,579 - main - INFO - 🔄 OVERALL PROGRESS: 63.7% | File: stock_earning_call_transcripts.parquet | File Progress: 7.5%
2025-08-28 21:59:15,710 - main - INFO -  Download progress: 25.0% (404.0 MB)
2025-08-28 21:59:15,710 - main - INFO - 🔄 OVERALL PROGRESS: 63.8% | File: stock_earning_call_transcripts.parquet | File Progress: 7.5%
2025-08-28 21:59:15,767 - main - INFO -  Download progress: 25.0% (405.0 MB)
2025-08-28 21:59:15,767 - main - INFO - 🔄 OVERALL PROGRESS: 63.9% | File: stock_earning_call_transcripts.parquet | File Progress: 7.5%
2025-08-28 21:59:15,971 - main - INFO -  Download progress: 25.1% (406.0 MB)
2025-08-28 21:59:15,971 - main - INFO - 🔄 OVERALL PROGRESS: 64.1% | File: stock_earning_call_transcripts.parquet | File Progress: 7.5%
2025-08-28 21:59:16,081 - main - INFO -  Download progress: 25.2% (407.0 MB)
2025-08-28 21:59:16,081 - main - INFO - 🔄 OVERALL PROGRESS: 64.2% | File: stock_earning_call_transcripts.parquet | File Progress: 7.5%
2025-08-28 21:59:16,168 - main - INFO -  Download progress: 25.2% (408.0 MB)
2025-08-28 21:59:16,168 - main - INFO - 🔄 OVERALL PROGRESS: 64.3% | File: stock_earning_call_transcripts.parquet | File Progress: 7.6%
2025-08-28 21:59:16,288 - main - INFO -  Download progress: 25.3% (409.0 MB)
2025-08-28 21:59:16,288 - main - INFO - 🔄 OVERALL PROGRESS: 64.4% | File: stock_earning_call_transcripts.parquet | File Progress: 7.6%
2025-08-28 21:59:16,333 - main - INFO -  Download progress: 25.3% (410.0 MB)
2025-08-28 21:59:16,333 - main - INFO - 🔄 OVERALL PROGRESS: 64.5% | File: stock_earning_call_transcripts.parquet | File Progress: 7.6%
2025-08-28 21:59:16,492 - main - INFO -  Download progress: 25.4% (411.0 MB)
2025-08-28 21:59:16,492 - main - INFO - 🔄 OVERALL PROGRESS: 64.6% | File: stock_earning_call_transcripts.parquet | File Progress: 7.6%
2025-08-28 21:59:16,521 - main - INFO -  Download progress: 25.5% (412.0 MB)
2025-08-28 21:59:16,522 - main - INFO - 🔄 OVERALL PROGRESS: 64.7% | File: stock_earning_call_transcripts.parquet | File Progress: 7.6%
2025-08-28 21:59:16,638 - main - INFO -  Download progress: 25.5% (413.0 MB)
2025-08-28 21:59:16,638 - main - INFO - 🔄 OVERALL PROGRESS: 64.8% | File: stock_earning_call_transcripts.parquet | File Progress: 7.7%
2025-08-28 21:59:16,797 - main - INFO -  Download progress: 25.6% (414.0 MB)
2025-08-28 21:59:16,797 - main - INFO - 🔄 OVERALL PROGRESS: 64.9% | File: stock_earning_call_transcripts.parquet | File Progress: 7.7%
2025-08-28 21:59:16,873 - main - INFO -  Download progress: 25.7% (415.0 MB)
2025-08-28 21:59:16,873 - main - INFO - 🔄 OVERALL PROGRESS: 65.0% | File: stock_earning_call_transcripts.parquet | File Progress: 7.7%
2025-08-28 21:59:16,981 - main - INFO -  Download progress: 25.7% (416.0 MB)
2025-08-28 21:59:16,981 - main - INFO - 🔄 OVERALL PROGRESS: 65.1% | File: stock_earning_call_transcripts.parquet | File Progress: 7.7%
2025-08-28 21:59:17,092 - main - INFO -  Download progress: 25.8% (417.0 MB)
2025-08-28 21:59:17,092 - main - INFO - 🔄 OVERALL PROGRESS: 65.2% | File: stock_earning_call_transcripts.parquet | File Progress: 7.7%
2025-08-28 21:59:17,200 - main - INFO -  Download progress: 25.8% (418.0 MB)
2025-08-28 21:59:17,200 - main - INFO - 🔄 OVERALL PROGRESS: 65.3% | File: stock_earning_call_transcripts.parquet | File Progress: 7.8%
2025-08-28 21:59:17,306 - main - INFO -  Download progress: 25.9% (419.0 MB)
2025-08-28 21:59:17,306 - main - INFO - 🔄 OVERALL PROGRESS: 65.4% | File: stock_earning_call_transcripts.parquet | File Progress: 7.8%
2025-08-28 21:59:17,419 - main - INFO -  Download progress: 26.0% (420.0 MB)
2025-08-28 21:59:17,419 - main - INFO - 🔄 OVERALL PROGRESS: 65.5% | File: stock_earning_call_transcripts.parquet | File Progress: 7.8%
2025-08-28 21:59:17,530 - main - INFO -  Download progress: 26.0% (421.0 MB)
2025-08-28 21:59:17,531 - main - INFO - 🔄 OVERALL PROGRESS: 65.6% | File: stock_earning_call_transcripts.parquet | File Progress: 7.8%
2025-08-28 21:59:17,632 - main - INFO -  Download progress: 26.1% (422.0 MB)
2025-08-28 21:59:17,632 - main - INFO - 🔄 OVERALL PROGRESS: 65.7% | File: stock_earning_call_transcripts.parquet | File Progress: 7.8%
2025-08-28 21:59:17,740 - main - INFO -  Download progress: 26.1% (423.0 MB)
2025-08-28 21:59:17,741 - main - INFO - 🔄 OVERALL PROGRESS: 65.8% | File: stock_earning_call_transcripts.parquet | File Progress: 7.8%
2025-08-28 21:59:17,856 - main - INFO -  Download progress: 26.2% (424.0 MB)
2025-08-28 21:59:17,856 - main - INFO - 🔄 OVERALL PROGRESS: 65.9% | File: stock_earning_call_transcripts.parquet | File Progress: 7.9%
2025-08-28 21:59:17,954 - main - INFO -  Download progress: 26.3% (425.0 MB)
2025-08-28 21:59:17,955 - main - INFO - 🔄 OVERALL PROGRESS: 66.0% | File: stock_earning_call_transcripts.parquet | File Progress: 7.9%
2025-08-28 21:59:18,062 - main - INFO -  Download progress: 26.3% (426.0 MB)
2025-08-28 21:59:18,062 - main - INFO - 🔄 OVERALL PROGRESS: 66.1% | File: stock_earning_call_transcripts.parquet | File Progress: 7.9%
2025-08-28 21:59:18,224 - main - INFO -  Download progress: 26.4% (427.0 MB)
2025-08-28 21:59:18,225 - main - INFO - 🔄 OVERALL PROGRESS: 66.2% | File: stock_earning_call_transcripts.parquet | File Progress: 7.9%
2025-08-28 21:59:18,306 - main - INFO -  Download progress: 26.5% (428.0 MB)
2025-08-28 21:59:18,306 - main - INFO - 🔄 OVERALL PROGRESS: 66.3% | File: stock_earning_call_transcripts.parquet | File Progress: 7.9%
2025-08-28 21:59:18,413 - main - INFO -  Download progress: 26.5% (429.0 MB)
2025-08-28 21:59:18,413 - main - INFO - 🔄 OVERALL PROGRESS: 66.4% | File: stock_earning_call_transcripts.parquet | File Progress: 8.0%
2025-08-28 21:59:18,514 - main - INFO -  Download progress: 26.6% (430.0 MB)
2025-08-28 21:59:18,514 - main - INFO - 🔄 OVERALL PROGRESS: 66.5% | File: stock_earning_call_transcripts.parquet | File Progress: 8.0%
2025-08-28 21:59:18,614 - main - INFO -  Download progress: 26.6% (431.0 MB)
2025-08-28 21:59:18,614 - main - INFO - 🔄 OVERALL PROGRESS: 66.6% | File: stock_earning_call_transcripts.parquet | File Progress: 8.0%
2025-08-28 21:59:18,716 - main - INFO -  Download progress: 26.7% (432.0 MB)
2025-08-28 21:59:18,717 - main - INFO - 🔄 OVERALL PROGRESS: 66.7% | File: stock_earning_call_transcripts.parquet | File Progress: 8.0%
2025-08-28 21:59:18,834 - main - INFO -  Download progress: 26.8% (433.0 MB)
2025-08-28 21:59:18,834 - main - INFO - 🔄 OVERALL PROGRESS: 66.8% | File: stock_earning_call_transcripts.parquet | File Progress: 8.0%
2025-08-28 21:59:18,923 - main - INFO -  Download progress: 26.8% (434.0 MB)
2025-08-28 21:59:18,923 - main - INFO - 🔄 OVERALL PROGRESS: 66.9% | File: stock_earning_call_transcripts.parquet | File Progress: 8.0%
2025-08-28 21:59:19,028 - main - INFO -  Download progress: 26.9% (435.0 MB)
2025-08-28 21:59:19,028 - main - INFO - 🔄 OVERALL PROGRESS: 67.0% | File: stock_earning_call_transcripts.parquet | File Progress: 8.1%
2025-08-28 21:59:19,106 - main - INFO -  Download progress: 27.0% (436.0 MB)
2025-08-28 21:59:19,106 - main - INFO - 🔄 OVERALL PROGRESS: 67.1% | File: stock_earning_call_transcripts.parquet | File Progress: 8.1%
2025-08-28 21:59:19,229 - main - INFO -  Download progress: 27.0% (437.0 MB)
2025-08-28 21:59:19,229 - main - INFO - 🔄 OVERALL PROGRESS: 67.2% | File: stock_earning_call_transcripts.parquet | File Progress: 8.1%
2025-08-28 21:59:19,325 - main - INFO -  Download progress: 27.1% (438.0 MB)
2025-08-28 21:59:19,325 - main - INFO - 🔄 OVERALL PROGRESS: 67.3% | File: stock_earning_call_transcripts.parquet | File Progress: 8.1%
2025-08-28 21:59:19,446 - main - INFO -  Download progress: 27.1% (439.0 MB)
2025-08-28 21:59:19,447 - main - INFO - 🔄 OVERALL PROGRESS: 67.5% | File: stock_earning_call_transcripts.parquet | File Progress: 8.1%
2025-08-28 21:59:19,518 - main - INFO -  Download progress: 27.2% (440.0 MB)
2025-08-28 21:59:19,519 - main - INFO - 🔄 OVERALL PROGRESS: 67.6% | File: stock_earning_call_transcripts.parquet | File Progress: 8.2%
2025-08-28 21:59:19,612 - main - INFO -  Download progress: 27.3% (441.0 MB)
2025-08-28 21:59:19,613 - main - INFO - 🔄 OVERALL PROGRESS: 67.7% | File: stock_earning_call_transcripts.parquet | File Progress: 8.2%
2025-08-28 21:59:19,690 - main - INFO -  Download progress: 27.3% (442.0 MB)
2025-08-28 21:59:19,690 - main - INFO - 🔄 OVERALL PROGRESS: 67.8% | File: stock_earning_call_transcripts.parquet | File Progress: 8.2%
2025-08-28 21:59:20,000 - main - INFO -  Download progress: 27.4% (443.0 MB)
2025-08-28 21:59:20,000 - main - INFO - 🔄 OVERALL PROGRESS: 67.9% | File: stock_earning_call_transcripts.parquet | File Progress: 8.2%
2025-08-28 21:59:20,105 - main - INFO -  Download progress: 27.4% (444.0 MB)
2025-08-28 21:59:20,105 - main - INFO - 🔄 OVERALL PROGRESS: 68.0% | File: stock_earning_call_transcripts.parquet | File Progress: 8.2%
2025-08-28 21:59:20,193 - main - INFO -  Download progress: 27.5% (445.0 MB)
2025-08-28 21:59:20,193 - main - INFO - 🔄 OVERALL PROGRESS: 68.1% | File: stock_earning_call_transcripts.parquet | File Progress: 8.3%
2025-08-28 21:59:20,296 - main - INFO -  Download progress: 27.6% (446.0 MB)
2025-08-28 21:59:20,296 - main - INFO - 🔄 OVERALL PROGRESS: 68.2% | File: stock_earning_call_transcripts.parquet | File Progress: 8.3%
2025-08-28 21:59:20,402 - main - INFO -  Download progress: 27.6% (447.0 MB)
2025-08-28 21:59:20,402 - main - INFO - 🔄 OVERALL PROGRESS: 68.3% | File: stock_earning_call_transcripts.parquet | File Progress: 8.3%
2025-08-28 21:59:20,485 - main - INFO -  Download progress: 27.7% (448.0 MB)
2025-08-28 21:59:20,485 - main - INFO - 🔄 OVERALL PROGRESS: 68.4% | File: stock_earning_call_transcripts.parquet | File Progress: 8.3%
2025-08-28 21:59:20,573 - main - INFO -  Download progress: 27.8% (449.0 MB)
2025-08-28 21:59:20,573 - main - INFO - 🔄 OVERALL PROGRESS: 68.5% | File: stock_earning_call_transcripts.parquet | File Progress: 8.3%
2025-08-28 21:59:20,756 - main - INFO -  Download progress: 27.8% (450.0 MB)
2025-08-28 21:59:20,756 - main - INFO - 🔄 OVERALL PROGRESS: 68.6% | File: stock_earning_call_transcripts.parquet | File Progress: 8.3%
2025-08-28 21:59:20,825 - main - INFO -  Download progress: 27.9% (451.0 MB)
2025-08-28 21:59:20,825 - main - INFO - 🔄 OVERALL PROGRESS: 68.7% | File: stock_earning_call_transcripts.parquet | File Progress: 8.4%
2025-08-28 21:59:20,987 - main - INFO -  Download progress: 27.9% (452.0 MB)
2025-08-28 21:59:20,987 - main - INFO - 🔄 OVERALL PROGRESS: 68.8% | File: stock_earning_call_transcripts.parquet | File Progress: 8.4%
2025-08-28 21:59:21,007 - main - INFO -  Download progress: 28.0% (453.0 MB)
2025-08-28 21:59:21,007 - main - INFO - 🔄 OVERALL PROGRESS: 68.9% | File: stock_earning_call_transcripts.parquet | File Progress: 8.4%
2025-08-28 21:59:21,099 - main - INFO -  Download progress: 28.1% (454.0 MB)
2025-08-28 21:59:21,099 - main - INFO - 🔄 OVERALL PROGRESS: 69.0% | File: stock_earning_call_transcripts.parquet | File Progress: 8.4%
2025-08-28 21:59:21,276 - main - INFO -  Download progress: 28.1% (455.0 MB)
2025-08-28 21:59:21,277 - main - INFO - 🔄 OVERALL PROGRESS: 69.1% | File: stock_earning_call_transcripts.parquet | File Progress: 8.4%
2025-08-28 21:59:21,320 - main - INFO -  Download progress: 28.2% (456.0 MB)
2025-08-28 21:59:21,321 - main - INFO - 🔄 OVERALL PROGRESS: 69.2% | File: stock_earning_call_transcripts.parquet | File Progress: 8.5%
2025-08-28 21:59:21,396 - main - INFO -  Download progress: 28.2% (457.0 MB)
2025-08-28 21:59:21,396 - main - INFO - 🔄 OVERALL PROGRESS: 69.3% | File: stock_earning_call_transcripts.parquet | File Progress: 8.5%
2025-08-28 21:59:21,495 - main - INFO -  Download progress: 28.3% (458.0 MB)
2025-08-28 21:59:21,495 - main - INFO - 🔄 OVERALL PROGRESS: 69.4% | File: stock_earning_call_transcripts.parquet | File Progress: 8.5%
2025-08-28 21:59:21,596 - main - INFO -  Download progress: 28.4% (459.0 MB)
2025-08-28 21:59:21,597 - main - INFO - 🔄 OVERALL PROGRESS: 69.5% | File: stock_earning_call_transcripts.parquet | File Progress: 8.5%
2025-08-28 21:59:21,688 - main - INFO -  Download progress: 28.4% (460.0 MB)
2025-08-28 21:59:21,688 - main - INFO - 🔄 OVERALL PROGRESS: 69.6% | File: stock_earning_call_transcripts.parquet | File Progress: 8.5%
2025-08-28 21:59:21,819 - main - INFO -  Download progress: 28.5% (461.0 MB)
2025-08-28 21:59:21,819 - main - INFO - 🔄 OVERALL PROGRESS: 69.7% | File: stock_earning_call_transcripts.parquet | File Progress: 8.5%
2025-08-28 21:59:21,906 - main - INFO -  Download progress: 28.6% (462.0 MB)
2025-08-28 21:59:21,906 - main - INFO - 🔄 OVERALL PROGRESS: 69.8% | File: stock_earning_call_transcripts.parquet | File Progress: 8.6%
2025-08-28 21:59:22,026 - main - INFO -  Download progress: 28.6% (463.0 MB)
2025-08-28 21:59:22,026 - main - INFO - 🔄 OVERALL PROGRESS: 69.9% | File: stock_earning_call_transcripts.parquet | File Progress: 8.6%
2025-08-28 21:59:22,095 - main - INFO -  Download progress: 28.7% (464.0 MB)
2025-08-28 21:59:22,095 - main - INFO - 🔄 OVERALL PROGRESS: 70.0% | File: stock_earning_call_transcripts.parquet | File Progress: 8.6%
2025-08-28 21:59:22,272 - main - INFO -  Download progress: 28.7% (465.0 MB)
2025-08-28 21:59:22,272 - main - INFO - 🔄 OVERALL PROGRESS: 70.1% | File: stock_earning_call_transcripts.parquet | File Progress: 8.6%
2025-08-28 21:59:22,358 - main - INFO -  Download progress: 28.8% (466.0 MB)
2025-08-28 21:59:22,358 - main - INFO - 🔄 OVERALL PROGRESS: 70.2% | File: stock_earning_call_transcripts.parquet | File Progress: 8.6%
2025-08-28 21:59:22,444 - main - INFO -  Download progress: 28.9% (467.0 MB)
2025-08-28 21:59:22,445 - main - INFO - 🔄 OVERALL PROGRESS: 70.3% | File: stock_earning_call_transcripts.parquet | File Progress: 8.7%
2025-08-28 21:59:22,527 - main - INFO -  Download progress: 28.9% (468.0 MB)
2025-08-28 21:59:22,527 - main - INFO - 🔄 OVERALL PROGRESS: 70.4% | File: stock_earning_call_transcripts.parquet | File Progress: 8.7%
2025-08-28 21:59:22,593 - main - INFO -  Download progress: 29.0% (469.0 MB)
2025-08-28 21:59:22,593 - main - INFO - 🔄 OVERALL PROGRESS: 70.5% | File: stock_earning_call_transcripts.parquet | File Progress: 8.7%
2025-08-28 21:59:22,731 - main - INFO -  Download progress: 29.1% (470.0 MB)
2025-08-28 21:59:22,731 - main - INFO - 🔄 OVERALL PROGRESS: 70.6% | File: stock_earning_call_transcripts.parquet | File Progress: 8.7%
2025-08-28 21:59:22,788 - main - INFO -  Download progress: 29.1% (471.0 MB)
2025-08-28 21:59:22,788 - main - INFO - 🔄 OVERALL PROGRESS: 70.7% | File: stock_earning_call_transcripts.parquet | File Progress: 8.7%
2025-08-28 21:59:22,939 - main - INFO -  Download progress: 29.2% (472.0 MB)
2025-08-28 21:59:22,939 - main - INFO - 🔄 OVERALL PROGRESS: 70.9% | File: stock_earning_call_transcripts.parquet | File Progress: 8.8%
2025-08-28 21:59:22,988 - main - INFO -  Download progress: 29.2% (473.0 MB)
2025-08-28 21:59:22,988 - main - INFO - 🔄 OVERALL PROGRESS: 71.0% | File: stock_earning_call_transcripts.parquet | File Progress: 8.8%
2025-08-28 21:59:23,122 - main - INFO -  Download progress: 29.3% (474.0 MB)
2025-08-28 21:59:23,122 - main - INFO - 🔄 OVERALL PROGRESS: 71.1% | File: stock_earning_call_transcripts.parquet | File Progress: 8.8%
2025-08-28 21:59:23,179 - main - INFO -  Download progress: 29.4% (475.0 MB)
2025-08-28 21:59:23,179 - main - INFO - 🔄 OVERALL PROGRESS: 71.2% | File: stock_earning_call_transcripts.parquet | File Progress: 8.8%
2025-08-28 21:59:23,274 - main - INFO -  Download progress: 29.4% (476.0 MB)
2025-08-28 21:59:23,275 - main - INFO - 🔄 OVERALL PROGRESS: 71.3% | File: stock_earning_call_transcripts.parquet | File Progress: 8.8%
2025-08-28 21:59:23,422 - main - INFO -  Download progress: 29.5% (477.0 MB)
2025-08-28 21:59:23,422 - main - INFO - 🔄 OVERALL PROGRESS: 71.4% | File: stock_earning_call_transcripts.parquet | File Progress: 8.8%
2025-08-28 21:59:23,471 - main - INFO -  Download progress: 29.5% (478.0 MB)
2025-08-28 21:59:23,472 - main - INFO - 🔄 OVERALL PROGRESS: 71.5% | File: stock_earning_call_transcripts.parquet | File Progress: 8.9%
2025-08-28 21:59:23,602 - main - INFO -  Download progress: 29.6% (479.0 MB)
2025-08-28 21:59:23,603 - main - INFO - 🔄 OVERALL PROGRESS: 71.6% | File: stock_earning_call_transcripts.parquet | File Progress: 8.9%
2025-08-28 21:59:23,664 - main - INFO -  Download progress: 29.7% (480.0 MB)
2025-08-28 21:59:23,664 - main - INFO - 🔄 OVERALL PROGRESS: 71.7% | File: stock_earning_call_transcripts.parquet | File Progress: 8.9%
2025-08-28 21:59:23,825 - main - INFO -  Download progress: 29.7% (481.0 MB)
2025-08-28 21:59:23,826 - main - INFO - 🔄 OVERALL PROGRESS: 71.8% | File: stock_earning_call_transcripts.parquet | File Progress: 8.9%
2025-08-28 21:59:23,884 - main - INFO -  Download progress: 29.8% (482.0 MB)
2025-08-28 21:59:23,884 - main - INFO - 🔄 OVERALL PROGRESS: 71.9% | File: stock_earning_call_transcripts.parquet | File Progress: 8.9%
2025-08-28 21:59:24,022 - main - INFO -  Download progress: 29.9% (483.0 MB)
2025-08-28 21:59:24,023 - main - INFO - 🔄 OVERALL PROGRESS: 72.0% | File: stock_earning_call_transcripts.parquet | File Progress: 9.0%
2025-08-28 21:59:24,064 - main - INFO -  Download progress: 29.9% (484.0 MB)
2025-08-28 21:59:24,065 - main - INFO - 🔄 OVERALL PROGRESS: 72.1% | File: stock_earning_call_transcripts.parquet | File Progress: 9.0%
2025-08-28 21:59:24,258 - main - INFO -  Download progress: 30.0% (485.0 MB)
2025-08-28 21:59:24,258 - main - INFO - 🔄 OVERALL PROGRESS: 72.2% | File: stock_earning_call_transcripts.parquet | File Progress: 9.0%
2025-08-28 21:59:24,301 - main - INFO -  Download progress: 30.0% (486.0 MB)
2025-08-28 21:59:24,301 - main - INFO - 🔄 OVERALL PROGRESS: 72.3% | File: stock_earning_call_transcripts.parquet | File Progress: 9.0%
2025-08-28 21:59:24,383 - main - INFO -  Download progress: 30.1% (487.0 MB)
2025-08-28 21:59:24,383 - main - INFO - 🔄 OVERALL PROGRESS: 72.4% | File: stock_earning_call_transcripts.parquet | File Progress: 9.0%
2025-08-28 21:59:24,480 - main - INFO -  Download progress: 30.2% (488.0 MB)
2025-08-28 21:59:24,481 - main - INFO - 🔄 OVERALL PROGRESS: 72.5% | File: stock_earning_call_transcripts.parquet | File Progress: 9.0%
2025-08-28 21:59:24,572 - main - INFO -  Download progress: 30.2% (489.0 MB)
2025-08-28 21:59:24,572 - main - INFO - 🔄 OVERALL PROGRESS: 72.6% | File: stock_earning_call_transcripts.parquet | File Progress: 9.1%
2025-08-28 21:59:24,655 - main - INFO -  Download progress: 30.3% (490.0 MB)
2025-08-28 21:59:24,655 - main - INFO - 🔄 OVERALL PROGRESS: 72.7% | File: stock_earning_call_transcripts.parquet | File Progress: 9.1%
2025-08-28 21:59:24,748 - main - INFO -  Download progress: 30.4% (491.0 MB)
2025-08-28 21:59:24,748 - main - INFO - 🔄 OVERALL PROGRESS: 72.8% | File: stock_earning_call_transcripts.parquet | File Progress: 9.1%
2025-08-28 21:59:24,914 - main - INFO -  Download progress: 30.4% (492.0 MB)
2025-08-28 21:59:24,914 - main - INFO - 🔄 OVERALL PROGRESS: 72.9% | File: stock_earning_call_transcripts.parquet | File Progress: 9.1%
2025-08-28 21:59:24,977 - main - INFO -  Download progress: 30.5% (493.0 MB)
2025-08-28 21:59:24,977 - main - INFO - 🔄 OVERALL PROGRESS: 73.0% | File: stock_earning_call_transcripts.parquet | File Progress: 9.1%
2025-08-28 21:59:25,113 - main - INFO -  Download progress: 30.5% (494.0 MB)
2025-08-28 21:59:25,114 - main - INFO - 🔄 OVERALL PROGRESS: 73.1% | File: stock_earning_call_transcripts.parquet | File Progress: 9.2%
2025-08-28 21:59:25,148 - main - INFO -  Download progress: 30.6% (495.0 MB)
2025-08-28 21:59:25,149 - main - INFO - 🔄 OVERALL PROGRESS: 73.2% | File: stock_earning_call_transcripts.parquet | File Progress: 9.2%
2025-08-28 21:59:25,222 - main - INFO -  Download progress: 30.7% (496.0 MB)
2025-08-28 21:59:25,223 - main - INFO - 🔄 OVERALL PROGRESS: 73.3% | File: stock_earning_call_transcripts.parquet | File Progress: 9.2%
2025-08-28 21:59:25,354 - main - INFO -  Download progress: 30.7% (497.0 MB)
2025-08-28 21:59:25,355 - main - INFO - 🔄 OVERALL PROGRESS: 73.4% | File: stock_earning_call_transcripts.parquet | File Progress: 9.2%
2025-08-28 21:59:25,456 - main - INFO -  Download progress: 30.8% (498.0 MB)
2025-08-28 21:59:25,457 - main - INFO - 🔄 OVERALL PROGRESS: 73.5% | File: stock_earning_call_transcripts.parquet | File Progress: 9.2%
2025-08-28 21:59:25,610 - main - INFO -  Download progress: 30.8% (499.0 MB)
2025-08-28 21:59:25,610 - main - INFO - 🔄 OVERALL PROGRESS: 73.6% | File: stock_earning_call_transcripts.parquet | File Progress: 9.3%
2025-08-28 21:59:25,649 - main - INFO -  Download progress: 30.9% (500.0 MB)
2025-08-28 21:59:25,650 - main - INFO - 🔄 OVERALL PROGRESS: 73.7% | File: stock_earning_call_transcripts.parquet | File Progress: 9.3%
2025-08-28 21:59:25,781 - main - INFO -  Download progress: 31.0% (501.0 MB)
2025-08-28 21:59:25,781 - main - INFO - 🔄 OVERALL PROGRESS: 73.8% | File: stock_earning_call_transcripts.parquet | File Progress: 9.3%
2025-08-28 21:59:25,853 - main - INFO -  Download progress: 31.0% (502.0 MB)
2025-08-28 21:59:25,853 - main - INFO - 🔄 OVERALL PROGRESS: 73.9% | File: stock_earning_call_transcripts.parquet | File Progress: 9.3%
2025-08-28 21:59:25,943 - main - INFO -  Download progress: 31.1% (503.0 MB)
2025-08-28 21:59:25,944 - main - INFO - 🔄 OVERALL PROGRESS: 74.0% | File: stock_earning_call_transcripts.parquet | File Progress: 9.3%
2025-08-28 21:59:25,990 - main - INFO -  Download progress: 31.2% (504.0 MB)
2025-08-28 21:59:25,990 - main - INFO - 🔄 OVERALL PROGRESS: 74.1% | File: stock_earning_call_transcripts.parquet | File Progress: 9.3%
2025-08-28 21:59:26,134 - main - INFO -  Download progress: 31.2% (505.0 MB)
2025-08-28 21:59:26,135 - main - INFO - 🔄 OVERALL PROGRESS: 74.3% | File: stock_earning_call_transcripts.parquet | File Progress: 9.4%
2025-08-28 21:59:26,186 - main - INFO -  Download progress: 31.3% (506.0 MB)
2025-08-28 21:59:26,186 - main - INFO - 🔄 OVERALL PROGRESS: 74.4% | File: stock_earning_call_transcripts.parquet | File Progress: 9.4%
2025-08-28 21:59:26,325 - main - INFO -  Download progress: 31.3% (507.0 MB)
2025-08-28 21:59:26,325 - main - INFO - 🔄 OVERALL PROGRESS: 74.5% | File: stock_earning_call_transcripts.parquet | File Progress: 9.4%
2025-08-28 21:59:26,389 - main - INFO -  Download progress: 31.4% (508.0 MB)
2025-08-28 21:59:26,389 - main - INFO - 🔄 OVERALL PROGRESS: 74.6% | File: stock_earning_call_transcripts.parquet | File Progress: 9.4%
2025-08-28 21:59:26,477 - main - INFO -  Download progress: 31.5% (509.0 MB)
2025-08-28 21:59:26,478 - main - INFO - 🔄 OVERALL PROGRESS: 74.7% | File: stock_earning_call_transcripts.parquet | File Progress: 9.4%
2025-08-28 21:59:26,592 - main - INFO -  Download progress: 31.5% (510.0 MB)
2025-08-28 21:59:26,592 - main - INFO - 🔄 OVERALL PROGRESS: 74.8% | File: stock_earning_call_transcripts.parquet | File Progress: 9.5%
2025-08-28 21:59:26,687 - main - INFO -  Download progress: 31.6% (511.0 MB)
2025-08-28 21:59:26,687 - main - INFO - 🔄 OVERALL PROGRESS: 74.9% | File: stock_earning_call_transcripts.parquet | File Progress: 9.5%
2025-08-28 21:59:26,786 - main - INFO -  Download progress: 31.6% (512.0 MB)
2025-08-28 21:59:26,786 - main - INFO - 🔄 OVERALL PROGRESS: 75.0% | File: stock_earning_call_transcripts.parquet | File Progress: 9.5%
2025-08-28 21:59:26,875 - main - INFO -  Download progress: 31.7% (513.0 MB)
2025-08-28 21:59:26,875 - main - INFO - 🔄 OVERALL PROGRESS: 75.1% | File: stock_earning_call_transcripts.parquet | File Progress: 9.5%
2025-08-28 21:59:27,018 - main - INFO -  Download progress: 31.8% (514.0 MB)
2025-08-28 21:59:27,018 - main - INFO - 🔄 OVERALL PROGRESS: 75.2% | File: stock_earning_call_transcripts.parquet | File Progress: 9.5%
2025-08-28 21:59:27,094 - main - INFO -  Download progress: 31.8% (515.0 MB)
2025-08-28 21:59:27,094 - main - INFO - 🔄 OVERALL PROGRESS: 75.3% | File: stock_earning_call_transcripts.parquet | File Progress: 9.6%
2025-08-28 21:59:27,211 - main - INFO -  Download progress: 31.9% (516.0 MB)
2025-08-28 21:59:27,211 - main - INFO - 🔄 OVERALL PROGRESS: 75.4% | File: stock_earning_call_transcripts.parquet | File Progress: 9.6%
2025-08-28 21:59:27,311 - main - INFO -  Download progress: 32.0% (517.0 MB)
2025-08-28 21:59:27,311 - main - INFO - 🔄 OVERALL PROGRESS: 75.5% | File: stock_earning_call_transcripts.parquet | File Progress: 9.6%
2025-08-28 21:59:27,365 - main - INFO -  Download progress: 32.0% (518.0 MB)
2025-08-28 21:59:27,365 - main - INFO - 🔄 OVERALL PROGRESS: 75.6% | File: stock_earning_call_transcripts.parquet | File Progress: 9.6%
2025-08-28 21:59:27,504 - main - INFO -  Download progress: 32.1% (519.0 MB)
2025-08-28 21:59:27,504 - main - INFO - 🔄 OVERALL PROGRESS: 75.7% | File: stock_earning_call_transcripts.parquet | File Progress: 9.6%
2025-08-28 21:59:27,564 - main - INFO -  Download progress: 32.1% (520.0 MB)
2025-08-28 21:59:27,564 - main - INFO - 🔄 OVERALL PROGRESS: 75.8% | File: stock_earning_call_transcripts.parquet | File Progress: 9.6%
2025-08-28 21:59:27,700 - main - INFO -  Download progress: 32.2% (521.0 MB)
2025-08-28 21:59:27,701 - main - INFO - 🔄 OVERALL PROGRESS: 75.9% | File: stock_earning_call_transcripts.parquet | File Progress: 9.7%
2025-08-28 21:59:27,792 - main - INFO -  Download progress: 32.3% (522.0 MB)
2025-08-28 21:59:27,793 - main - INFO - 🔄 OVERALL PROGRESS: 76.0% | File: stock_earning_call_transcripts.parquet | File Progress: 9.7%
2025-08-28 21:59:27,926 - main - INFO -  Download progress: 32.3% (523.0 MB)
2025-08-28 21:59:27,926 - main - INFO - 🔄 OVERALL PROGRESS: 76.1% | File: stock_earning_call_transcripts.parquet | File Progress: 9.7%
2025-08-28 21:59:27,993 - main - INFO -  Download progress: 32.4% (524.0 MB)
2025-08-28 21:59:27,993 - main - INFO - 🔄 OVERALL PROGRESS: 76.2% | File: stock_earning_call_transcripts.parquet | File Progress: 9.7%
2025-08-28 21:59:28,087 - main - INFO -  Download progress: 32.5% (525.0 MB)
2025-08-28 21:59:28,087 - main - INFO - 🔄 OVERALL PROGRESS: 76.3% | File: stock_earning_call_transcripts.parquet | File Progress: 9.7%
2025-08-28 21:59:28,156 - main - INFO -  Download progress: 32.5% (526.0 MB)
2025-08-28 21:59:28,156 - main - INFO - 🔄 OVERALL PROGRESS: 76.4% | File: stock_earning_call_transcripts.parquet | File Progress: 9.8%
2025-08-28 21:59:28,314 - main - INFO -  Download progress: 32.6% (527.0 MB)
2025-08-28 21:59:28,315 - main - INFO - 🔄 OVERALL PROGRESS: 76.5% | File: stock_earning_call_transcripts.parquet | File Progress: 9.8%
2025-08-28 21:59:28,359 - main - INFO -  Download progress: 32.6% (528.0 MB)
2025-08-28 21:59:28,360 - main - INFO - 🔄 OVERALL PROGRESS: 76.6% | File: stock_earning_call_transcripts.parquet | File Progress: 9.8%
2025-08-28 21:59:28,451 - main - INFO -  Download progress: 32.7% (529.0 MB)
2025-08-28 21:59:28,452 - main - INFO - 🔄 OVERALL PROGRESS: 76.7% | File: stock_earning_call_transcripts.parquet | File Progress: 9.8%
2025-08-28 21:59:28,569 - main - INFO -  Download progress: 32.8% (530.0 MB)
2025-08-28 21:59:28,569 - main - INFO - 🔄 OVERALL PROGRESS: 76.8% | File: stock_earning_call_transcripts.parquet | File Progress: 9.8%
2025-08-28 21:59:28,642 - main - INFO -  Download progress: 32.8% (531.0 MB)
2025-08-28 21:59:28,642 - main - INFO - 🔄 OVERALL PROGRESS: 76.9% | File: stock_earning_call_transcripts.parquet | File Progress: 9.8%
2025-08-28 21:59:28,801 - main - INFO -  Download progress: 32.9% (532.0 MB)
2025-08-28 21:59:28,802 - main - INFO - 🔄 OVERALL PROGRESS: 77.0% | File: stock_earning_call_transcripts.parquet | File Progress: 9.9%
2025-08-28 21:59:28,851 - main - INFO -  Download progress: 32.9% (533.0 MB)
2025-08-28 21:59:28,851 - main - INFO - 🔄 OVERALL PROGRESS: 77.1% | File: stock_earning_call_transcripts.parquet | File Progress: 9.9%
2025-08-28 21:59:28,941 - main - INFO -  Download progress: 33.0% (534.0 MB)
2025-08-28 21:59:28,941 - main - INFO - 🔄 OVERALL PROGRESS: 77.2% | File: stock_earning_call_transcripts.parquet | File Progress: 9.9%
2025-08-28 21:59:29,043 - main - INFO -  Download progress: 33.1% (535.0 MB)
2025-08-28 21:59:29,043 - main - INFO - 🔄 OVERALL PROGRESS: 77.3% | File: stock_earning_call_transcripts.parquet | File Progress: 9.9%
2025-08-28 21:59:29,133 - main - INFO -  Download progress: 33.1% (536.0 MB)
2025-08-28 21:59:29,133 - main - INFO - 🔄 OVERALL PROGRESS: 77.4% | File: stock_earning_call_transcripts.parquet | File Progress: 9.9%
2025-08-28 21:59:29,230 - main - INFO -  Download progress: 33.2% (537.0 MB)
2025-08-28 21:59:29,230 - main - INFO - 🔄 OVERALL PROGRESS: 77.5% | File: stock_earning_call_transcripts.parquet | File Progress: 10.0%
2025-08-28 21:59:29,322 - main - INFO -  Download progress: 33.3% (538.0 MB)
2025-08-28 21:59:29,322 - main - INFO - 🔄 OVERALL PROGRESS: 77.7% | File: stock_earning_call_transcripts.parquet | File Progress: 10.0%
2025-08-28 21:59:29,467 - main - INFO -  Download progress: 33.3% (539.0 MB)
2025-08-28 21:59:29,467 - main - INFO - 🔄 OVERALL PROGRESS: 77.8% | File: stock_earning_call_transcripts.parquet | File Progress: 10.0%
2025-08-28 21:59:29,518 - main - INFO -  Download progress: 33.4% (540.0 MB)
2025-08-28 21:59:29,518 - main - INFO - 🔄 OVERALL PROGRESS: 77.9% | File: stock_earning_call_transcripts.parquet | File Progress: 10.0%
2025-08-28 21:59:29,643 - main - INFO -  Download progress: 33.4% (541.0 MB)
2025-08-28 21:59:29,643 - main - INFO - 🔄 OVERALL PROGRESS: 78.0% | File: stock_earning_call_transcripts.parquet | File Progress: 10.0%
2025-08-28 21:59:29,740 - main - INFO -  Download progress: 33.5% (542.0 MB)
2025-08-28 21:59:29,741 - main - INFO - 🔄 OVERALL PROGRESS: 78.1% | File: stock_earning_call_transcripts.parquet | File Progress: 10.1%
2025-08-28 21:59:29,825 - main - INFO -  Download progress: 33.6% (543.0 MB)
2025-08-28 21:59:29,825 - main - INFO - 🔄 OVERALL PROGRESS: 78.2% | File: stock_earning_call_transcripts.parquet | File Progress: 10.1%
2025-08-28 21:59:29,982 - main - INFO -  Download progress: 33.6% (544.0 MB)
2025-08-28 21:59:29,982 - main - INFO - 🔄 OVERALL PROGRESS: 78.3% | File: stock_earning_call_transcripts.parquet | File Progress: 10.1%
2025-08-28 21:59:30,324 - main - INFO -  Download progress: 33.7% (545.0 MB)
2025-08-28 21:59:30,325 - main - INFO - 🔄 OVERALL PROGRESS: 78.4% | File: stock_earning_call_transcripts.parquet | File Progress: 10.1%
2025-08-28 21:59:30,371 - main - INFO -  Download progress: 33.8% (546.0 MB)
2025-08-28 21:59:30,371 - main - INFO - 🔄 OVERALL PROGRESS: 78.5% | File: stock_earning_call_transcripts.parquet | File Progress: 10.1%
2025-08-28 21:59:30,475 - main - INFO -  Download progress: 33.8% (547.0 MB)
2025-08-28 21:59:30,475 - main - INFO - 🔄 OVERALL PROGRESS: 78.6% | File: stock_earning_call_transcripts.parquet | File Progress: 10.1%
2025-08-28 21:59:30,569 - main - INFO -  Download progress: 33.9% (548.0 MB)
2025-08-28 21:59:30,570 - main - INFO - 🔄 OVERALL PROGRESS: 78.7% | File: stock_earning_call_transcripts.parquet | File Progress: 10.2%
2025-08-28 21:59:30,663 - main - INFO -  Download progress: 33.9% (549.0 MB)
2025-08-28 21:59:30,664 - main - INFO - 🔄 OVERALL PROGRESS: 78.8% | File: stock_earning_call_transcripts.parquet | File Progress: 10.2%
2025-08-28 21:59:30,756 - main - INFO -  Download progress: 34.0% (550.0 MB)
2025-08-28 21:59:30,757 - main - INFO - 🔄 OVERALL PROGRESS: 78.9% | File: stock_earning_call_transcripts.parquet | File Progress: 10.2%
2025-08-28 21:59:30,921 - main - INFO -  Download progress: 34.1% (551.0 MB)
2025-08-28 21:59:30,921 - main - INFO - 🔄 OVERALL PROGRESS: 79.0% | File: stock_earning_call_transcripts.parquet | File Progress: 10.2%
2025-08-28 21:59:30,976 - main - INFO -  Download progress: 34.1% (552.0 MB)
2025-08-28 21:59:30,976 - main - INFO - 🔄 OVERALL PROGRESS: 79.1% | File: stock_earning_call_transcripts.parquet | File Progress: 10.2%
2025-08-28 21:59:31,066 - main - INFO -  Download progress: 34.2% (553.0 MB)
2025-08-28 21:59:31,067 - main - INFO - 🔄 OVERALL PROGRESS: 79.2% | File: stock_earning_call_transcripts.parquet | File Progress: 10.3%
2025-08-28 21:59:31,197 - main - INFO -  Download progress: 34.2% (554.0 MB)
2025-08-28 21:59:31,198 - main - INFO - 🔄 OVERALL PROGRESS: 79.3% | File: stock_earning_call_transcripts.parquet | File Progress: 10.3%
2025-08-28 21:59:31,248 - main - INFO -  Download progress: 34.3% (555.0 MB)
2025-08-28 21:59:31,248 - main - INFO - 🔄 OVERALL PROGRESS: 79.4% | File: stock_earning_call_transcripts.parquet | File Progress: 10.3%
2025-08-28 21:59:31,399 - main - INFO -  Download progress: 34.4% (556.0 MB)
2025-08-28 21:59:31,400 - main - INFO - 🔄 OVERALL PROGRESS: 79.5% | File: stock_earning_call_transcripts.parquet | File Progress: 10.3%
2025-08-28 21:59:31,463 - main - INFO -  Download progress: 34.4% (557.0 MB)
2025-08-28 21:59:31,463 - main - INFO - 🔄 OVERALL PROGRESS: 79.6% | File: stock_earning_call_transcripts.parquet | File Progress: 10.3%
2025-08-28 21:59:31,568 - main - INFO -  Download progress: 34.5% (558.0 MB)
2025-08-28 21:59:31,569 - main - INFO - 🔄 OVERALL PROGRESS: 79.7% | File: stock_earning_call_transcripts.parquet | File Progress: 10.3%
2025-08-28 21:59:31,618 - main - INFO -  Download progress: 34.6% (559.0 MB)
2025-08-28 21:59:31,618 - main - INFO - 🔄 OVERALL PROGRESS: 79.8% | File: stock_earning_call_transcripts.parquet | File Progress: 10.4%
2025-08-28 21:59:31,711 - main - INFO -  Download progress: 34.6% (560.0 MB)
2025-08-28 21:59:31,711 - main - INFO - 🔄 OVERALL PROGRESS: 79.9% | File: stock_earning_call_transcripts.parquet | File Progress: 10.4%
2025-08-28 21:59:31,814 - main - INFO -  Download progress: 34.7% (561.0 MB)
2025-08-28 21:59:31,814 - main - INFO - 🔄 OVERALL PROGRESS: 80.0% | File: stock_earning_call_transcripts.parquet | File Progress: 10.4%
2025-08-28 21:59:31,903 - main - INFO -  Download progress: 34.7% (562.0 MB)
2025-08-28 21:59:31,903 - main - INFO - 🔄 OVERALL PROGRESS: 80.1% | File: stock_earning_call_transcripts.parquet | File Progress: 10.4%
2025-08-28 21:59:32,053 - main - INFO -  Download progress: 34.8% (563.0 MB)
2025-08-28 21:59:32,054 - main - INFO - 🔄 OVERALL PROGRESS: 80.2% | File: stock_earning_call_transcripts.parquet | File Progress: 10.4%
2025-08-28 21:59:32,113 - main - INFO -  Download progress: 34.9% (564.0 MB)
2025-08-28 21:59:32,113 - main - INFO - 🔄 OVERALL PROGRESS: 80.3% | File: stock_earning_call_transcripts.parquet | File Progress: 10.5%
2025-08-28 21:59:32,268 - main - INFO -  Download progress: 34.9% (565.0 MB)
2025-08-28 21:59:32,268 - main - INFO - 🔄 OVERALL PROGRESS: 80.4% | File: stock_earning_call_transcripts.parquet | File Progress: 10.5%
2025-08-28 21:59:32,326 - main - INFO -  Download progress: 35.0% (566.0 MB)
2025-08-28 21:59:32,326 - main - INFO - 🔄 OVERALL PROGRESS: 80.5% | File: stock_earning_call_transcripts.parquet | File Progress: 10.5%
2025-08-28 21:59:32,408 - main - INFO -  Download progress: 35.0% (567.0 MB)
2025-08-28 21:59:32,408 - main - INFO - 🔄 OVERALL PROGRESS: 80.6% | File: stock_earning_call_transcripts.parquet | File Progress: 10.5%
2025-08-28 21:59:32,580 - main - INFO -  Download progress: 35.1% (568.0 MB)
2025-08-28 21:59:32,580 - main - INFO - 🔄 OVERALL PROGRESS: 80.7% | File: stock_earning_call_transcripts.parquet | File Progress: 10.5%
2025-08-28 21:59:32,622 - main - INFO -  Download progress: 35.2% (569.0 MB)
2025-08-28 21:59:32,622 - main - INFO - 🔄 OVERALL PROGRESS: 80.8% | File: stock_earning_call_transcripts.parquet | File Progress: 10.6%
2025-08-28 21:59:32,713 - main - INFO -  Download progress: 35.2% (570.0 MB)
2025-08-28 21:59:32,713 - main - INFO - 🔄 OVERALL PROGRESS: 80.9% | File: stock_earning_call_transcripts.parquet | File Progress: 10.6%
2025-08-28 21:59:32,864 - main - INFO -  Download progress: 35.3% (571.0 MB)
2025-08-28 21:59:32,865 - main - INFO - 🔄 OVERALL PROGRESS: 81.1% | File: stock_earning_call_transcripts.parquet | File Progress: 10.6%
2025-08-28 21:59:32,915 - main - INFO -  Download progress: 35.4% (572.0 MB)
2025-08-28 21:59:32,915 - main - INFO - 🔄 OVERALL PROGRESS: 81.2% | File: stock_earning_call_transcripts.parquet | File Progress: 10.6%
2025-08-28 21:59:33,010 - main - INFO -  Download progress: 35.4% (573.0 MB)
2025-08-28 21:59:33,010 - main - INFO - 🔄 OVERALL PROGRESS: 81.3% | File: stock_earning_call_transcripts.parquet | File Progress: 10.6%
2025-08-28 21:59:33,114 - main - INFO -  Download progress: 35.5% (574.0 MB)
2025-08-28 21:59:33,114 - main - INFO - 🔄 OVERALL PROGRESS: 81.4% | File: stock_earning_call_transcripts.parquet | File Progress: 10.6%
2025-08-28 21:59:33,277 - main - INFO -  Download progress: 35.5% (575.0 MB)
2025-08-28 21:59:33,277 - main - INFO - 🔄 OVERALL PROGRESS: 81.5% | File: stock_earning_call_transcripts.parquet | File Progress: 10.7%
2025-08-28 21:59:33,351 - main - INFO -  Download progress: 35.6% (576.0 MB)
2025-08-28 21:59:33,351 - main - INFO - 🔄 OVERALL PROGRESS: 81.6% | File: stock_earning_call_transcripts.parquet | File Progress: 10.7%
2025-08-28 21:59:33,450 - main - INFO -  Download progress: 35.7% (577.0 MB)
2025-08-28 21:59:33,450 - main - INFO - 🔄 OVERALL PROGRESS: 81.7% | File: stock_earning_call_transcripts.parquet | File Progress: 10.7%
2025-08-28 21:59:33,549 - main - INFO -  Download progress: 35.7% (578.0 MB)
2025-08-28 21:59:33,549 - main - INFO - 🔄 OVERALL PROGRESS: 81.8% | File: stock_earning_call_transcripts.parquet | File Progress: 10.7%
2025-08-28 21:59:33,609 - main - INFO -  Download progress: 35.8% (579.0 MB)
2025-08-28 21:59:33,609 - main - INFO - 🔄 OVERALL PROGRESS: 81.9% | File: stock_earning_call_transcripts.parquet | File Progress: 10.7%
2025-08-28 21:59:33,755 - main - INFO -  Download progress: 35.9% (580.0 MB)
2025-08-28 21:59:33,756 - main - INFO - 🔄 OVERALL PROGRESS: 82.0% | File: stock_earning_call_transcripts.parquet | File Progress: 10.8%
2025-08-28 21:59:33,836 - main - INFO -  Download progress: 35.9% (581.0 MB)
2025-08-28 21:59:33,837 - main - INFO - 🔄 OVERALL PROGRESS: 82.1% | File: stock_earning_call_transcripts.parquet | File Progress: 10.8%
2025-08-28 21:59:33,922 - main - INFO -  Download progress: 36.0% (582.0 MB)
2025-08-28 21:59:33,923 - main - INFO - 🔄 OVERALL PROGRESS: 82.2% | File: stock_earning_call_transcripts.parquet | File Progress: 10.8%
2025-08-28 21:59:33,976 - main - INFO -  Download progress: 36.0% (583.0 MB)
2025-08-28 21:59:33,976 - main - INFO - 🔄 OVERALL PROGRESS: 82.3% | File: stock_earning_call_transcripts.parquet | File Progress: 10.8%
2025-08-28 21:59:34,051 - main - INFO -  Download progress: 36.1% (584.0 MB)
2025-08-28 21:59:34,051 - main - INFO - 🔄 OVERALL PROGRESS: 82.4% | File: stock_earning_call_transcripts.parquet | File Progress: 10.8%
2025-08-28 21:59:34,153 - main - INFO -  Download progress: 36.2% (585.0 MB)
2025-08-28 21:59:34,153 - main - INFO - 🔄 OVERALL PROGRESS: 82.5% | File: stock_earning_call_transcripts.parquet | File Progress: 10.8%
2025-08-28 21:59:34,300 - main - INFO -  Download progress: 36.2% (586.0 MB)
2025-08-28 21:59:34,301 - main - INFO - 🔄 OVERALL PROGRESS: 82.6% | File: stock_earning_call_transcripts.parquet | File Progress: 10.9%
2025-08-28 21:59:34,426 - main - INFO -  Download progress: 36.3% (587.0 MB)
2025-08-28 21:59:34,426 - main - INFO - 🔄 OVERALL PROGRESS: 82.7% | File: stock_earning_call_transcripts.parquet | File Progress: 10.9%
2025-08-28 21:59:34,539 - main - INFO -  Download progress: 36.3% (588.0 MB)
2025-08-28 21:59:34,539 - main - INFO - 🔄 OVERALL PROGRESS: 82.8% | File: stock_earning_call_transcripts.parquet | File Progress: 10.9%
2025-08-28 21:59:34,621 - main - INFO -  Download progress: 36.4% (589.0 MB)
2025-08-28 21:59:34,621 - main - INFO - 🔄 OVERALL PROGRESS: 82.9% | File: stock_earning_call_transcripts.parquet | File Progress: 10.9%
2025-08-28 21:59:34,658 - main - INFO -  Download progress: 36.5% (590.0 MB)
2025-08-28 21:59:34,659 - main - INFO - 🔄 OVERALL PROGRESS: 83.0% | File: stock_earning_call_transcripts.parquet | File Progress: 10.9%
2025-08-28 21:59:34,746 - main - INFO -  Download progress: 36.5% (591.0 MB)
2025-08-28 21:59:34,747 - main - INFO - 🔄 OVERALL PROGRESS: 83.1% | File: stock_earning_call_transcripts.parquet | File Progress: 11.0%
2025-08-28 21:59:34,895 - main - INFO -  Download progress: 36.6% (592.0 MB)
2025-08-28 21:59:34,895 - main - INFO - 🔄 OVERALL PROGRESS: 83.2% | File: stock_earning_call_transcripts.parquet | File Progress: 11.0%
2025-08-28 21:59:34,942 - main - INFO -  Download progress: 36.7% (593.0 MB)
2025-08-28 21:59:34,942 - main - INFO - 🔄 OVERALL PROGRESS: 83.3% | File: stock_earning_call_transcripts.parquet | File Progress: 11.0%
2025-08-28 21:59:35,093 - main - INFO -  Download progress: 36.7% (594.0 MB)
2025-08-28 21:59:35,093 - main - INFO - 🔄 OVERALL PROGRESS: 83.4% | File: stock_earning_call_transcripts.parquet | File Progress: 11.0%
2025-08-28 21:59:35,160 - main - INFO -  Download progress: 36.8% (595.0 MB)
2025-08-28 21:59:35,160 - main - INFO - 🔄 OVERALL PROGRESS: 83.5% | File: stock_earning_call_transcripts.parquet | File Progress: 11.0%
2025-08-28 21:59:35,319 - main - INFO -  Download progress: 36.8% (596.0 MB)
2025-08-28 21:59:35,319 - main - INFO - 🔄 OVERALL PROGRESS: 83.6% | File: stock_earning_call_transcripts.parquet | File Progress: 11.1%
2025-08-28 21:59:35,380 - main - INFO -  Download progress: 36.9% (597.0 MB)
2025-08-28 21:59:35,380 - main - INFO - 🔄 OVERALL PROGRESS: 83.7% | File: stock_earning_call_transcripts.parquet | File Progress: 11.1%
2025-08-28 21:59:35,474 - main - INFO -  Download progress: 37.0% (598.0 MB)
2025-08-28 21:59:35,474 - main - INFO - 🔄 OVERALL PROGRESS: 83.8% | File: stock_earning_call_transcripts.parquet | File Progress: 11.1%
2025-08-28 21:59:35,582 - main - INFO -  Download progress: 37.0% (599.0 MB)
2025-08-28 21:59:35,582 - main - INFO - 🔄 OVERALL PROGRESS: 83.9% | File: stock_earning_call_transcripts.parquet | File Progress: 11.1%
2025-08-28 21:59:35,684 - main - INFO -  Download progress: 37.1% (600.0 MB)
2025-08-28 21:59:35,685 - main - INFO - 🔄 OVERALL PROGRESS: 84.0% | File: stock_earning_call_transcripts.parquet | File Progress: 11.1%
2025-08-28 21:59:35,778 - main - INFO -  Download progress: 37.2% (601.0 MB)
2025-08-28 21:59:35,779 - main - INFO - 🔄 OVERALL PROGRESS: 84.1% | File: stock_earning_call_transcripts.parquet | File Progress: 11.1%
2025-08-28 21:59:35,873 - main - INFO -  Download progress: 37.2% (602.0 MB)
2025-08-28 21:59:35,873 - main - INFO - 🔄 OVERALL PROGRESS: 84.2% | File: stock_earning_call_transcripts.parquet | File Progress: 11.2%
2025-08-28 21:59:35,963 - main - INFO -  Download progress: 37.3% (603.0 MB)
2025-08-28 21:59:35,963 - main - INFO - 🔄 OVERALL PROGRESS: 84.3% | File: stock_earning_call_transcripts.parquet | File Progress: 11.2%
2025-08-28 21:59:36,058 - main - INFO -  Download progress: 37.3% (604.0 MB)
2025-08-28 21:59:36,058 - main - INFO - 🔄 OVERALL PROGRESS: 84.5% | File: stock_earning_call_transcripts.parquet | File Progress: 11.2%
2025-08-28 21:59:36,162 - main - INFO -  Download progress: 37.4% (605.0 MB)
2025-08-28 21:59:36,162 - main - INFO - 🔄 OVERALL PROGRESS: 84.6% | File: stock_earning_call_transcripts.parquet | File Progress: 11.2%
2025-08-28 21:59:36,260 - main - INFO -  Download progress: 37.5% (606.0 MB)
2025-08-28 21:59:36,260 - main - INFO - 🔄 OVERALL PROGRESS: 84.7% | File: stock_earning_call_transcripts.parquet | File Progress: 11.2%
2025-08-28 21:59:36,348 - main - INFO -  Download progress: 37.5% (607.0 MB)
2025-08-28 21:59:36,348 - main - INFO - 🔄 OVERALL PROGRESS: 84.8% | File: stock_earning_call_transcripts.parquet | File Progress: 11.3%
2025-08-28 21:59:36,437 - main - INFO -  Download progress: 37.6% (608.0 MB)
2025-08-28 21:59:36,437 - main - INFO - 🔄 OVERALL PROGRESS: 84.9% | File: stock_earning_call_transcripts.parquet | File Progress: 11.3%
2025-08-28 21:59:36,572 - main - INFO -  Download progress: 37.6% (609.0 MB)
2025-08-28 21:59:36,572 - main - INFO - 🔄 OVERALL PROGRESS: 85.0% | File: stock_earning_call_transcripts.parquet | File Progress: 11.3%
2025-08-28 21:59:36,649 - main - INFO -  Download progress: 37.7% (610.0 MB)
2025-08-28 21:59:36,649 - main - INFO - 🔄 OVERALL PROGRESS: 85.1% | File: stock_earning_call_transcripts.parquet | File Progress: 11.3%
2025-08-28 21:59:36,765 - main - INFO -  Download progress: 37.8% (611.0 MB)
2025-08-28 21:59:36,765 - main - INFO - 🔄 OVERALL PROGRESS: 85.2% | File: stock_earning_call_transcripts.parquet | File Progress: 11.3%
2025-08-28 21:59:36,871 - main - INFO -  Download progress: 37.8% (612.0 MB)
2025-08-28 21:59:36,872 - main - INFO - 🔄 OVERALL PROGRESS: 85.3% | File: stock_earning_call_transcripts.parquet | File Progress: 11.3%
2025-08-28 21:59:37,054 - main - INFO -  Download progress: 37.9% (613.0 MB)
2025-08-28 21:59:37,054 - main - INFO - 🔄 OVERALL PROGRESS: 85.4% | File: stock_earning_call_transcripts.parquet | File Progress: 11.4%
2025-08-28 21:59:37,068 - main - INFO -  Download progress: 38.0% (614.0 MB)
2025-08-28 21:59:37,068 - main - INFO - 🔄 OVERALL PROGRESS: 85.5% | File: stock_earning_call_transcripts.parquet | File Progress: 11.4%
2025-08-28 21:59:37,143 - main - INFO -  Download progress: 38.0% (615.0 MB)
2025-08-28 21:59:37,144 - main - INFO - 🔄 OVERALL PROGRESS: 85.6% | File: stock_earning_call_transcripts.parquet | File Progress: 11.4%
2025-08-28 21:59:37,242 - main - INFO -  Download progress: 38.1% (616.0 MB)
2025-08-28 21:59:37,242 - main - INFO - 🔄 OVERALL PROGRESS: 85.7% | File: stock_earning_call_transcripts.parquet | File Progress: 11.4%
2025-08-28 21:59:37,418 - main - INFO -  Download progress: 38.1% (617.0 MB)
2025-08-28 21:59:37,418 - main - INFO - 🔄 OVERALL PROGRESS: 85.8% | File: stock_earning_call_transcripts.parquet | File Progress: 11.4%
2025-08-28 21:59:37,471 - main - INFO -  Download progress: 38.2% (618.0 MB)
2025-08-28 21:59:37,471 - main - INFO - 🔄 OVERALL PROGRESS: 85.9% | File: stock_earning_call_transcripts.parquet | File Progress: 11.5%
2025-08-28 21:59:37,542 - main - INFO -  Download progress: 38.3% (619.0 MB)
2025-08-28 21:59:37,542 - main - INFO - 🔄 OVERALL PROGRESS: 86.0% | File: stock_earning_call_transcripts.parquet | File Progress: 11.5%
2025-08-28 21:59:37,634 - main - INFO -  Download progress: 38.3% (620.0 MB)
2025-08-28 21:59:37,634 - main - INFO - 🔄 OVERALL PROGRESS: 86.1% | File: stock_earning_call_transcripts.parquet | File Progress: 11.5%
2025-08-28 21:59:37,729 - main - INFO -  Download progress: 38.4% (621.0 MB)
2025-08-28 21:59:37,729 - main - INFO - 🔄 OVERALL PROGRESS: 86.2% | File: stock_earning_call_transcripts.parquet | File Progress: 11.5%
2025-08-28 21:59:37,825 - main - INFO -  Download progress: 38.4% (622.0 MB)
2025-08-28 21:59:37,825 - main - INFO - 🔄 OVERALL PROGRESS: 86.3% | File: stock_earning_call_transcripts.parquet | File Progress: 11.5%
2025-08-28 21:59:38,005 - main - INFO -  Download progress: 38.5% (623.0 MB)
2025-08-28 21:59:38,006 - main - INFO - 🔄 OVERALL PROGRESS: 86.4% | File: stock_earning_call_transcripts.parquet | File Progress: 11.6%
2025-08-28 21:59:38,020 - main - INFO -  Download progress: 38.6% (624.0 MB)
2025-08-28 21:59:38,021 - main - INFO - 🔄 OVERALL PROGRESS: 86.5% | File: stock_earning_call_transcripts.parquet | File Progress: 11.6%
2025-08-28 21:59:38,114 - main - INFO -  Download progress: 38.6% (625.0 MB)
2025-08-28 21:59:38,114 - main - INFO - 🔄 OVERALL PROGRESS: 86.6% | File: stock_earning_call_transcripts.parquet | File Progress: 11.6%
2025-08-28 21:59:38,212 - main - INFO -  Download progress: 38.7% (626.0 MB)
2025-08-28 21:59:38,212 - main - INFO - 🔄 OVERALL PROGRESS: 86.7% | File: stock_earning_call_transcripts.parquet | File Progress: 11.6%
2025-08-28 21:59:38,364 - main - INFO -  Download progress: 38.8% (627.0 MB)
2025-08-28 21:59:38,364 - main - INFO - 🔄 OVERALL PROGRESS: 86.8% | File: stock_earning_call_transcripts.parquet | File Progress: 11.6%
2025-08-28 21:59:38,421 - main - INFO -  Download progress: 38.8% (628.0 MB)
2025-08-28 21:59:38,421 - main - INFO - 🔄 OVERALL PROGRESS: 86.9% | File: stock_earning_call_transcripts.parquet | File Progress: 11.6%
2025-08-28 21:59:38,577 - main - INFO -  Download progress: 38.9% (629.0 MB)
2025-08-28 21:59:38,577 - main - INFO - 🔄 OVERALL PROGRESS: 87.0% | File: stock_earning_call_transcripts.parquet | File Progress: 11.7%
2025-08-28 21:59:38,619 - main - INFO -  Download progress: 38.9% (630.0 MB)
2025-08-28 21:59:38,619 - main - INFO - 🔄 OVERALL PROGRESS: 87.1% | File: stock_earning_call_transcripts.parquet | File Progress: 11.7%
2025-08-28 21:59:38,714 - main - INFO -  Download progress: 39.0% (631.0 MB)
2025-08-28 21:59:38,715 - main - INFO - 🔄 OVERALL PROGRESS: 87.2% | File: stock_earning_call_transcripts.parquet | File Progress: 11.7%
2025-08-28 21:59:38,803 - main - INFO -  Download progress: 39.1% (632.0 MB)
2025-08-28 21:59:38,803 - main - INFO - 🔄 OVERALL PROGRESS: 87.3% | File: stock_earning_call_transcripts.parquet | File Progress: 11.7%
2025-08-28 21:59:38,995 - main - INFO -  Download progress: 39.1% (633.0 MB)
2025-08-28 21:59:38,996 - main - INFO - 🔄 OVERALL PROGRESS: 87.4% | File: stock_earning_call_transcripts.parquet | File Progress: 11.7%
2025-08-28 21:59:39,051 - main - INFO -  Download progress: 39.2% (634.0 MB)
2025-08-28 21:59:39,051 - main - INFO - 🔄 OVERALL PROGRESS: 87.5% | File: stock_earning_call_transcripts.parquet | File Progress: 11.8%
2025-08-28 21:59:39,188 - main - INFO -  Download progress: 39.3% (635.0 MB)
2025-08-28 21:59:39,188 - main - INFO - 🔄 OVERALL PROGRESS: 87.6% | File: stock_earning_call_transcripts.parquet | File Progress: 11.8%
2025-08-28 21:59:39,274 - main - INFO -  Download progress: 39.3% (636.0 MB)
2025-08-28 21:59:39,274 - main - INFO - 🔄 OVERALL PROGRESS: 87.7% | File: stock_earning_call_transcripts.parquet | File Progress: 11.8%
2025-08-28 21:59:39,512 - main - INFO -  Download progress: 39.4% (637.0 MB)
2025-08-28 21:59:39,512 - main - INFO - 🔄 OVERALL PROGRESS: 87.9% | File: stock_earning_call_transcripts.parquet | File Progress: 11.8%
2025-08-28 21:59:39,758 - main - INFO -  Download progress: 39.4% (638.0 MB)
2025-08-28 21:59:39,758 - main - INFO - 🔄 OVERALL PROGRESS: 88.0% | File: stock_earning_call_transcripts.parquet | File Progress: 11.8%
2025-08-28 21:59:39,984 - main - INFO -  Download progress: 39.5% (639.0 MB)
2025-08-28 21:59:39,985 - main - INFO - 🔄 OVERALL PROGRESS: 88.1% | File: stock_earning_call_transcripts.parquet | File Progress: 11.9%
2025-08-28 21:59:40,228 - main - INFO -  Download progress: 39.6% (640.0 MB)
2025-08-28 21:59:40,228 - main - INFO - 🔄 OVERALL PROGRESS: 88.2% | File: stock_earning_call_transcripts.parquet | File Progress: 11.9%
2025-08-28 21:59:40,905 - main - INFO -  Download progress: 39.6% (641.0 MB)
2025-08-28 21:59:40,905 - main - INFO - 🔄 OVERALL PROGRESS: 88.3% | File: stock_earning_call_transcripts.parquet | File Progress: 11.9%
2025-08-28 21:59:41,021 - main - INFO -  Download progress: 39.7% (642.0 MB)
2025-08-28 21:59:41,022 - main - INFO - 🔄 OVERALL PROGRESS: 88.4% | File: stock_earning_call_transcripts.parquet | File Progress: 11.9%
2025-08-28 21:59:41,215 - main - INFO -  Download progress: 39.7% (643.0 MB)
2025-08-28 21:59:41,216 - main - INFO - 🔄 OVERALL PROGRESS: 88.5% | File: stock_earning_call_transcripts.parquet | File Progress: 11.9%
2025-08-28 21:59:41,427 - main - INFO -  Download progress: 39.8% (644.0 MB)
2025-08-28 21:59:41,427 - main - INFO - 🔄 OVERALL PROGRESS: 88.6% | File: stock_earning_call_transcripts.parquet | File Progress: 11.9%
2025-08-28 21:59:41,604 - main - INFO -  Download progress: 39.9% (645.0 MB)
2025-08-28 21:59:41,605 - main - INFO - 🔄 OVERALL PROGRESS: 88.7% | File: stock_earning_call_transcripts.parquet | File Progress: 12.0%
2025-08-28 21:59:41,766 - main - INFO -  Download progress: 39.9% (646.0 MB)
2025-08-28 21:59:41,766 - main - INFO - 🔄 OVERALL PROGRESS: 88.8% | File: stock_earning_call_transcripts.parquet | File Progress: 12.0%
2025-08-28 21:59:41,935 - main - INFO -  Download progress: 40.0% (647.0 MB)
2025-08-28 21:59:41,935 - main - INFO - 🔄 OVERALL PROGRESS: 88.9% | File: stock_earning_call_transcripts.parquet | File Progress: 12.0%
2025-08-28 21:59:42,106 - main - INFO -  Download progress: 40.1% (648.0 MB)
2025-08-28 21:59:42,107 - main - INFO - 🔄 OVERALL PROGRESS: 89.0% | File: stock_earning_call_transcripts.parquet | File Progress: 12.0%
2025-08-28 21:59:42,271 - main - INFO -  Download progress: 40.1% (649.0 MB)
2025-08-28 21:59:42,271 - main - INFO - 🔄 OVERALL PROGRESS: 89.1% | File: stock_earning_call_transcripts.parquet | File Progress: 12.0%
2025-08-28 21:59:42,442 - main - INFO -  Download progress: 40.2% (650.0 MB)
2025-08-28 21:59:42,443 - main - INFO - 🔄 OVERALL PROGRESS: 89.2% | File: stock_earning_call_transcripts.parquet | File Progress: 12.1%
2025-08-28 21:59:42,608 - main - INFO -  Download progress: 40.2% (651.0 MB)
2025-08-28 21:59:42,608 - main - INFO - 🔄 OVERALL PROGRESS: 89.3% | File: stock_earning_call_transcripts.parquet | File Progress: 12.1%
2025-08-28 21:59:42,853 - main - INFO -  Download progress: 40.3% (652.0 MB)
2025-08-28 21:59:42,853 - main - INFO - 🔄 OVERALL PROGRESS: 89.4% | File: stock_earning_call_transcripts.parquet | File Progress: 12.1%
2025-08-28 21:59:42,947 - main - INFO -  Download progress: 40.4% (653.0 MB)
2025-08-28 21:59:42,947 - main - INFO - 🔄 OVERALL PROGRESS: 89.5% | File: stock_earning_call_transcripts.parquet | File Progress: 12.1%
2025-08-28 21:59:43,089 - main - INFO -  Download progress: 40.4% (654.0 MB)
2025-08-28 21:59:43,089 - main - INFO - 🔄 OVERALL PROGRESS: 89.6% | File: stock_earning_call_transcripts.parquet | File Progress: 12.1%
2025-08-28 21:59:43,244 - main - INFO -  Download progress: 40.5% (655.0 MB)
2025-08-28 21:59:43,244 - main - INFO - 🔄 OVERALL PROGRESS: 89.7% | File: stock_earning_call_transcripts.parquet | File Progress: 12.1%
2025-08-28 21:59:43,415 - main - INFO -  Download progress: 40.6% (656.0 MB)
2025-08-28 21:59:43,415 - main - INFO - 🔄 OVERALL PROGRESS: 89.8% | File: stock_earning_call_transcripts.parquet | File Progress: 12.2%
2025-08-28 21:59:43,678 - main - INFO -  Download progress: 40.6% (657.0 MB)
2025-08-28 21:59:43,679 - main - INFO - 🔄 OVERALL PROGRESS: 89.9% | File: stock_earning_call_transcripts.parquet | File Progress: 12.2%
2025-08-28 21:59:43,777 - main - INFO -  Download progress: 40.7% (658.0 MB)
2025-08-28 21:59:43,778 - main - INFO - 🔄 OVERALL PROGRESS: 90.0% | File: stock_earning_call_transcripts.parquet | File Progress: 12.2%
2025-08-28 21:59:43,930 - main - INFO -  Download progress: 40.7% (659.0 MB)
2025-08-28 21:59:43,930 - main - INFO - 🔄 OVERALL PROGRESS: 90.1% | File: stock_earning_call_transcripts.parquet | File Progress: 12.2%
2025-08-28 21:59:44,081 - main - INFO -  Download progress: 40.8% (660.0 MB)
2025-08-28 21:59:44,081 - main - INFO - 🔄 OVERALL PROGRESS: 90.2% | File: stock_earning_call_transcripts.parquet | File Progress: 12.2%
2025-08-28 21:59:44,241 - main - INFO -  Download progress: 40.9% (661.0 MB)
2025-08-28 21:59:44,241 - main - INFO - 🔄 OVERALL PROGRESS: 90.3% | File: stock_earning_call_transcripts.parquet | File Progress: 12.3%
2025-08-28 21:59:44,394 - main - INFO -  Download progress: 40.9% (662.0 MB)
2025-08-28 21:59:44,394 - main - INFO - 🔄 OVERALL PROGRESS: 90.4% | File: stock_earning_call_transcripts.parquet | File Progress: 12.3%
2025-08-28 21:59:44,545 - main - INFO -  Download progress: 41.0% (663.0 MB)
2025-08-28 21:59:44,546 - main - INFO - 🔄 OVERALL PROGRESS: 90.5% | File: stock_earning_call_transcripts.parquet | File Progress: 12.3%
2025-08-28 21:59:44,775 - main - INFO -  Download progress: 41.0% (664.0 MB)
2025-08-28 21:59:44,775 - main - INFO - 🔄 OVERALL PROGRESS: 90.6% | File: stock_earning_call_transcripts.parquet | File Progress: 12.3%
2025-08-28 21:59:44,881 - main - INFO -  Download progress: 41.1% (665.0 MB)
2025-08-28 21:59:44,882 - main - INFO - 🔄 OVERALL PROGRESS: 90.7% | File: stock_earning_call_transcripts.parquet | File Progress: 12.3%
2025-08-28 21:59:45,046 - main - INFO -  Download progress: 41.2% (666.0 MB)
2025-08-28 21:59:45,047 - main - INFO - 🔄 OVERALL PROGRESS: 90.8% | File: stock_earning_call_transcripts.parquet | File Progress: 12.4%
2025-08-28 21:59:45,200 - main - INFO -  Download progress: 41.2% (667.0 MB)
2025-08-28 21:59:45,200 - main - INFO - 🔄 OVERALL PROGRESS: 90.9% | File: stock_earning_call_transcripts.parquet | File Progress: 12.4%
2025-08-28 21:59:45,358 - main - INFO -  Download progress: 41.3% (668.0 MB)
2025-08-28 21:59:45,358 - main - INFO - 🔄 OVERALL PROGRESS: 91.0% | File: stock_earning_call_transcripts.parquet | File Progress: 12.4%
2025-08-28 21:59:45,519 - main - INFO -  Download progress: 41.4% (669.0 MB)
2025-08-28 21:59:45,519 - main - INFO - 🔄 OVERALL PROGRESS: 91.1% | File: stock_earning_call_transcripts.parquet | File Progress: 12.4%
2025-08-28 21:59:45,681 - main - INFO -  Download progress: 41.4% (670.0 MB)
2025-08-28 21:59:45,682 - main - INFO - 🔄 OVERALL PROGRESS: 91.3% | File: stock_earning_call_transcripts.parquet | File Progress: 12.4%
2025-08-28 21:59:45,835 - main - INFO -  Download progress: 41.5% (671.0 MB)
2025-08-28 21:59:45,836 - main - INFO - 🔄 OVERALL PROGRESS: 91.4% | File: stock_earning_call_transcripts.parquet | File Progress: 12.4%
2025-08-28 21:59:46,015 - main - INFO -  Download progress: 41.5% (672.0 MB)
2025-08-28 21:59:46,015 - main - INFO - 🔄 OVERALL PROGRESS: 91.5% | File: stock_earning_call_transcripts.parquet | File Progress: 12.5%
2025-08-28 21:59:46,171 - main - INFO -  Download progress: 41.6% (673.0 MB)
2025-08-28 21:59:46,172 - main - INFO - 🔄 OVERALL PROGRESS: 91.6% | File: stock_earning_call_transcripts.parquet | File Progress: 12.5%
2025-08-28 21:59:46,315 - main - INFO -  Download progress: 41.7% (674.0 MB)
2025-08-28 21:59:46,316 - main - INFO - 🔄 OVERALL PROGRESS: 91.7% | File: stock_earning_call_transcripts.parquet | File Progress: 12.5%
2025-08-28 21:59:46,463 - main - INFO -  Download progress: 41.7% (675.0 MB)
2025-08-28 21:59:46,464 - main - INFO - 🔄 OVERALL PROGRESS: 91.8% | File: stock_earning_call_transcripts.parquet | File Progress: 12.5%
2025-08-28 21:59:46,626 - main - INFO -  Download progress: 41.8% (676.0 MB)
2025-08-28 21:59:46,627 - main - INFO - 🔄 OVERALL PROGRESS: 91.9% | File: stock_earning_call_transcripts.parquet | File Progress: 12.5%
2025-08-28 21:59:46,776 - main - INFO -  Download progress: 41.8% (677.0 MB)
2025-08-28 21:59:46,777 - main - INFO - 🔄 OVERALL PROGRESS: 92.0% | File: stock_earning_call_transcripts.parquet | File Progress: 12.6%
2025-08-28 21:59:46,935 - main - INFO -  Download progress: 41.9% (678.0 MB)
2025-08-28 21:59:46,935 - main - INFO - 🔄 OVERALL PROGRESS: 92.1% | File: stock_earning_call_transcripts.parquet | File Progress: 12.6%
2025-08-28 21:59:47,087 - main - INFO -  Download progress: 42.0% (679.0 MB)
2025-08-28 21:59:47,087 - main - INFO - 🔄 OVERALL PROGRESS: 92.2% | File: stock_earning_call_transcripts.parquet | File Progress: 12.6%
2025-08-28 21:59:47,242 - main - INFO -  Download progress: 42.0% (680.0 MB)
2025-08-28 21:59:47,243 - main - INFO - 🔄 OVERALL PROGRESS: 92.3% | File: stock_earning_call_transcripts.parquet | File Progress: 12.6%
2025-08-28 21:59:47,389 - main - INFO -  Download progress: 42.1% (681.0 MB)
2025-08-28 21:59:47,389 - main - INFO - 🔄 OVERALL PROGRESS: 92.4% | File: stock_earning_call_transcripts.parquet | File Progress: 12.6%
2025-08-28 21:59:47,549 - main - INFO -  Download progress: 42.2% (682.0 MB)
2025-08-28 21:59:47,550 - main - INFO - 🔄 OVERALL PROGRESS: 92.5% | File: stock_earning_call_transcripts.parquet | File Progress: 12.6%
2025-08-28 21:59:47,717 - main - INFO -  Download progress: 42.2% (683.0 MB)
2025-08-28 21:59:47,718 - main - INFO - 🔄 OVERALL PROGRESS: 92.6% | File: stock_earning_call_transcripts.parquet | File Progress: 12.7%
2025-08-28 21:59:47,869 - main - INFO -  Download progress: 42.3% (684.0 MB)
2025-08-28 21:59:47,869 - main - INFO - 🔄 OVERALL PROGRESS: 92.7% | File: stock_earning_call_transcripts.parquet | File Progress: 12.7%
2025-08-28 21:59:48,051 - main - INFO -  Download progress: 42.3% (685.0 MB)
2025-08-28 21:59:48,051 - main - INFO - 🔄 OVERALL PROGRESS: 92.8% | File: stock_earning_call_transcripts.parquet | File Progress: 12.7%
2025-08-28 21:59:48,193 - main - INFO -  Download progress: 42.4% (686.0 MB)
2025-08-28 21:59:48,194 - main - INFO - 🔄 OVERALL PROGRESS: 92.9% | File: stock_earning_call_transcripts.parquet | File Progress: 12.7%
2025-08-28 21:59:48,413 - main - INFO -  Download progress: 42.5% (687.0 MB)
2025-08-28 21:59:48,413 - main - INFO - 🔄 OVERALL PROGRESS: 93.0% | File: stock_earning_call_transcripts.parquet | File Progress: 12.7%
2025-08-28 21:59:48,493 - main - INFO -  Download progress: 42.5% (688.0 MB)
2025-08-28 21:59:48,494 - main - INFO - 🔄 OVERALL PROGRESS: 93.1% | File: stock_earning_call_transcripts.parquet | File Progress: 12.8%
2025-08-28 21:59:48,655 - main - INFO -  Download progress: 42.6% (689.0 MB)
2025-08-28 21:59:48,655 - main - INFO - 🔄 OVERALL PROGRESS: 93.2% | File: stock_earning_call_transcripts.parquet | File Progress: 12.8%
2025-08-28 21:59:48,806 - main - INFO -  Download progress: 42.7% (690.0 MB)
2025-08-28 21:59:48,806 - main - INFO - 🔄 OVERALL PROGRESS: 93.3% | File: stock_earning_call_transcripts.parquet | File Progress: 12.8%
2025-08-28 21:59:49,162 - main - INFO -  Download progress: 42.7% (691.0 MB)
2025-08-28 21:59:49,162 - main - INFO - 🔄 OVERALL PROGRESS: 93.4% | File: stock_earning_call_transcripts.parquet | File Progress: 12.8%
2025-08-28 21:59:49,286 - main - INFO -  Download progress: 42.8% (692.0 MB)
2025-08-28 21:59:49,286 - main - INFO - 🔄 OVERALL PROGRESS: 93.5% | File: stock_earning_call_transcripts.parquet | File Progress: 12.8%
2025-08-28 21:59:49,444 - main - INFO -  Download progress: 42.8% (693.0 MB)
2025-08-28 21:59:49,445 - main - INFO - 🔄 OVERALL PROGRESS: 93.6% | File: stock_earning_call_transcripts.parquet | File Progress: 12.9%
2025-08-28 21:59:49,600 - main - INFO -  Download progress: 42.9% (694.0 MB)
2025-08-28 21:59:49,600 - main - INFO - 🔄 OVERALL PROGRESS: 93.7% | File: stock_earning_call_transcripts.parquet | File Progress: 12.9%
2025-08-28 21:59:49,772 - main - INFO -  Download progress: 43.0% (695.0 MB)
2025-08-28 21:59:49,772 - main - INFO - 🔄 OVERALL PROGRESS: 93.8% | File: stock_earning_call_transcripts.parquet | File Progress: 12.9%
2025-08-28 21:59:49,923 - main - INFO -  Download progress: 43.0% (696.0 MB)
2025-08-28 21:59:49,924 - main - INFO - 🔄 OVERALL PROGRESS: 93.9% | File: stock_earning_call_transcripts.parquet | File Progress: 12.9%
2025-08-28 21:59:50,092 - main - INFO -  Download progress: 43.1% (697.0 MB)
2025-08-28 21:59:50,092 - main - INFO - 🔄 OVERALL PROGRESS: 94.0% | File: stock_earning_call_transcripts.parquet | File Progress: 12.9%
2025-08-28 21:59:50,251 - main - INFO -  Download progress: 43.1% (698.0 MB)
2025-08-28 21:59:50,251 - main - INFO - 🔄 OVERALL PROGRESS: 94.1% | File: stock_earning_call_transcripts.parquet | File Progress: 12.9%
2025-08-28 21:59:50,442 - main - INFO -  Download progress: 43.2% (699.0 MB)
2025-08-28 21:59:50,443 - main - INFO - 🔄 OVERALL PROGRESS: 94.2% | File: stock_earning_call_transcripts.parquet | File Progress: 13.0%
2025-08-28 21:59:50,596 - main - INFO -  Download progress: 43.3% (700.0 MB)
2025-08-28 21:59:50,596 - main - INFO - 🔄 OVERALL PROGRESS: 94.3% | File: stock_earning_call_transcripts.parquet | File Progress: 13.0%
2025-08-28 21:59:50,782 - main - INFO -  Download progress: 43.3% (701.0 MB)
2025-08-28 21:59:50,782 - main - INFO - 🔄 OVERALL PROGRESS: 94.4% | File: stock_earning_call_transcripts.parquet | File Progress: 13.0%
2025-08-28 21:59:51,015 - main - INFO -  Download progress: 43.4% (702.0 MB)
2025-08-28 21:59:51,015 - main - INFO - 🔄 OVERALL PROGRESS: 94.5% | File: stock_earning_call_transcripts.parquet | File Progress: 13.0%
2025-08-28 21:59:51,154 - main - INFO -  Download progress: 43.5% (703.0 MB)
2025-08-28 21:59:51,154 - main - INFO - 🔄 OVERALL PROGRESS: 94.7% | File: stock_earning_call_transcripts.parquet | File Progress: 13.0%
2025-08-28 21:59:51,918 - main - INFO -  Download progress: 43.5% (704.0 MB)
2025-08-28 21:59:51,918 - main - INFO - 🔄 OVERALL PROGRESS: 94.8% | File: stock_earning_call_transcripts.parquet | File Progress: 13.1%
2025-08-28 21:59:52,649 - main - INFO -  Download progress: 43.6% (705.0 MB)
2025-08-28 21:59:52,649 - main - INFO - 🔄 OVERALL PROGRESS: 94.9% | File: stock_earning_call_transcripts.parquet | File Progress: 13.1%
2025-08-28 21:59:52,935 - main - INFO -  Download progress: 43.6% (706.0 MB)
2025-08-28 21:59:52,935 - main - INFO - 🔄 OVERALL PROGRESS: 95.0% | File: stock_earning_call_transcripts.parquet | File Progress: 13.1%
2025-08-28 21:59:53,193 - main - INFO -  Download progress: 43.7% (707.0 MB)
2025-08-28 21:59:53,193 - main - INFO - 🔄 OVERALL PROGRESS: 95.1% | File: stock_earning_call_transcripts.parquet | File Progress: 13.1%
2025-08-28 21:59:53,436 - main - INFO -  Download progress: 43.8% (708.0 MB)
2025-08-28 21:59:53,436 - main - INFO - 🔄 OVERALL PROGRESS: 95.2% | File: stock_earning_call_transcripts.parquet | File Progress: 13.1%
2025-08-28 21:59:53,640 - main - INFO -  Download progress: 43.8% (709.0 MB)
2025-08-28 21:59:53,640 - main - INFO - 🔄 OVERALL PROGRESS: 95.3% | File: stock_earning_call_transcripts.parquet | File Progress: 13.1%
2025-08-28 21:59:53,825 - main - INFO -  Download progress: 43.9% (710.0 MB)
2025-08-28 21:59:53,826 - main - INFO - 🔄 OVERALL PROGRESS: 95.4% | File: stock_earning_call_transcripts.parquet | File Progress: 13.2%
2025-08-28 21:59:54,016 - main - INFO -  Download progress: 44.0% (711.0 MB)
2025-08-28 21:59:54,016 - main - INFO - 🔄 OVERALL PROGRESS: 95.5% | File: stock_earning_call_transcripts.parquet | File Progress: 13.2%
2025-08-28 21:59:54,185 - main - INFO -  Download progress: 44.0% (712.0 MB)
2025-08-28 21:59:54,186 - main - INFO - 🔄 OVERALL PROGRESS: 95.6% | File: stock_earning_call_transcripts.parquet | File Progress: 13.2%
2025-08-28 21:59:54,366 - main - INFO -  Download progress: 44.1% (713.0 MB)
2025-08-28 21:59:54,366 - main - INFO - 🔄 OVERALL PROGRESS: 95.7% | File: stock_earning_call_transcripts.parquet | File Progress: 13.2%
2025-08-28 21:59:54,547 - main - INFO -  Download progress: 44.1% (714.0 MB)
2025-08-28 21:59:54,547 - main - INFO - 🔄 OVERALL PROGRESS: 95.8% | File: stock_earning_call_transcripts.parquet | File Progress: 13.2%
2025-08-28 21:59:54,711 - main - INFO -  Download progress: 44.2% (715.0 MB)
2025-08-28 21:59:54,712 - main - INFO - 🔄 OVERALL PROGRESS: 95.9% | File: stock_earning_call_transcripts.parquet | File Progress: 13.3%
2025-08-28 21:59:54,862 - main - INFO -  Download progress: 44.3% (716.0 MB)
2025-08-28 21:59:54,863 - main - INFO - 🔄 OVERALL PROGRESS: 96.0% | File: stock_earning_call_transcripts.parquet | File Progress: 13.3%
2025-08-28 21:59:55,013 - main - INFO -  Download progress: 44.3% (717.0 MB)
2025-08-28 21:59:55,014 - main - INFO - 🔄 OVERALL PROGRESS: 96.1% | File: stock_earning_call_transcripts.parquet | File Progress: 13.3%
2025-08-28 21:59:55,163 - main - INFO -  Download progress: 44.4% (718.0 MB)
2025-08-28 21:59:55,164 - main - INFO - 🔄 OVERALL PROGRESS: 96.2% | File: stock_earning_call_transcripts.parquet | File Progress: 13.3%
2025-08-28 21:59:55,306 - main - INFO -  Download progress: 44.4% (719.0 MB)
2025-08-28 21:59:55,306 - main - INFO - 🔄 OVERALL PROGRESS: 96.3% | File: stock_earning_call_transcripts.parquet | File Progress: 13.3%
2025-08-28 21:59:55,429 - main - INFO -  Download progress: 44.5% (720.0 MB)
2025-08-28 21:59:55,429 - main - INFO - 🔄 OVERALL PROGRESS: 96.4% | File: stock_earning_call_transcripts.parquet | File Progress: 13.4%
2025-08-28 21:59:55,559 - main - INFO -  Download progress: 44.6% (721.0 MB)
2025-08-28 21:59:55,559 - main - INFO - 🔄 OVERALL PROGRESS: 96.5% | File: stock_earning_call_transcripts.parquet | File Progress: 13.4%
2025-08-28 21:59:55,685 - main - INFO -  Download progress: 44.6% (722.0 MB)
2025-08-28 21:59:55,685 - main - INFO - 🔄 OVERALL PROGRESS: 96.6% | File: stock_earning_call_transcripts.parquet | File Progress: 13.4%
2025-08-28 21:59:55,806 - main - INFO -  Download progress: 44.7% (723.0 MB)
2025-08-28 21:59:55,806 - main - INFO - 🔄 OVERALL PROGRESS: 96.7% | File: stock_earning_call_transcripts.parquet | File Progress: 13.4%
2025-08-28 21:59:55,926 - main - INFO -  Download progress: 44.8% (724.0 MB)
2025-08-28 21:59:55,926 - main - INFO - 🔄 OVERALL PROGRESS: 96.8% | File: stock_earning_call_transcripts.parquet | File Progress: 13.4%
2025-08-28 21:59:56,046 - main - INFO -  Download progress: 44.8% (725.0 MB)
2025-08-28 21:59:56,047 - main - INFO - 🔄 OVERALL PROGRESS: 96.9% | File: stock_earning_call_transcripts.parquet | File Progress: 13.4%
2025-08-28 21:59:56,155 - main - INFO -  Download progress: 44.9% (726.0 MB)
2025-08-28 21:59:56,155 - main - INFO - 🔄 OVERALL PROGRESS: 97.0% | File: stock_earning_call_transcripts.parquet | File Progress: 13.5%
2025-08-28 21:59:56,264 - main - INFO -  Download progress: 44.9% (727.0 MB)
2025-08-28 21:59:56,265 - main - INFO - 🔄 OVERALL PROGRESS: 97.1% | File: stock_earning_call_transcripts.parquet | File Progress: 13.5%
2025-08-28 21:59:56,369 - main - INFO -  Download progress: 45.0% (728.0 MB)
2025-08-28 21:59:56,369 - main - INFO - 🔄 OVERALL PROGRESS: 97.2% | File: stock_earning_call_transcripts.parquet | File Progress: 13.5%
2025-08-28 21:59:56,475 - main - INFO -  Download progress: 45.1% (729.0 MB)
2025-08-28 21:59:56,475 - main - INFO - 🔄 OVERALL PROGRESS: 97.3% | File: stock_earning_call_transcripts.parquet | File Progress: 13.5%
2025-08-28 21:59:56,630 - main - INFO -  Download progress: 45.1% (730.0 MB)
2025-08-28 21:59:56,631 - main - INFO - 🔄 OVERALL PROGRESS: 97.4% | File: stock_earning_call_transcripts.parquet | File Progress: 13.5%
2025-08-28 21:59:56,755 - main - INFO -  Download progress: 45.2% (731.0 MB)
2025-08-28 21:59:56,755 - main - INFO - 🔄 OVERALL PROGRESS: 97.5% | File: stock_earning_call_transcripts.parquet | File Progress: 13.6%
2025-08-28 21:59:56,865 - main - INFO -  Download progress: 45.2% (732.0 MB)
2025-08-28 21:59:56,866 - main - INFO - 🔄 OVERALL PROGRESS: 97.6% | File: stock_earning_call_transcripts.parquet | File Progress: 13.6%
2025-08-28 21:59:56,990 - main - INFO -  Download progress: 45.3% (733.0 MB)
2025-08-28 21:59:56,991 - main - INFO - 🔄 OVERALL PROGRESS: 97.7% | File: stock_earning_call_transcripts.parquet | File Progress: 13.6%
2025-08-28 21:59:57,129 - main - INFO -  Download progress: 45.4% (734.0 MB)
2025-08-28 21:59:57,129 - main - INFO - 🔄 OVERALL PROGRESS: 97.8% | File: stock_earning_call_transcripts.parquet | File Progress: 13.6%
2025-08-28 21:59:57,254 - main - INFO -  Download progress: 45.4% (735.0 MB)
2025-08-28 21:59:57,254 - main - INFO - 🔄 OVERALL PROGRESS: 97.9% | File: stock_earning_call_transcripts.parquet | File Progress: 13.6%
2025-08-28 21:59:57,371 - main - INFO -  Download progress: 45.5% (736.0 MB)
2025-08-28 21:59:57,371 - main - INFO - 🔄 OVERALL PROGRESS: 98.0% | File: stock_earning_call_transcripts.parquet | File Progress: 13.6%
2025-08-28 21:59:57,721 - main - INFO -  Download progress: 45.6% (737.0 MB)
2025-08-28 21:59:57,721 - main - INFO - 🔄 OVERALL PROGRESS: 98.2% | File: stock_earning_call_transcripts.parquet | File Progress: 13.7%
2025-08-28 21:59:57,825 - main - INFO -  Download progress: 45.6% (738.0 MB)
2025-08-28 21:59:57,825 - main - INFO - 🔄 OVERALL PROGRESS: 98.3% | File: stock_earning_call_transcripts.parquet | File Progress: 13.7%
2025-08-28 21:59:57,953 - main - INFO -  Download progress: 45.7% (739.0 MB)
2025-08-28 21:59:57,953 - main - INFO - 🔄 OVERALL PROGRESS: 98.4% | File: stock_earning_call_transcripts.parquet | File Progress: 13.7%
2025-08-28 21:59:58,029 - main - INFO -  Download progress: 45.7% (740.0 MB)
2025-08-28 21:59:58,029 - main - INFO - 🔄 OVERALL PROGRESS: 98.5% | File: stock_earning_call_transcripts.parquet | File Progress: 13.7%
2025-08-28 21:59:58,152 - main - INFO -  Download progress: 45.8% (741.0 MB)
2025-08-28 21:59:58,152 - main - INFO - 🔄 OVERALL PROGRESS: 98.6% | File: stock_earning_call_transcripts.parquet | File Progress: 13.7%
2025-08-28 21:59:58,245 - main - INFO -  Download progress: 45.9% (742.0 MB)
2025-08-28 21:59:58,245 - main - INFO - 🔄 OVERALL PROGRESS: 98.7% | File: stock_earning_call_transcripts.parquet | File Progress: 13.8%
2025-08-28 21:59:58,368 - main - INFO -  Download progress: 45.9% (743.0 MB)
2025-08-28 21:59:58,369 - main - INFO - 🔄 OVERALL PROGRESS: 98.8% | File: stock_earning_call_transcripts.parquet | File Progress: 13.8%
2025-08-28 21:59:58,472 - main - INFO -  Download progress: 46.0% (744.0 MB)
2025-08-28 21:59:58,472 - main - INFO - 🔄 OVERALL PROGRESS: 98.9% | File: stock_earning_call_transcripts.parquet | File Progress: 13.8%
2025-08-28 21:59:58,589 - main - INFO -  Download progress: 46.1% (745.0 MB)
2025-08-28 21:59:58,589 - main - INFO - 🔄 OVERALL PROGRESS: 99.0% | File: stock_earning_call_transcripts.parquet | File Progress: 13.8%
2025-08-28 21:59:58,792 - main - INFO -  Download progress: 46.1% (746.0 MB)
2025-08-28 21:59:58,792 - main - INFO - 🔄 OVERALL PROGRESS: 99.1% | File: stock_earning_call_transcripts.parquet | File Progress: 13.8%
2025-08-28 21:59:59,350 - main - INFO -  Download progress: 46.2% (747.0 MB)
2025-08-28 21:59:59,350 - main - INFO - 🔄 OVERALL PROGRESS: 99.2% | File: stock_earning_call_transcripts.parquet | File Progress: 13.9%
2025-08-28 21:59:59,971 - main - INFO -  Download progress: 46.2% (748.0 MB)
2025-08-28 21:59:59,972 - main - INFO - 🔄 OVERALL PROGRESS: 99.3% | File: stock_earning_call_transcripts.parquet | File Progress: 13.9%
2025-08-28 22:00:01,191 - main - INFO -  Download progress: 46.3% (749.0 MB)
2025-08-28 22:00:01,191 - main - INFO - 🔄 OVERALL PROGRESS: 99.4% | File: stock_earning_call_transcripts.parquet | File Progress: 13.9%
2025-08-28 22:00:01,207 - main - INFO -  Download progress: 46.4% (750.0 MB)
2025-08-28 22:00:01,207 - main - INFO - 🔄 OVERALL PROGRESS: 99.5% | File: stock_earning_call_transcripts.parquet | File Progress: 13.9%
2025-08-28 22:00:01,294 - main - INFO -  Download progress: 46.4% (751.0 MB)
2025-08-28 22:00:01,294 - main - INFO - 🔄 OVERALL PROGRESS: 99.6% | File: stock_earning_call_transcripts.parquet | File Progress: 13.9%
2025-08-28 22:00:01,618 - main - INFO -  Download progress: 46.5% (752.0 MB)
2025-08-28 22:00:01,618 - main - INFO - 🔄 OVERALL PROGRESS: 99.7% | File: stock_earning_call_transcripts.parquet | File Progress: 13.9%
2025-08-28 22:00:01,908 - main - INFO -  Download progress: 46.5% (753.0 MB)
2025-08-28 22:00:01,909 - main - INFO - 🔄 OVERALL PROGRESS: 99.8% | File: stock_earning_call_transcripts.parquet | File Progress: 14.0%
2025-08-28 22:00:02,237 - main - INFO -  Download progress: 46.6% (754.0 MB)
2025-08-28 22:00:02,237 - main - INFO - 🔄 OVERALL PROGRESS: 99.9% | File: stock_earning_call_transcripts.parquet | File Progress: 14.0%
2025-08-28 22:00:02,482 - main - INFO -  Download progress: 46.7% (755.0 MB)
2025-08-28 22:00:02,482 - main - INFO - 🔄 OVERALL PROGRESS: 100.0% | File: stock_earning_call_transcripts.parquet | File Progress: 14.0%
2025-08-28 22:00:02,737 - main - INFO -  Download progress: 46.7% (756.0 MB)
2025-08-28 22:00:02,737 - main - INFO - 🔄 OVERALL PROGRESS: 100.1% | File: stock_earning_call_transcripts.parquet | File Progress: 14.0%
2025-08-28 22:00:03,213 - main - INFO -  Download progress: 46.8% (757.0 MB)
2025-08-28 22:00:03,214 - main - INFO - 🔄 OVERALL PROGRESS: 100.2% | File: stock_earning_call_transcripts.parquet | File Progress: 14.0%
2025-08-28 22:00:03,472 - main - INFO -  Download progress: 46.9% (758.0 MB)
2025-08-28 22:00:03,472 - main - INFO - 🔄 OVERALL PROGRESS: 100.3% | File: stock_earning_call_transcripts.parquet | File Progress: 14.1%
2025-08-28 22:00:03,705 - main - INFO -  Download progress: 46.9% (759.0 MB)
2025-08-28 22:00:03,705 - main - INFO - 🔄 OVERALL PROGRESS: 100.4% | File: stock_earning_call_transcripts.parquet | File Progress: 14.1%
2025-08-28 22:00:03,925 - main - INFO -  Download progress: 47.0% (760.0 MB)
2025-08-28 22:00:03,925 - main - INFO - 🔄 OVERALL PROGRESS: 100.5% | File: stock_earning_call_transcripts.parquet | File Progress: 14.1%
2025-08-28 22:00:04,155 - main - INFO -  Download progress: 47.0% (761.0 MB)
2025-08-28 22:00:04,155 - main - INFO - 🔄 OVERALL PROGRESS: 100.6% | File: stock_earning_call_transcripts.parquet | File Progress: 14.1%
2025-08-28 22:00:04,362 - main - INFO -  Download progress: 47.1% (762.0 MB)
2025-08-28 22:00:04,362 - main - INFO - 🔄 OVERALL PROGRESS: 100.7% | File: stock_earning_call_transcripts.parquet | File Progress: 14.1%
2025-08-28 22:00:04,628 - main - INFO -  Download progress: 47.2% (763.0 MB)
2025-08-28 22:00:04,628 - main - INFO - 🔄 OVERALL PROGRESS: 100.8% | File: stock_earning_call_transcripts.parquet | File Progress: 14.1%
2025-08-28 22:00:04,844 - main - INFO -  Download progress: 47.2% (764.0 MB)
2025-08-28 22:00:04,844 - main - INFO - 🔄 OVERALL PROGRESS: 100.9% | File: stock_earning_call_transcripts.parquet | File Progress: 14.2%
2025-08-28 22:00:05,091 - main - INFO -  Download progress: 47.3% (765.0 MB)
2025-08-28 22:00:05,091 - main - INFO - 🔄 OVERALL PROGRESS: 101.0% | File: stock_earning_call_transcripts.parquet | File Progress: 14.2%
2025-08-28 22:00:05,335 - main - INFO -  Download progress: 47.4% (766.0 MB)
2025-08-28 22:00:05,336 - main - INFO - 🔄 OVERALL PROGRESS: 101.1% | File: stock_earning_call_transcripts.parquet | File Progress: 14.2%
2025-08-28 22:00:05,577 - main - INFO -  Download progress: 47.4% (767.0 MB)
2025-08-28 22:00:05,578 - main - INFO - 🔄 OVERALL PROGRESS: 101.2% | File: stock_earning_call_transcripts.parquet | File Progress: 14.2%
2025-08-28 22:00:05,823 - main - INFO -  Download progress: 47.5% (768.0 MB)
2025-08-28 22:00:05,823 - main - INFO - 🔄 OVERALL PROGRESS: 101.3% | File: stock_earning_call_transcripts.parquet | File Progress: 14.2%
2025-08-28 22:00:06,088 - main - INFO -  Download progress: 47.5% (769.0 MB)
2025-08-28 22:00:06,089 - main - INFO - 🔄 OVERALL PROGRESS: 101.4% | File: stock_earning_call_transcripts.parquet | File Progress: 14.3%
2025-08-28 22:00:06,320 - main - INFO -  Download progress: 47.6% (770.0 MB)
2025-08-28 22:00:06,321 - main - INFO - 🔄 OVERALL PROGRESS: 101.6% | File: stock_earning_call_transcripts.parquet | File Progress: 14.3%
2025-08-28 22:00:06,575 - main - INFO -  Download progress: 47.7% (771.0 MB)
2025-08-28 22:00:06,576 - main - INFO - 🔄 OVERALL PROGRESS: 101.7% | File: stock_earning_call_transcripts.parquet | File Progress: 14.3%
2025-08-28 22:00:06,851 - main - INFO -  Download progress: 47.7% (772.0 MB)
2025-08-28 22:00:06,852 - main - INFO - 🔄 OVERALL PROGRESS: 101.8% | File: stock_earning_call_transcripts.parquet | File Progress: 14.3%
2025-08-28 22:00:07,104 - main - INFO -  Download progress: 47.8% (773.0 MB)
2025-08-28 22:00:07,104 - main - INFO - 🔄 OVERALL PROGRESS: 101.9% | File: stock_earning_call_transcripts.parquet | File Progress: 14.3%
2025-08-28 22:00:07,335 - main - INFO -  Download progress: 47.8% (774.0 MB)
2025-08-28 22:00:07,335 - main - INFO - 🔄 OVERALL PROGRESS: 102.0% | File: stock_earning_call_transcripts.parquet | File Progress: 14.4%
2025-08-28 22:00:07,576 - main - INFO -  Download progress: 47.9% (775.0 MB)
2025-08-28 22:00:07,576 - main - INFO - 🔄 OVERALL PROGRESS: 102.1% | File: stock_earning_call_transcripts.parquet | File Progress: 14.4%
2025-08-28 22:00:07,809 - main - INFO -  Download progress: 48.0% (776.0 MB)
2025-08-28 22:00:07,810 - main - INFO - 🔄 OVERALL PROGRESS: 102.2% | File: stock_earning_call_transcripts.parquet | File Progress: 14.4%
2025-08-28 22:00:08,040 - main - INFO -  Download progress: 48.0% (777.0 MB)
2025-08-28 22:00:08,040 - main - INFO - 🔄 OVERALL PROGRESS: 102.3% | File: stock_earning_call_transcripts.parquet | File Progress: 14.4%
2025-08-28 22:00:08,269 - main - INFO -  Download progress: 48.1% (778.0 MB)
2025-08-28 22:00:08,269 - main - INFO - 🔄 OVERALL PROGRESS: 102.4% | File: stock_earning_call_transcripts.parquet | File Progress: 14.4%
2025-08-28 22:00:08,514 - main - INFO -  Download progress: 48.2% (779.0 MB)
2025-08-28 22:00:08,514 - main - INFO - 🔄 OVERALL PROGRESS: 102.5% | File: stock_earning_call_transcripts.parquet | File Progress: 14.4%
2025-08-28 22:00:08,746 - main - INFO -  Download progress: 48.2% (780.0 MB)
2025-08-28 22:00:08,747 - main - INFO - 🔄 OVERALL PROGRESS: 102.6% | File: stock_earning_call_transcripts.parquet | File Progress: 14.5%
2025-08-28 22:00:08,946 - main - INFO -  Download progress: 48.3% (781.0 MB)
2025-08-28 22:00:08,947 - main - INFO - 🔄 OVERALL PROGRESS: 102.7% | File: stock_earning_call_transcripts.parquet | File Progress: 14.5%
2025-08-28 22:00:09,142 - main - INFO -  Download progress: 48.3% (782.0 MB)
2025-08-28 22:00:09,142 - main - INFO - 🔄 OVERALL PROGRESS: 102.8% | File: stock_earning_call_transcripts.parquet | File Progress: 14.5%
2025-08-28 22:00:09,342 - main - INFO -  Download progress: 48.4% (783.0 MB)
2025-08-28 22:00:09,342 - main - INFO - 🔄 OVERALL PROGRESS: 102.9% | File: stock_earning_call_transcripts.parquet | File Progress: 14.5%
2025-08-28 22:00:09,634 - main - INFO -  Download progress: 48.5% (784.0 MB)
2025-08-28 22:00:09,635 - main - INFO - 🔄 OVERALL PROGRESS: 103.0% | File: stock_earning_call_transcripts.parquet | File Progress: 14.5%
2025-08-28 22:00:10,019 - main - INFO -  Download progress: 48.5% (785.0 MB)
2025-08-28 22:00:10,020 - main - INFO - 🔄 OVERALL PROGRESS: 103.1% | File: stock_earning_call_transcripts.parquet | File Progress: 14.6%
2025-08-28 22:00:10,303 - main - INFO -  Download progress: 48.6% (786.0 MB)
2025-08-28 22:00:10,303 - main - INFO - 🔄 OVERALL PROGRESS: 103.2% | File: stock_earning_call_transcripts.parquet | File Progress: 14.6%
2025-08-28 22:00:10,686 - main - INFO -  Download progress: 48.6% (787.0 MB)
2025-08-28 22:00:10,687 - main - INFO - 🔄 OVERALL PROGRESS: 103.3% | File: stock_earning_call_transcripts.parquet | File Progress: 14.6%
2025-08-28 22:00:10,996 - main - INFO -  Download progress: 48.7% (788.0 MB)
2025-08-28 22:00:10,996 - main - INFO - 🔄 OVERALL PROGRESS: 103.4% | File: stock_earning_call_transcripts.parquet | File Progress: 14.6%
2025-08-28 22:00:11,329 - main - INFO -  Download progress: 48.8% (789.0 MB)
2025-08-28 22:00:11,330 - main - INFO - 🔄 OVERALL PROGRESS: 103.5% | File: stock_earning_call_transcripts.parquet | File Progress: 14.6%
2025-08-28 22:00:11,635 - main - INFO -  Download progress: 48.8% (790.0 MB)
2025-08-28 22:00:11,635 - main - INFO - 🔄 OVERALL PROGRESS: 103.6% | File: stock_earning_call_transcripts.parquet | File Progress: 14.7%
2025-08-28 22:00:11,965 - main - INFO -  Download progress: 48.9% (791.0 MB)
2025-08-28 22:00:11,965 - main - INFO - 🔄 OVERALL PROGRESS: 103.7% | File: stock_earning_call_transcripts.parquet | File Progress: 14.7%
2025-08-28 22:00:12,137 - main - INFO -  Download progress: 49.0% (792.0 MB)
2025-08-28 22:00:12,138 - main - INFO - 🔄 OVERALL PROGRESS: 103.8% | File: stock_earning_call_transcripts.parquet | File Progress: 14.7%
2025-08-28 22:00:12,482 - main - INFO -  Download progress: 49.0% (793.0 MB)
2025-08-28 22:00:12,482 - main - INFO - 🔄 OVERALL PROGRESS: 103.9% | File: stock_earning_call_transcripts.parquet | File Progress: 14.7%
2025-08-28 22:00:12,661 - main - INFO -  Download progress: 49.1% (794.0 MB)
2025-08-28 22:00:12,661 - main - INFO - 🔄 OVERALL PROGRESS: 104.0% | File: stock_earning_call_transcripts.parquet | File Progress: 14.7%
2025-08-28 22:00:12,916 - main - INFO -  Download progress: 49.1% (795.0 MB)
2025-08-28 22:00:12,916 - main - INFO - 🔄 OVERALL PROGRESS: 104.1% | File: stock_earning_call_transcripts.parquet | File Progress: 14.7%
2025-08-28 22:00:13,610 - main - INFO -  Download progress: 49.2% (796.0 MB)
2025-08-28 22:00:13,610 - main - INFO - 🔄 OVERALL PROGRESS: 104.2% | File: stock_earning_call_transcripts.parquet | File Progress: 14.8%
2025-08-28 22:00:14,277 - main - INFO -  Download progress: 49.3% (797.0 MB)
2025-08-28 22:00:14,277 - main - INFO - 🔄 OVERALL PROGRESS: 104.3% | File: stock_earning_call_transcripts.parquet | File Progress: 14.8%
2025-08-28 22:00:14,790 - main - INFO -  Download progress: 49.3% (798.0 MB)
2025-08-28 22:00:14,791 - main - INFO - 🔄 OVERALL PROGRESS: 104.4% | File: stock_earning_call_transcripts.parquet | File Progress: 14.8%
2025-08-28 22:00:14,978 - main - INFO -  Download progress: 49.4% (799.0 MB)
2025-08-28 22:00:14,979 - main - INFO - 🔄 OVERALL PROGRESS: 104.5% | File: stock_earning_call_transcripts.parquet | File Progress: 14.8%
2025-08-28 22:00:15,226 - main - INFO -  Download progress: 49.5% (800.0 MB)
2025-08-28 22:00:15,226 - main - INFO - 🔄 OVERALL PROGRESS: 104.6% | File: stock_earning_call_transcripts.parquet | File Progress: 14.8%
2025-08-28 22:00:15,523 - main - INFO -  Download progress: 49.5% (801.0 MB)
2025-08-28 22:00:15,524 - main - INFO - 🔄 OVERALL PROGRESS: 104.7% | File: stock_earning_call_transcripts.parquet | File Progress: 14.9%
2025-08-28 22:00:15,679 - main - INFO -  Download progress: 49.6% (802.0 MB)
2025-08-28 22:00:15,680 - main - INFO - 🔄 OVERALL PROGRESS: 104.8% | File: stock_earning_call_transcripts.parquet | File Progress: 14.9%
2025-08-28 22:00:16,055 - main - INFO -  Download progress: 49.6% (803.0 MB)
2025-08-28 22:00:16,055 - main - INFO - 🔄 OVERALL PROGRESS: 105.0% | File: stock_earning_call_transcripts.parquet | File Progress: 14.9%
2025-08-28 22:00:16,202 - main - INFO -  Download progress: 49.7% (804.0 MB)
2025-08-28 22:00:16,202 - main - INFO - 🔄 OVERALL PROGRESS: 105.1% | File: stock_earning_call_transcripts.parquet | File Progress: 14.9%
2025-08-28 22:00:16,422 - main - INFO -  Download progress: 49.8% (805.0 MB)
2025-08-28 22:00:16,423 - main - INFO - 🔄 OVERALL PROGRESS: 105.2% | File: stock_earning_call_transcripts.parquet | File Progress: 14.9%
2025-08-28 22:00:16,508 - main - INFO -  Download progress: 49.8% (806.0 MB)
2025-08-28 22:00:16,508 - main - INFO - 🔄 OVERALL PROGRESS: 105.3% | File: stock_earning_call_transcripts.parquet | File Progress: 14.9%
2025-08-28 22:00:16,715 - main - INFO -  Download progress: 49.9% (807.0 MB)
2025-08-28 22:00:16,715 - main - INFO - 🔄 OVERALL PROGRESS: 105.4% | File: stock_earning_call_transcripts.parquet | File Progress: 15.0%
2025-08-28 22:00:17,219 - main - INFO -  Download progress: 49.9% (808.0 MB)
2025-08-28 22:00:17,219 - main - INFO - 🔄 OVERALL PROGRESS: 105.5% | File: stock_earning_call_transcripts.parquet | File Progress: 15.0%
2025-08-28 22:00:18,024 - main - INFO -  Download progress: 50.0% (809.0 MB)
2025-08-28 22:00:18,025 - main - INFO - 🔄 OVERALL PROGRESS: 105.6% | File: stock_earning_call_transcripts.parquet | File Progress: 15.0%
2025-08-28 22:00:18,275 - main - INFO -  Download progress: 50.1% (810.0 MB)
2025-08-28 22:00:18,276 - main - INFO - 🔄 OVERALL PROGRESS: 105.7% | File: stock_earning_call_transcripts.parquet | File Progress: 15.0%
2025-08-28 22:00:18,525 - main - INFO -  Download progress: 50.1% (811.0 MB)
2025-08-28 22:00:18,525 - main - INFO - 🔄 OVERALL PROGRESS: 105.8% | File: stock_earning_call_transcripts.parquet | File Progress: 15.0%
2025-08-28 22:00:18,791 - main - INFO -  Download progress: 50.2% (812.0 MB)
2025-08-28 22:00:18,791 - main - INFO - 🔄 OVERALL PROGRESS: 105.9% | File: stock_earning_call_transcripts.parquet | File Progress: 15.1%
2025-08-28 22:00:19,057 - main - INFO -  Download progress: 50.3% (813.0 MB)
2025-08-28 22:00:19,057 - main - INFO - 🔄 OVERALL PROGRESS: 106.0% | File: stock_earning_call_transcripts.parquet | File Progress: 15.1%
2025-08-28 22:00:19,257 - main - INFO -  Download progress: 50.3% (814.0 MB)
2025-08-28 22:00:19,257 - main - INFO - 🔄 OVERALL PROGRESS: 106.1% | File: stock_earning_call_transcripts.parquet | File Progress: 15.1%
2025-08-28 22:00:19,582 - main - INFO -  Download progress: 50.4% (815.0 MB)
2025-08-28 22:00:19,582 - main - INFO - 🔄 OVERALL PROGRESS: 106.2% | File: stock_earning_call_transcripts.parquet | File Progress: 15.1%
2025-08-28 22:00:19,696 - main - INFO -  Download progress: 50.4% (816.0 MB)
2025-08-28 22:00:19,696 - main - INFO - 🔄 OVERALL PROGRESS: 106.3% | File: stock_earning_call_transcripts.parquet | File Progress: 15.1%
2025-08-28 22:00:19,902 - main - INFO -  Download progress: 50.5% (817.0 MB)
2025-08-28 22:00:19,902 - main - INFO - 🔄 OVERALL PROGRESS: 106.4% | File: stock_earning_call_transcripts.parquet | File Progress: 15.2%
2025-08-28 22:00:20,227 - main - INFO -  Download progress: 50.6% (818.0 MB)
2025-08-28 22:00:20,228 - main - INFO - 🔄 OVERALL PROGRESS: 106.5% | File: stock_earning_call_transcripts.parquet | File Progress: 15.2%
2025-08-28 22:00:20,502 - main - INFO -  Download progress: 50.6% (819.0 MB)
2025-08-28 22:00:20,502 - main - INFO - 🔄 OVERALL PROGRESS: 106.6% | File: stock_earning_call_transcripts.parquet | File Progress: 15.2%
2025-08-28 22:00:20,643 - main - INFO -  Download progress: 50.7% (820.0 MB)
2025-08-28 22:00:20,643 - main - INFO - 🔄 OVERALL PROGRESS: 106.7% | File: stock_earning_call_transcripts.parquet | File Progress: 15.2%
2025-08-28 22:00:20,825 - main - INFO -  Download progress: 50.8% (821.0 MB)
2025-08-28 22:00:20,826 - main - INFO - 🔄 OVERALL PROGRESS: 106.8% | File: stock_earning_call_transcripts.parquet | File Progress: 15.2%
2025-08-28 22:00:21,263 - main - INFO -  Download progress: 50.8% (822.0 MB)
2025-08-28 22:00:21,263 - main - INFO - 🔄 OVERALL PROGRESS: 106.9% | File: stock_earning_call_transcripts.parquet | File Progress: 15.2%
2025-08-28 22:00:21,638 - main - INFO -  Download progress: 50.9% (823.0 MB)
2025-08-28 22:00:21,638 - main - INFO - 🔄 OVERALL PROGRESS: 107.0% | File: stock_earning_call_transcripts.parquet | File Progress: 15.3%
2025-08-28 22:00:21,795 - main - INFO -  Download progress: 50.9% (824.0 MB)
2025-08-28 22:00:21,795 - main - INFO - 🔄 OVERALL PROGRESS: 107.1% | File: stock_earning_call_transcripts.parquet | File Progress: 15.3%
2025-08-28 22:00:22,136 - main - INFO -  Download progress: 51.0% (825.0 MB)
2025-08-28 22:00:22,137 - main - INFO - 🔄 OVERALL PROGRESS: 107.2% | File: stock_earning_call_transcripts.parquet | File Progress: 15.3%
2025-08-28 22:00:22,573 - main - INFO -  Download progress: 51.1% (826.0 MB)
2025-08-28 22:00:22,573 - main - INFO - 🔄 OVERALL PROGRESS: 107.3% | File: stock_earning_call_transcripts.parquet | File Progress: 15.3%
2025-08-28 22:00:22,845 - main - INFO -  Download progress: 51.1% (827.0 MB)
2025-08-28 22:00:22,845 - main - INFO - 🔄 OVERALL PROGRESS: 107.4% | File: stock_earning_call_transcripts.parquet | File Progress: 15.3%
2025-08-28 22:00:22,912 - main - INFO -  Download progress: 51.2% (828.0 MB)
2025-08-28 22:00:22,913 - main - INFO - 🔄 OVERALL PROGRESS: 107.5% | File: stock_earning_call_transcripts.parquet | File Progress: 15.4%
2025-08-28 22:00:23,280 - main - INFO -  Download progress: 51.2% (829.0 MB)
2025-08-28 22:00:23,280 - main - INFO - 🔄 OVERALL PROGRESS: 107.6% | File: stock_earning_call_transcripts.parquet | File Progress: 15.4%
2025-08-28 22:00:23,406 - main - INFO -  Download progress: 51.3% (830.0 MB)
2025-08-28 22:00:23,407 - main - INFO - 🔄 OVERALL PROGRESS: 107.7% | File: stock_earning_call_transcripts.parquet | File Progress: 15.4%
2025-08-28 22:00:23,723 - main - INFO -  Download progress: 51.4% (831.0 MB)
2025-08-28 22:00:23,723 - main - INFO - 🔄 OVERALL PROGRESS: 107.8% | File: stock_earning_call_transcripts.parquet | File Progress: 15.4%
2025-08-28 22:00:23,919 - main - INFO -  Download progress: 51.4% (832.0 MB)
2025-08-28 22:00:23,919 - main - INFO - 🔄 OVERALL PROGRESS: 107.9% | File: stock_earning_call_transcripts.parquet | File Progress: 15.4%
2025-08-28 22:00:24,376 - main - INFO -  Download progress: 51.5% (833.0 MB)
2025-08-28 22:00:24,376 - main - INFO - 🔄 OVERALL PROGRESS: 108.0% | File: stock_earning_call_transcripts.parquet | File Progress: 15.4%
2025-08-28 22:00:24,843 - main - INFO -  Download progress: 51.6% (834.0 MB)
2025-08-28 22:00:24,843 - main - INFO - 🔄 OVERALL PROGRESS: 108.1% | File: stock_earning_call_transcripts.parquet | File Progress: 15.5%
2025-08-28 22:00:25,163 - main - INFO -  Download progress: 51.6% (835.0 MB)
2025-08-28 22:00:25,163 - main - INFO - 🔄 OVERALL PROGRESS: 108.2% | File: stock_earning_call_transcripts.parquet | File Progress: 15.5%
2025-08-28 22:00:25,424 - main - INFO -  Download progress: 51.7% (836.0 MB)
2025-08-28 22:00:25,425 - main - INFO - 🔄 OVERALL PROGRESS: 108.4% | File: stock_earning_call_transcripts.parquet | File Progress: 15.5%
2025-08-28 22:00:25,810 - main - INFO -  Download progress: 51.7% (837.0 MB)
2025-08-28 22:00:25,810 - main - INFO - 🔄 OVERALL PROGRESS: 108.5% | File: stock_earning_call_transcripts.parquet | File Progress: 15.5%
2025-08-28 22:00:25,961 - main - INFO -  Download progress: 51.8% (838.0 MB)
2025-08-28 22:00:25,962 - main - INFO - 🔄 OVERALL PROGRESS: 108.6% | File: stock_earning_call_transcripts.parquet | File Progress: 15.5%
2025-08-28 22:00:26,227 - main - INFO -  Download progress: 51.9% (839.0 MB)
2025-08-28 22:00:26,227 - main - INFO - 🔄 OVERALL PROGRESS: 108.7% | File: stock_earning_call_transcripts.parquet | File Progress: 15.6%
2025-08-28 22:00:26,304 - main - INFO -  Download progress: 51.9% (840.0 MB)
2025-08-28 22:00:26,305 - main - INFO - 🔄 OVERALL PROGRESS: 108.8% | File: stock_earning_call_transcripts.parquet | File Progress: 15.6%
2025-08-28 22:00:26,480 - main - INFO -  Download progress: 52.0% (841.0 MB)
2025-08-28 22:00:26,480 - main - INFO - 🔄 OVERALL PROGRESS: 108.9% | File: stock_earning_call_transcripts.parquet | File Progress: 15.6%
2025-08-28 22:00:26,876 - main - INFO -  Download progress: 52.0% (842.0 MB)
2025-08-28 22:00:26,877 - main - INFO - 🔄 OVERALL PROGRESS: 109.0% | File: stock_earning_call_transcripts.parquet | File Progress: 15.6%
2025-08-28 22:00:27,014 - main - INFO -  Download progress: 52.1% (843.0 MB)
2025-08-28 22:00:27,014 - main - INFO - 🔄 OVERALL PROGRESS: 109.1% | File: stock_earning_call_transcripts.parquet | File Progress: 15.6%
2025-08-28 22:00:27,401 - main - INFO -  Download progress: 52.2% (844.0 MB)
2025-08-28 22:00:27,401 - main - INFO - 🔄 OVERALL PROGRESS: 109.2% | File: stock_earning_call_transcripts.parquet | File Progress: 15.7%
2025-08-28 22:00:27,481 - main - INFO -  Download progress: 52.2% (845.0 MB)
2025-08-28 22:00:27,481 - main - INFO - 🔄 OVERALL PROGRESS: 109.3% | File: stock_earning_call_transcripts.parquet | File Progress: 15.7%
2025-08-28 22:00:27,840 - main - INFO -  Download progress: 52.3% (846.0 MB)
2025-08-28 22:00:27,840 - main - INFO - 🔄 OVERALL PROGRESS: 109.4% | File: stock_earning_call_transcripts.parquet | File Progress: 15.7%
2025-08-28 22:00:28,045 - main - INFO -  Download progress: 52.4% (847.0 MB)
2025-08-28 22:00:28,045 - main - INFO - 🔄 OVERALL PROGRESS: 109.5% | File: stock_earning_call_transcripts.parquet | File Progress: 15.7%
2025-08-28 22:00:28,138 - main - INFO -  Download progress: 52.4% (848.0 MB)
2025-08-28 22:00:28,139 - main - INFO - 🔄 OVERALL PROGRESS: 109.6% | File: stock_earning_call_transcripts.parquet | File Progress: 15.7%
2025-08-28 22:00:28,469 - main - INFO -  Download progress: 52.5% (849.0 MB)
2025-08-28 22:00:28,469 - main - INFO - 🔄 OVERALL PROGRESS: 109.7% | File: stock_earning_call_transcripts.parquet | File Progress: 15.7%
2025-08-28 22:00:28,552 - main - INFO -  Download progress: 52.5% (850.0 MB)
2025-08-28 22:00:28,552 - main - INFO - 🔄 OVERALL PROGRESS: 109.8% | File: stock_earning_call_transcripts.parquet | File Progress: 15.8%
2025-08-28 22:00:28,901 - main - INFO -  Download progress: 52.6% (851.0 MB)
2025-08-28 22:00:28,902 - main - INFO - 🔄 OVERALL PROGRESS: 109.9% | File: stock_earning_call_transcripts.parquet | File Progress: 15.8%
2025-08-28 22:00:29,150 - main - INFO -  Download progress: 52.7% (852.0 MB)
2025-08-28 22:00:29,150 - main - INFO - 🔄 OVERALL PROGRESS: 110.0% | File: stock_earning_call_transcripts.parquet | File Progress: 15.8%
2025-08-28 22:00:29,457 - main - INFO -  Download progress: 52.7% (853.0 MB)
2025-08-28 22:00:29,457 - main - INFO - 🔄 OVERALL PROGRESS: 110.1% | File: stock_earning_call_transcripts.parquet | File Progress: 15.8%
2025-08-28 22:00:29,600 - main - INFO -  Download progress: 52.8% (854.0 MB)
2025-08-28 22:00:29,600 - main - INFO - 🔄 OVERALL PROGRESS: 110.2% | File: stock_earning_call_transcripts.parquet | File Progress: 15.8%
2025-08-28 22:00:30,237 - main - INFO -  Download progress: 52.9% (855.0 MB)
2025-08-28 22:00:30,237 - main - INFO - 🔄 OVERALL PROGRESS: 110.3% | File: stock_earning_call_transcripts.parquet | File Progress: 15.9%
2025-08-28 22:00:30,606 - main - INFO -  Download progress: 52.9% (856.0 MB)
2025-08-28 22:00:30,606 - main - INFO - 🔄 OVERALL PROGRESS: 110.4% | File: stock_earning_call_transcripts.parquet | File Progress: 15.9%
2025-08-28 22:00:31,226 - main - INFO -  Download progress: 53.0% (857.0 MB)
2025-08-28 22:00:31,227 - main - INFO - 🔄 OVERALL PROGRESS: 110.5% | File: stock_earning_call_transcripts.parquet | File Progress: 15.9%
2025-08-28 22:00:31,512 - main - INFO -  Download progress: 53.0% (858.0 MB)
2025-08-28 22:00:31,513 - main - INFO - 🔄 OVERALL PROGRESS: 110.6% | File: stock_earning_call_transcripts.parquet | File Progress: 15.9%
2025-08-28 22:00:31,761 - main - INFO -  Download progress: 53.1% (859.0 MB)
2025-08-28 22:00:31,761 - main - INFO - 🔄 OVERALL PROGRESS: 110.7% | File: stock_earning_call_transcripts.parquet | File Progress: 15.9%
2025-08-28 22:00:32,172 - main - INFO -  Download progress: 53.2% (860.0 MB)
2025-08-28 22:00:32,172 - main - INFO - 🔄 OVERALL PROGRESS: 110.8% | File: stock_earning_call_transcripts.parquet | File Progress: 15.9%
2025-08-28 22:00:32,453 - main - INFO -  Download progress: 53.2% (861.0 MB)
2025-08-28 22:00:32,453 - main - INFO - 🔄 OVERALL PROGRESS: 110.9% | File: stock_earning_call_transcripts.parquet | File Progress: 16.0%
2025-08-28 22:00:32,594 - main - INFO -  Download progress: 53.3% (862.0 MB)
2025-08-28 22:00:32,594 - main - INFO - 🔄 OVERALL PROGRESS: 111.0% | File: stock_earning_call_transcripts.parquet | File Progress: 16.0%
2025-08-28 22:00:33,106 - main - INFO -  Download progress: 53.3% (863.0 MB)
2025-08-28 22:00:33,106 - main - INFO - 🔄 OVERALL PROGRESS: 111.1% | File: stock_earning_call_transcripts.parquet | File Progress: 16.0%
2025-08-28 22:00:33,251 - main - INFO -  Download progress: 53.4% (864.0 MB)
2025-08-28 22:00:33,251 - main - INFO - 🔄 OVERALL PROGRESS: 111.2% | File: stock_earning_call_transcripts.parquet | File Progress: 16.0%
2025-08-28 22:00:33,534 - main - INFO -  Download progress: 53.5% (865.0 MB)
2025-08-28 22:00:33,534 - main - INFO - 🔄 OVERALL PROGRESS: 111.3% | File: stock_earning_call_transcripts.parquet | File Progress: 16.0%
2025-08-28 22:00:34,073 - main - INFO -  Download progress: 53.5% (866.0 MB)
2025-08-28 22:00:34,073 - main - INFO - 🔄 OVERALL PROGRESS: 111.4% | File: stock_earning_call_transcripts.parquet | File Progress: 16.1%
2025-08-28 22:00:34,236 - main - INFO -  Download progress: 53.6% (867.0 MB)
2025-08-28 22:00:34,236 - main - INFO - 🔄 OVERALL PROGRESS: 111.5% | File: stock_earning_call_transcripts.parquet | File Progress: 16.1%
2025-08-28 22:00:34,616 - main - INFO -  Download progress: 53.7% (868.0 MB)
2025-08-28 22:00:34,616 - main - INFO - 🔄 OVERALL PROGRESS: 111.6% | File: stock_earning_call_transcripts.parquet | File Progress: 16.1%
2025-08-28 22:00:35,252 - main - INFO -  Download progress: 53.7% (869.0 MB)
2025-08-28 22:00:35,253 - main - INFO - 🔄 OVERALL PROGRESS: 111.8% | File: stock_earning_call_transcripts.parquet | File Progress: 16.1%
2025-08-28 22:00:35,483 - main - INFO -  Download progress: 53.8% (870.0 MB)
2025-08-28 22:00:35,483 - main - INFO - 🔄 OVERALL PROGRESS: 111.9% | File: stock_earning_call_transcripts.parquet | File Progress: 16.1%
2025-08-28 22:00:35,609 - main - INFO -  Download progress: 53.8% (871.0 MB)
2025-08-28 22:00:35,609 - main - INFO - 🔄 OVERALL PROGRESS: 112.0% | File: stock_earning_call_transcripts.parquet | File Progress: 16.2%
2025-08-28 22:00:36,091 - main - INFO -  Download progress: 53.9% (872.0 MB)
2025-08-28 22:00:36,091 - main - INFO - 🔄 OVERALL PROGRESS: 112.1% | File: stock_earning_call_transcripts.parquet | File Progress: 16.2%
2025-08-28 22:00:36,453 - main - INFO -  Download progress: 54.0% (873.0 MB)
2025-08-28 22:00:36,453 - main - INFO - 🔄 OVERALL PROGRESS: 112.2% | File: stock_earning_call_transcripts.parquet | File Progress: 16.2%
2025-08-28 22:00:36,959 - main - INFO -  Download progress: 54.0% (874.0 MB)
2025-08-28 22:00:36,960 - main - INFO - 🔄 OVERALL PROGRESS: 112.3% | File: stock_earning_call_transcripts.parquet | File Progress: 16.2%
2025-08-28 22:00:37,452 - main - INFO -  Download progress: 54.1% (875.0 MB)
2025-08-28 22:00:37,452 - main - INFO - 🔄 OVERALL PROGRESS: 112.4% | File: stock_earning_call_transcripts.parquet | File Progress: 16.2%
2025-08-28 22:00:37,827 - main - INFO -  Download progress: 54.2% (876.0 MB)
2025-08-28 22:00:37,827 - main - INFO - 🔄 OVERALL PROGRESS: 112.5% | File: stock_earning_call_transcripts.parquet | File Progress: 16.2%
2025-08-28 22:00:38,016 - main - INFO -  Download progress: 54.2% (877.0 MB)
2025-08-28 22:00:38,016 - main - INFO - 🔄 OVERALL PROGRESS: 112.6% | File: stock_earning_call_transcripts.parquet | File Progress: 16.3%
2025-08-28 22:00:38,857 - main - INFO -  Download progress: 54.3% (878.0 MB)
2025-08-28 22:00:38,857 - main - INFO - 🔄 OVERALL PROGRESS: 112.7% | File: stock_earning_call_transcripts.parquet | File Progress: 16.3%
2025-08-28 22:00:39,045 - main - INFO -  Download progress: 54.3% (879.0 MB)
2025-08-28 22:00:39,045 - main - INFO - 🔄 OVERALL PROGRESS: 112.8% | File: stock_earning_call_transcripts.parquet | File Progress: 16.3%
2025-08-28 22:00:39,403 - main - INFO -  Download progress: 54.4% (880.0 MB)
2025-08-28 22:00:39,403 - main - INFO - 🔄 OVERALL PROGRESS: 112.9% | File: stock_earning_call_transcripts.parquet | File Progress: 16.3%
2025-08-28 22:00:39,696 - main - INFO -  Download progress: 54.5% (881.0 MB)
2025-08-28 22:00:39,696 - main - INFO - 🔄 OVERALL PROGRESS: 113.0% | File: stock_earning_call_transcripts.parquet | File Progress: 16.3%
2025-08-28 22:00:39,992 - main - INFO -  Download progress: 54.5% (882.0 MB)
2025-08-28 22:00:39,992 - main - INFO - 🔄 OVERALL PROGRESS: 113.1% | File: stock_earning_call_transcripts.parquet | File Progress: 16.4%
2025-08-28 22:00:40,411 - main - INFO -  Download progress: 54.6% (883.0 MB)
2025-08-28 22:00:40,412 - main - INFO - 🔄 OVERALL PROGRESS: 113.2% | File: stock_earning_call_transcripts.parquet | File Progress: 16.4%
2025-08-28 22:00:41,026 - main - INFO -  Download progress: 54.6% (884.0 MB)
2025-08-28 22:00:41,027 - main - INFO - 🔄 OVERALL PROGRESS: 113.3% | File: stock_earning_call_transcripts.parquet | File Progress: 16.4%
2025-08-28 22:00:41,445 - main - INFO -  Download progress: 54.7% (885.0 MB)
2025-08-28 22:00:41,445 - main - INFO - 🔄 OVERALL PROGRESS: 113.4% | File: stock_earning_call_transcripts.parquet | File Progress: 16.4%
2025-08-28 22:00:41,720 - main - INFO -  Download progress: 54.8% (886.0 MB)
2025-08-28 22:00:41,720 - main - INFO - 🔄 OVERALL PROGRESS: 113.5% | File: stock_earning_call_transcripts.parquet | File Progress: 16.4%
2025-08-28 22:00:42,160 - main - INFO -  Download progress: 54.8% (887.0 MB)
2025-08-28 22:00:42,160 - main - INFO - 🔄 OVERALL PROGRESS: 113.6% | File: stock_earning_call_transcripts.parquet | File Progress: 16.4%
2025-08-28 22:00:42,555 - main - INFO -  Download progress: 54.9% (888.0 MB)
2025-08-28 22:00:42,555 - main - INFO - 🔄 OVERALL PROGRESS: 113.7% | File: stock_earning_call_transcripts.parquet | File Progress: 16.5%
2025-08-28 22:00:42,786 - main - INFO -  Download progress: 55.0% (889.0 MB)
2025-08-28 22:00:42,786 - main - INFO - 🔄 OVERALL PROGRESS: 113.8% | File: stock_earning_call_transcripts.parquet | File Progress: 16.5%
2025-08-28 22:00:43,137 - main - INFO -  Download progress: 55.0% (890.0 MB)
2025-08-28 22:00:43,138 - main - INFO - 🔄 OVERALL PROGRESS: 113.9% | File: stock_earning_call_transcripts.parquet | File Progress: 16.5%
2025-08-28 22:00:43,572 - main - INFO -  Download progress: 55.1% (891.0 MB)
2025-08-28 22:00:43,573 - main - INFO - 🔄 OVERALL PROGRESS: 114.0% | File: stock_earning_call_transcripts.parquet | File Progress: 16.5%
2025-08-28 22:00:43,814 - main - INFO -  Download progress: 55.1% (892.0 MB)
2025-08-28 22:00:43,814 - main - INFO - 🔄 OVERALL PROGRESS: 114.1% | File: stock_earning_call_transcripts.parquet | File Progress: 16.5%
2025-08-28 22:00:44,073 - main - INFO -  Download progress: 55.2% (893.0 MB)
2025-08-28 22:00:44,073 - main - INFO - 🔄 OVERALL PROGRESS: 114.2% | File: stock_earning_call_transcripts.parquet | File Progress: 16.6%
2025-08-28 22:00:44,622 - main - INFO -  Download progress: 55.3% (894.0 MB)
2025-08-28 22:00:44,622 - main - INFO - 🔄 OVERALL PROGRESS: 114.3% | File: stock_earning_call_transcripts.parquet | File Progress: 16.6%
2025-08-28 22:00:44,893 - main - INFO -  Download progress: 55.3% (895.0 MB)
2025-08-28 22:00:44,894 - main - INFO - 🔄 OVERALL PROGRESS: 114.4% | File: stock_earning_call_transcripts.parquet | File Progress: 16.6%
2025-08-28 22:00:45,659 - main - INFO -  Download progress: 55.4% (896.0 MB)
2025-08-28 22:00:45,659 - main - INFO - 🔄 OVERALL PROGRESS: 114.5% | File: stock_earning_call_transcripts.parquet | File Progress: 16.6%
2025-08-28 22:00:45,831 - main - INFO -  Download progress: 55.4% (897.0 MB)
2025-08-28 22:00:45,831 - main - INFO - 🔄 OVERALL PROGRESS: 114.6% | File: stock_earning_call_transcripts.parquet | File Progress: 16.6%
2025-08-28 22:00:45,985 - main - INFO -  Download progress: 55.5% (898.0 MB)
2025-08-28 22:00:45,985 - main - INFO - 🔄 OVERALL PROGRESS: 114.7% | File: stock_earning_call_transcripts.parquet | File Progress: 16.7%
2025-08-28 22:00:46,483 - main - INFO -  Download progress: 55.6% (899.0 MB)
2025-08-28 22:00:46,483 - main - INFO - 🔄 OVERALL PROGRESS: 114.8% | File: stock_earning_call_transcripts.parquet | File Progress: 16.7%
2025-08-28 22:00:46,988 - main - INFO -  Download progress: 55.6% (900.0 MB)
2025-08-28 22:00:46,988 - main - INFO - 🔄 OVERALL PROGRESS: 114.9% | File: stock_earning_call_transcripts.parquet | File Progress: 16.7%
2025-08-28 22:00:47,059 - main - INFO -  Download progress: 55.7% (901.0 MB)
2025-08-28 22:00:47,060 - main - INFO - 🔄 OVERALL PROGRESS: 115.0% | File: stock_earning_call_transcripts.parquet | File Progress: 16.7%
2025-08-28 22:00:47,622 - main - INFO -  Download progress: 55.8% (902.0 MB)
2025-08-28 22:00:47,622 - main - INFO - 🔄 OVERALL PROGRESS: 115.2% | File: stock_earning_call_transcripts.parquet | File Progress: 16.7%
2025-08-28 22:00:47,859 - main - INFO -  Download progress: 55.8% (903.0 MB)
2025-08-28 22:00:47,859 - main - INFO - 🔄 OVERALL PROGRESS: 115.3% | File: stock_earning_call_transcripts.parquet | File Progress: 16.7%
2025-08-28 22:00:48,105 - main - INFO -  Download progress: 55.9% (904.0 MB)
2025-08-28 22:00:48,105 - main - INFO - 🔄 OVERALL PROGRESS: 115.4% | File: stock_earning_call_transcripts.parquet | File Progress: 16.8%
2025-08-28 22:00:48,677 - main - INFO -  Download progress: 55.9% (905.0 MB)
2025-08-28 22:00:48,677 - main - INFO - 🔄 OVERALL PROGRESS: 115.5% | File: stock_earning_call_transcripts.parquet | File Progress: 16.8%
2025-08-28 22:00:48,775 - main - INFO -  Download progress: 56.0% (906.0 MB)
2025-08-28 22:00:48,775 - main - INFO - 🔄 OVERALL PROGRESS: 115.6% | File: stock_earning_call_transcripts.parquet | File Progress: 16.8%
2025-08-28 22:00:49,011 - main - INFO -  Download progress: 56.1% (907.0 MB)
2025-08-28 22:00:49,011 - main - INFO - 🔄 OVERALL PROGRESS: 115.7% | File: stock_earning_call_transcripts.parquet | File Progress: 16.8%
2025-08-28 22:00:49,334 - main - INFO -  Download progress: 56.1% (908.0 MB)
2025-08-28 22:00:49,334 - main - INFO - 🔄 OVERALL PROGRESS: 115.8% | File: stock_earning_call_transcripts.parquet | File Progress: 16.8%
2025-08-28 22:00:49,558 - main - INFO -  Download progress: 56.2% (909.0 MB)
2025-08-28 22:00:49,558 - main - INFO - 🔄 OVERALL PROGRESS: 115.9% | File: stock_earning_call_transcripts.parquet | File Progress: 16.9%
2025-08-28 22:00:49,859 - main - INFO -  Download progress: 56.3% (910.0 MB)
2025-08-28 22:00:49,859 - main - INFO - 🔄 OVERALL PROGRESS: 116.0% | File: stock_earning_call_transcripts.parquet | File Progress: 16.9%
2025-08-28 22:00:50,253 - main - INFO -  Download progress: 56.3% (911.0 MB)
2025-08-28 22:00:50,253 - main - INFO - 🔄 OVERALL PROGRESS: 116.1% | File: stock_earning_call_transcripts.parquet | File Progress: 16.9%
2025-08-28 22:00:50,929 - main - INFO -  Download progress: 56.4% (912.0 MB)
2025-08-28 22:00:50,929 - main - INFO - 🔄 OVERALL PROGRESS: 116.2% | File: stock_earning_call_transcripts.parquet | File Progress: 16.9%
2025-08-28 22:00:51,144 - main - INFO -  Download progress: 56.4% (913.0 MB)
2025-08-28 22:00:51,144 - main - INFO - 🔄 OVERALL PROGRESS: 116.3% | File: stock_earning_call_transcripts.parquet | File Progress: 16.9%
2025-08-28 22:00:51,204 - main - INFO -  Download progress: 56.5% (914.0 MB)
2025-08-28 22:00:51,205 - main - INFO - 🔄 OVERALL PROGRESS: 116.4% | File: stock_earning_call_transcripts.parquet | File Progress: 16.9%
2025-08-28 22:00:51,634 - main - INFO -  Download progress: 56.6% (915.0 MB)
2025-08-28 22:00:51,635 - main - INFO - 🔄 OVERALL PROGRESS: 116.5% | File: stock_earning_call_transcripts.parquet | File Progress: 17.0%
2025-08-28 22:00:51,843 - main - INFO -  Download progress: 56.6% (916.0 MB)
2025-08-28 22:00:51,843 - main - INFO - 🔄 OVERALL PROGRESS: 116.6% | File: stock_earning_call_transcripts.parquet | File Progress: 17.0%
2025-08-28 22:00:52,090 - main - INFO -  Download progress: 56.7% (917.0 MB)
2025-08-28 22:00:52,091 - main - INFO - 🔄 OVERALL PROGRESS: 116.7% | File: stock_earning_call_transcripts.parquet | File Progress: 17.0%
2025-08-28 22:00:52,367 - main - INFO -  Download progress: 56.7% (918.0 MB)
2025-08-28 22:00:52,367 - main - INFO - 🔄 OVERALL PROGRESS: 116.8% | File: stock_earning_call_transcripts.parquet | File Progress: 17.0%
2025-08-28 22:00:52,653 - main - INFO -  Download progress: 56.8% (919.0 MB)
2025-08-28 22:00:52,653 - main - INFO - 🔄 OVERALL PROGRESS: 116.9% | File: stock_earning_call_transcripts.parquet | File Progress: 17.0%
2025-08-28 22:00:52,934 - main - INFO -  Download progress: 56.9% (920.0 MB)
2025-08-28 22:00:52,935 - main - INFO - 🔄 OVERALL PROGRESS: 117.0% | File: stock_earning_call_transcripts.parquet | File Progress: 17.1%
2025-08-28 22:00:53,154 - main - INFO -  Download progress: 56.9% (921.0 MB)
2025-08-28 22:00:53,154 - main - INFO - 🔄 OVERALL PROGRESS: 117.1% | File: stock_earning_call_transcripts.parquet | File Progress: 17.1%
2025-08-28 22:00:53,389 - main - INFO -  Download progress: 57.0% (922.0 MB)
2025-08-28 22:00:53,389 - main - INFO - 🔄 OVERALL PROGRESS: 117.2% | File: stock_earning_call_transcripts.parquet | File Progress: 17.1%
2025-08-28 22:00:53,698 - main - INFO -  Download progress: 57.1% (923.0 MB)
2025-08-28 22:00:53,698 - main - INFO - 🔄 OVERALL PROGRESS: 117.3% | File: stock_earning_call_transcripts.parquet | File Progress: 17.1%
2025-08-28 22:00:53,946 - main - INFO -  Download progress: 57.1% (924.0 MB)
2025-08-28 22:00:53,946 - main - INFO - 🔄 OVERALL PROGRESS: 117.4% | File: stock_earning_call_transcripts.parquet | File Progress: 17.1%
2025-08-28 22:00:54,287 - main - INFO -  Download progress: 57.2% (925.0 MB)
2025-08-28 22:00:54,287 - main - INFO - 🔄 OVERALL PROGRESS: 117.5% | File: stock_earning_call_transcripts.parquet | File Progress: 17.2%
2025-08-28 22:00:54,586 - main - INFO -  Download progress: 57.2% (926.0 MB)
2025-08-28 22:00:54,586 - main - INFO - 🔄 OVERALL PROGRESS: 117.6% | File: stock_earning_call_transcripts.parquet | File Progress: 17.2%
2025-08-28 22:00:54,703 - main - INFO -  Download progress: 57.3% (927.0 MB)
2025-08-28 22:00:54,703 - main - INFO - 🔄 OVERALL PROGRESS: 117.7% | File: stock_earning_call_transcripts.parquet | File Progress: 17.2%
2025-08-28 22:00:55,185 - main - INFO -  Download progress: 57.4% (928.0 MB)
2025-08-28 22:00:55,185 - main - INFO - 🔄 OVERALL PROGRESS: 117.8% | File: stock_earning_call_transcripts.parquet | File Progress: 17.2%
2025-08-28 22:00:55,415 - main - INFO -  Download progress: 57.4% (929.0 MB)
2025-08-28 22:00:55,415 - main - INFO - 🔄 OVERALL PROGRESS: 117.9% | File: stock_earning_call_transcripts.parquet | File Progress: 17.2%
2025-08-28 22:00:55,722 - main - INFO -  Download progress: 57.5% (930.0 MB)
2025-08-28 22:00:55,722 - main - INFO - 🔄 OVERALL PROGRESS: 118.0% | File: stock_earning_call_transcripts.parquet | File Progress: 17.2%
2025-08-28 22:00:55,813 - main - INFO -  Download progress: 57.6% (931.0 MB)
2025-08-28 22:00:55,813 - main - INFO - 🔄 OVERALL PROGRESS: 118.1% | File: stock_earning_call_transcripts.parquet | File Progress: 17.3%
2025-08-28 22:00:56,461 - main - INFO -  Download progress: 57.6% (932.0 MB)
2025-08-28 22:00:56,461 - main - INFO - 🔄 OVERALL PROGRESS: 118.2% | File: stock_earning_call_transcripts.parquet | File Progress: 17.3%
2025-08-28 22:00:56,471 - main - INFO -  Download progress: 57.7% (933.0 MB)
2025-08-28 22:00:56,471 - main - INFO - 🔄 OVERALL PROGRESS: 118.3% | File: stock_earning_call_transcripts.parquet | File Progress: 17.3%
2025-08-28 22:00:56,654 - main - INFO -  Download progress: 57.7% (934.0 MB)
2025-08-28 22:00:56,655 - main - INFO - 🔄 OVERALL PROGRESS: 118.4% | File: stock_earning_call_transcripts.parquet | File Progress: 17.3%
2025-08-28 22:00:56,869 - main - INFO -  Download progress: 57.8% (935.0 MB)
2025-08-28 22:00:56,869 - main - INFO - 🔄 OVERALL PROGRESS: 118.6% | File: stock_earning_call_transcripts.parquet | File Progress: 17.3%
2025-08-28 22:00:57,093 - main - INFO -  Download progress: 57.9% (936.0 MB)
2025-08-28 22:00:57,093 - main - INFO - 🔄 OVERALL PROGRESS: 118.7% | File: stock_earning_call_transcripts.parquet | File Progress: 17.4%
2025-08-28 22:00:57,330 - main - INFO -  Download progress: 57.9% (937.0 MB)
2025-08-28 22:00:57,330 - main - INFO - 🔄 OVERALL PROGRESS: 118.8% | File: stock_earning_call_transcripts.parquet | File Progress: 17.4%
2025-08-28 22:00:58,049 - main - INFO -  Download progress: 58.0% (938.0 MB)
2025-08-28 22:00:58,050 - main - INFO - 🔄 OVERALL PROGRESS: 118.9% | File: stock_earning_call_transcripts.parquet | File Progress: 17.4%
2025-08-28 22:00:58,068 - main - INFO -  Download progress: 58.0% (939.0 MB)
2025-08-28 22:00:58,068 - main - INFO - 🔄 OVERALL PROGRESS: 119.0% | File: stock_earning_call_transcripts.parquet | File Progress: 17.4%
2025-08-28 22:00:58,378 - main - INFO -  Download progress: 58.1% (940.0 MB)
2025-08-28 22:00:58,378 - main - INFO - 🔄 OVERALL PROGRESS: 119.1% | File: stock_earning_call_transcripts.parquet | File Progress: 17.4%
2025-08-28 22:00:58,443 - main - INFO -  Download progress: 58.2% (941.0 MB)
2025-08-28 22:00:58,443 - main - INFO - 🔄 OVERALL PROGRESS: 119.2% | File: stock_earning_call_transcripts.parquet | File Progress: 17.5%
2025-08-28 22:00:58,735 - main - INFO -  Download progress: 58.2% (942.0 MB)
2025-08-28 22:00:58,735 - main - INFO - 🔄 OVERALL PROGRESS: 119.3% | File: stock_earning_call_transcripts.parquet | File Progress: 17.5%
2025-08-28 22:00:59,001 - main - INFO -  Download progress: 58.3% (943.0 MB)
2025-08-28 22:00:59,002 - main - INFO - 🔄 OVERALL PROGRESS: 119.4% | File: stock_earning_call_transcripts.parquet | File Progress: 17.5%
2025-08-28 22:00:59,116 - main - INFO -  Download progress: 58.4% (944.0 MB)
2025-08-28 22:00:59,117 - main - INFO - 🔄 OVERALL PROGRESS: 119.5% | File: stock_earning_call_transcripts.parquet | File Progress: 17.5%
2025-08-28 22:00:59,395 - main - INFO -  Download progress: 58.4% (945.0 MB)
2025-08-28 22:00:59,395 - main - INFO - 🔄 OVERALL PROGRESS: 119.6% | File: stock_earning_call_transcripts.parquet | File Progress: 17.5%
2025-08-28 22:00:59,740 - main - INFO -  Download progress: 58.5% (946.0 MB)
2025-08-28 22:00:59,740 - main - INFO - 🔄 OVERALL PROGRESS: 119.7% | File: stock_earning_call_transcripts.parquet | File Progress: 17.5%
2025-08-28 22:01:00,146 - main - INFO -  Download progress: 58.5% (947.0 MB)
2025-08-28 22:01:00,147 - main - INFO - 🔄 OVERALL PROGRESS: 119.8% | File: stock_earning_call_transcripts.parquet | File Progress: 17.6%
2025-08-28 22:01:00,268 - main - INFO -  Download progress: 58.6% (948.0 MB)
2025-08-28 22:01:00,268 - main - INFO - 🔄 OVERALL PROGRESS: 119.9% | File: stock_earning_call_transcripts.parquet | File Progress: 17.6%
2025-08-28 22:01:00,771 - main - INFO -  Download progress: 58.7% (949.0 MB)
2025-08-28 22:01:00,771 - main - INFO - 🔄 OVERALL PROGRESS: 120.0% | File: stock_earning_call_transcripts.parquet | File Progress: 17.6%
2025-08-28 22:01:01,033 - main - INFO -  Download progress: 58.7% (950.0 MB)
2025-08-28 22:01:01,033 - main - INFO - 🔄 OVERALL PROGRESS: 120.1% | File: stock_earning_call_transcripts.parquet | File Progress: 17.6%
2025-08-28 22:01:01,412 - main - INFO -  Download progress: 58.8% (951.0 MB)
2025-08-28 22:01:01,412 - main - INFO - 🔄 OVERALL PROGRESS: 120.2% | File: stock_earning_call_transcripts.parquet | File Progress: 17.6%
2025-08-28 22:01:01,831 - main - INFO -  Download progress: 58.8% (952.0 MB)
2025-08-28 22:01:01,831 - main - INFO - 🔄 OVERALL PROGRESS: 120.3% | File: stock_earning_call_transcripts.parquet | File Progress: 17.7%
2025-08-28 22:01:02,076 - main - INFO -  Download progress: 58.9% (953.0 MB)
2025-08-28 22:01:02,076 - main - INFO - 🔄 OVERALL PROGRESS: 120.4% | File: stock_earning_call_transcripts.parquet | File Progress: 17.7%
2025-08-28 22:01:02,308 - main - INFO -  Download progress: 59.0% (954.0 MB)
2025-08-28 22:01:02,308 - main - INFO - 🔄 OVERALL PROGRESS: 120.5% | File: stock_earning_call_transcripts.parquet | File Progress: 17.7%
2025-08-28 22:01:02,515 - main - INFO -  Download progress: 59.0% (955.0 MB)
2025-08-28 22:01:02,515 - main - INFO - 🔄 OVERALL PROGRESS: 120.6% | File: stock_earning_call_transcripts.parquet | File Progress: 17.7%
2025-08-28 22:01:02,763 - main - INFO -  Download progress: 59.1% (956.0 MB)
2025-08-28 22:01:02,763 - main - INFO - 🔄 OVERALL PROGRESS: 120.7% | File: stock_earning_call_transcripts.parquet | File Progress: 17.7%
2025-08-28 22:01:03,202 - main - INFO -  Download progress: 59.2% (957.0 MB)
2025-08-28 22:01:03,202 - main - INFO - 🔄 OVERALL PROGRESS: 120.8% | File: stock_earning_call_transcripts.parquet | File Progress: 17.7%
2025-08-28 22:01:03,667 - main - INFO -  Download progress: 59.2% (958.0 MB)
2025-08-28 22:01:03,667 - main - INFO - 🔄 OVERALL PROGRESS: 120.9% | File: stock_earning_call_transcripts.parquet | File Progress: 17.8%
2025-08-28 22:01:03,944 - main - INFO -  Download progress: 59.3% (959.0 MB)
2025-08-28 22:01:03,944 - main - INFO - 🔄 OVERALL PROGRESS: 121.0% | File: stock_earning_call_transcripts.parquet | File Progress: 17.8%
2025-08-28 22:01:04,318 - main - INFO -  Download progress: 59.3% (960.0 MB)
2025-08-28 22:01:04,318 - main - INFO - 🔄 OVERALL PROGRESS: 121.1% | File: stock_earning_call_transcripts.parquet | File Progress: 17.8%
2025-08-28 22:01:04,440 - main - INFO -  Download progress: 59.4% (961.0 MB)
2025-08-28 22:01:04,440 - main - INFO - 🔄 OVERALL PROGRESS: 121.2% | File: stock_earning_call_transcripts.parquet | File Progress: 17.8%
2025-08-28 22:01:04,648 - main - INFO -  Download progress: 59.5% (962.0 MB)
2025-08-28 22:01:04,648 - main - INFO - 🔄 OVERALL PROGRESS: 121.3% | File: stock_earning_call_transcripts.parquet | File Progress: 17.8%
2025-08-28 22:01:04,882 - main - INFO -  Download progress: 59.5% (963.0 MB)
2025-08-28 22:01:04,883 - main - INFO - 🔄 OVERALL PROGRESS: 121.4% | File: stock_earning_call_transcripts.parquet | File Progress: 17.9%
2025-08-28 22:01:05,127 - main - INFO -  Download progress: 59.6% (964.0 MB)
2025-08-28 22:01:05,127 - main - INFO - 🔄 OVERALL PROGRESS: 121.5% | File: stock_earning_call_transcripts.parquet | File Progress: 17.9%
2025-08-28 22:01:05,317 - main - INFO -  Download progress: 59.7% (965.0 MB)
2025-08-28 22:01:05,318 - main - INFO - 🔄 OVERALL PROGRESS: 121.6% | File: stock_earning_call_transcripts.parquet | File Progress: 17.9%
2025-08-28 22:01:05,557 - main - INFO -  Download progress: 59.7% (966.0 MB)
2025-08-28 22:01:05,558 - main - INFO - 🔄 OVERALL PROGRESS: 121.7% | File: stock_earning_call_transcripts.parquet | File Progress: 17.9%
2025-08-28 22:01:06,065 - main - INFO -  Download progress: 59.8% (967.0 MB)
2025-08-28 22:01:06,065 - main - INFO - 🔄 OVERALL PROGRESS: 121.8% | File: stock_earning_call_transcripts.parquet | File Progress: 17.9%
2025-08-28 22:01:06,075 - main - INFO -  Download progress: 59.8% (968.0 MB)
2025-08-28 22:01:06,075 - main - INFO - 🔄 OVERALL PROGRESS: 122.0% | File: stock_earning_call_transcripts.parquet | File Progress: 18.0%
2025-08-28 22:01:06,197 - main - INFO -  Download progress: 59.9% (969.0 MB)
2025-08-28 22:01:06,197 - main - INFO - 🔄 OVERALL PROGRESS: 122.1% | File: stock_earning_call_transcripts.parquet | File Progress: 18.0%
2025-08-28 22:01:06,613 - main - INFO -  Download progress: 60.0% (970.0 MB)
2025-08-28 22:01:06,613 - main - INFO - 🔄 OVERALL PROGRESS: 122.2% | File: stock_earning_call_transcripts.parquet | File Progress: 18.0%
2025-08-28 22:01:06,782 - main - INFO -  Download progress: 60.0% (971.0 MB)
2025-08-28 22:01:06,782 - main - INFO - 🔄 OVERALL PROGRESS: 122.3% | File: stock_earning_call_transcripts.parquet | File Progress: 18.0%
2025-08-28 22:01:06,840 - main - INFO -  Download progress: 60.1% (972.0 MB)
2025-08-28 22:01:06,841 - main - INFO - 🔄 OVERALL PROGRESS: 122.4% | File: stock_earning_call_transcripts.parquet | File Progress: 18.0%
2025-08-28 22:01:07,009 - main - INFO -  Download progress: 60.1% (973.0 MB)
2025-08-28 22:01:07,009 - main - INFO - 🔄 OVERALL PROGRESS: 122.5% | File: stock_earning_call_transcripts.parquet | File Progress: 18.0%
2025-08-28 22:01:07,197 - main - INFO -  Download progress: 60.2% (974.0 MB)
2025-08-28 22:01:07,197 - main - INFO - 🔄 OVERALL PROGRESS: 122.6% | File: stock_earning_call_transcripts.parquet | File Progress: 18.1%
2025-08-28 22:01:07,416 - main - INFO -  Download progress: 60.3% (975.0 MB)
2025-08-28 22:01:07,417 - main - INFO - 🔄 OVERALL PROGRESS: 122.7% | File: stock_earning_call_transcripts.parquet | File Progress: 18.1%
2025-08-28 22:01:07,600 - main - INFO -  Download progress: 60.3% (976.0 MB)
2025-08-28 22:01:07,601 - main - INFO - 🔄 OVERALL PROGRESS: 122.8% | File: stock_earning_call_transcripts.parquet | File Progress: 18.1%
2025-08-28 22:01:07,761 - main - INFO -  Download progress: 60.4% (977.0 MB)
2025-08-28 22:01:07,761 - main - INFO - 🔄 OVERALL PROGRESS: 122.9% | File: stock_earning_call_transcripts.parquet | File Progress: 18.1%
2025-08-28 22:01:07,942 - main - INFO -  Download progress: 60.5% (978.0 MB)
2025-08-28 22:01:07,943 - main - INFO - 🔄 OVERALL PROGRESS: 123.0% | File: stock_earning_call_transcripts.parquet | File Progress: 18.1%
2025-08-28 22:01:08,198 - main - INFO -  Download progress: 60.5% (979.0 MB)
2025-08-28 22:01:08,198 - main - INFO - 🔄 OVERALL PROGRESS: 123.1% | File: stock_earning_call_transcripts.parquet | File Progress: 18.2%
2025-08-28 22:01:09,044 - main - INFO -  Download progress: 60.6% (980.0 MB)
2025-08-28 22:01:09,044 - main - INFO - 🔄 OVERALL PROGRESS: 123.2% | File: stock_earning_call_transcripts.parquet | File Progress: 18.2%
2025-08-28 22:01:09,053 - main - INFO -  Download progress: 60.6% (981.0 MB)
2025-08-28 22:01:09,053 - main - INFO - 🔄 OVERALL PROGRESS: 123.3% | File: stock_earning_call_transcripts.parquet | File Progress: 18.2%
2025-08-28 22:01:09,184 - main - INFO -  Download progress: 60.7% (982.0 MB)
2025-08-28 22:01:09,184 - main - INFO - 🔄 OVERALL PROGRESS: 123.4% | File: stock_earning_call_transcripts.parquet | File Progress: 18.2%
2025-08-28 22:01:09,370 - main - INFO -  Download progress: 60.8% (983.0 MB)
2025-08-28 22:01:09,370 - main - INFO - 🔄 OVERALL PROGRESS: 123.5% | File: stock_earning_call_transcripts.parquet | File Progress: 18.2%
2025-08-28 22:01:09,557 - main - INFO -  Download progress: 60.8% (984.0 MB)
2025-08-28 22:01:09,557 - main - INFO - 🔄 OVERALL PROGRESS: 123.6% | File: stock_earning_call_transcripts.parquet | File Progress: 18.2%
2025-08-28 22:01:09,757 - main - INFO -  Download progress: 60.9% (985.0 MB)
2025-08-28 22:01:09,757 - main - INFO - 🔄 OVERALL PROGRESS: 123.7% | File: stock_earning_call_transcripts.parquet | File Progress: 18.3%
2025-08-28 22:01:10,027 - main - INFO -  Download progress: 61.0% (986.0 MB)
2025-08-28 22:01:10,028 - main - INFO - 🔄 OVERALL PROGRESS: 123.8% | File: stock_earning_call_transcripts.parquet | File Progress: 18.3%
2025-08-28 22:01:10,351 - main - INFO -  Download progress: 61.0% (987.0 MB)
2025-08-28 22:01:10,352 - main - INFO - 🔄 OVERALL PROGRESS: 123.9% | File: stock_earning_call_transcripts.parquet | File Progress: 18.3%
2025-08-28 22:01:10,457 - main - INFO -  Download progress: 61.1% (988.0 MB)
2025-08-28 22:01:10,457 - main - INFO - 🔄 OVERALL PROGRESS: 124.0% | File: stock_earning_call_transcripts.parquet | File Progress: 18.3%
2025-08-28 22:01:10,663 - main - INFO -  Download progress: 61.1% (989.0 MB)
2025-08-28 22:01:10,663 - main - INFO - 🔄 OVERALL PROGRESS: 124.1% | File: stock_earning_call_transcripts.parquet | File Progress: 18.3%
2025-08-28 22:01:11,189 - main - INFO -  Download progress: 61.2% (990.0 MB)
2025-08-28 22:01:11,190 - main - INFO - 🔄 OVERALL PROGRESS: 124.2% | File: stock_earning_call_transcripts.parquet | File Progress: 18.4%
2025-08-28 22:01:11,202 - main - INFO -  Download progress: 61.3% (991.0 MB)
2025-08-28 22:01:11,202 - main - INFO - 🔄 OVERALL PROGRESS: 124.3% | File: stock_earning_call_transcripts.parquet | File Progress: 18.4%
2025-08-28 22:01:11,395 - main - INFO -  Download progress: 61.3% (992.0 MB)
2025-08-28 22:01:11,395 - main - INFO - 🔄 OVERALL PROGRESS: 124.4% | File: stock_earning_call_transcripts.parquet | File Progress: 18.4%
2025-08-28 22:01:11,626 - main - INFO -  Download progress: 61.4% (993.0 MB)
2025-08-28 22:01:11,626 - main - INFO - 🔄 OVERALL PROGRESS: 124.5% | File: stock_earning_call_transcripts.parquet | File Progress: 18.4%
2025-08-28 22:01:11,836 - main - INFO -  Download progress: 61.4% (994.0 MB)
2025-08-28 22:01:11,836 - main - INFO - 🔄 OVERALL PROGRESS: 124.6% | File: stock_earning_call_transcripts.parquet | File Progress: 18.4%
2025-08-28 22:01:12,850 - main - INFO -  Download progress: 61.5% (995.0 MB)
2025-08-28 22:01:12,851 - main - INFO - 🔄 OVERALL PROGRESS: 124.7% | File: stock_earning_call_transcripts.parquet | File Progress: 18.5%
2025-08-28 22:01:12,863 - main - INFO -  Download progress: 61.6% (996.0 MB)
2025-08-28 22:01:12,864 - main - INFO - 🔄 OVERALL PROGRESS: 124.8% | File: stock_earning_call_transcripts.parquet | File Progress: 18.5%
2025-08-28 22:01:13,097 - main - INFO -  Download progress: 61.6% (997.0 MB)
2025-08-28 22:01:13,097 - main - INFO - 🔄 OVERALL PROGRESS: 124.9% | File: stock_earning_call_transcripts.parquet | File Progress: 18.5%
2025-08-28 22:01:13,698 - main - INFO -  Download progress: 61.7% (998.0 MB)
2025-08-28 22:01:13,698 - main - INFO - 🔄 OVERALL PROGRESS: 125.0% | File: stock_earning_call_transcripts.parquet | File Progress: 18.5%
2025-08-28 22:01:14,037 - main - INFO -  Download progress: 61.8% (999.0 MB)
2025-08-28 22:01:14,037 - main - INFO - 🔄 OVERALL PROGRESS: 125.1% | File: stock_earning_call_transcripts.parquet | File Progress: 18.5%
2025-08-28 22:01:14,323 - main - INFO -  Download progress: 61.8% (1000.0 MB)
2025-08-28 22:01:14,323 - main - INFO - 🔄 OVERALL PROGRESS: 125.2% | File: stock_earning_call_transcripts.parquet | File Progress: 18.5%
2025-08-28 22:01:14,718 - main - INFO -  Download progress: 61.9% (1001.0 MB)
2025-08-28 22:01:14,718 - main - INFO - 🔄 OVERALL PROGRESS: 125.4% | File: stock_earning_call_transcripts.parquet | File Progress: 18.6%
2025-08-28 22:01:14,959 - main - INFO -  Download progress: 61.9% (1002.0 MB)
2025-08-28 22:01:14,960 - main - INFO - 🔄 OVERALL PROGRESS: 125.5% | File: stock_earning_call_transcripts.parquet | File Progress: 18.6%
2025-08-28 22:01:15,382 - main - INFO -  Download progress: 62.0% (1003.0 MB)
2025-08-28 22:01:15,382 - main - INFO - 🔄 OVERALL PROGRESS: 125.6% | File: stock_earning_call_transcripts.parquet | File Progress: 18.6%
2025-08-28 22:01:15,566 - main - INFO -  Download progress: 62.1% (1004.0 MB)
2025-08-28 22:01:15,566 - main - INFO - 🔄 OVERALL PROGRESS: 125.7% | File: stock_earning_call_transcripts.parquet | File Progress: 18.6%
2025-08-28 22:01:15,848 - main - INFO -  Download progress: 62.1% (1005.0 MB)
2025-08-28 22:01:15,848 - main - INFO - 🔄 OVERALL PROGRESS: 125.8% | File: stock_earning_call_transcripts.parquet | File Progress: 18.6%
2025-08-28 22:01:16,104 - main - INFO -  Download progress: 62.2% (1006.0 MB)
2025-08-28 22:01:16,104 - main - INFO - 🔄 OVERALL PROGRESS: 125.9% | File: stock_earning_call_transcripts.parquet | File Progress: 18.7%
2025-08-28 22:01:16,342 - main - INFO -  Download progress: 62.2% (1007.0 MB)
2025-08-28 22:01:16,342 - main - INFO - 🔄 OVERALL PROGRESS: 126.0% | File: stock_earning_call_transcripts.parquet | File Progress: 18.7%
2025-08-28 22:01:16,576 - main - INFO -  Download progress: 62.3% (1008.0 MB)
2025-08-28 22:01:16,577 - main - INFO - 🔄 OVERALL PROGRESS: 126.1% | File: stock_earning_call_transcripts.parquet | File Progress: 18.7%
2025-08-28 22:01:16,781 - main - INFO -  Download progress: 62.4% (1009.0 MB)
2025-08-28 22:01:16,781 - main - INFO - 🔄 OVERALL PROGRESS: 126.2% | File: stock_earning_call_transcripts.parquet | File Progress: 18.7%
2025-08-28 22:01:17,030 - main - INFO -  Download progress: 62.4% (1010.0 MB)
2025-08-28 22:01:17,030 - main - INFO - 🔄 OVERALL PROGRESS: 126.3% | File: stock_earning_call_transcripts.parquet | File Progress: 18.7%
2025-08-28 22:01:17,232 - main - INFO -  Download progress: 62.5% (1011.0 MB)
2025-08-28 22:01:17,232 - main - INFO - 🔄 OVERALL PROGRESS: 126.4% | File: stock_earning_call_transcripts.parquet | File Progress: 18.7%
2025-08-28 22:01:17,437 - main - INFO -  Download progress: 62.6% (1012.0 MB)
2025-08-28 22:01:17,437 - main - INFO - 🔄 OVERALL PROGRESS: 126.5% | File: stock_earning_call_transcripts.parquet | File Progress: 18.8%
2025-08-28 22:01:17,681 - main - INFO -  Download progress: 62.6% (1013.0 MB)
2025-08-28 22:01:17,681 - main - INFO - 🔄 OVERALL PROGRESS: 126.6% | File: stock_earning_call_transcripts.parquet | File Progress: 18.8%
2025-08-28 22:01:17,897 - main - INFO -  Download progress: 62.7% (1014.0 MB)
2025-08-28 22:01:17,898 - main - INFO - 🔄 OVERALL PROGRESS: 126.7% | File: stock_earning_call_transcripts.parquet | File Progress: 18.8%
2025-08-28 22:01:18,278 - main - INFO -  Download progress: 62.7% (1015.0 MB)
2025-08-28 22:01:18,278 - main - INFO - 🔄 OVERALL PROGRESS: 126.8% | File: stock_earning_call_transcripts.parquet | File Progress: 18.8%
2025-08-28 22:01:18,522 - main - INFO -  Download progress: 62.8% (1016.0 MB)
2025-08-28 22:01:18,522 - main - INFO - 🔄 OVERALL PROGRESS: 126.9% | File: stock_earning_call_transcripts.parquet | File Progress: 18.8%
2025-08-28 22:01:18,760 - main - INFO -  Download progress: 62.9% (1017.0 MB)
2025-08-28 22:01:18,760 - main - INFO - 🔄 OVERALL PROGRESS: 127.0% | File: stock_earning_call_transcripts.parquet | File Progress: 18.9%
2025-08-28 22:01:18,980 - main - INFO -  Download progress: 62.9% (1018.0 MB)
2025-08-28 22:01:18,980 - main - INFO - 🔄 OVERALL PROGRESS: 127.1% | File: stock_earning_call_transcripts.parquet | File Progress: 18.9%
2025-08-28 22:01:19,153 - main - INFO -  Download progress: 63.0% (1019.0 MB)
2025-08-28 22:01:19,153 - main - INFO - 🔄 OVERALL PROGRESS: 127.2% | File: stock_earning_call_transcripts.parquet | File Progress: 18.9%
2025-08-28 22:01:19,347 - main - INFO -  Download progress: 63.1% (1020.0 MB)
2025-08-28 22:01:19,347 - main - INFO - 🔄 OVERALL PROGRESS: 127.3% | File: stock_earning_call_transcripts.parquet | File Progress: 18.9%
2025-08-28 22:01:19,805 - main - INFO -  Download progress: 63.1% (1021.0 MB)
2025-08-28 22:01:19,805 - main - INFO - 🔄 OVERALL PROGRESS: 127.4% | File: stock_earning_call_transcripts.parquet | File Progress: 18.9%
2025-08-28 22:01:19,813 - main - INFO -  Download progress: 63.2% (1022.0 MB)
2025-08-28 22:01:19,813 - main - INFO - 🔄 OVERALL PROGRESS: 127.5% | File: stock_earning_call_transcripts.parquet | File Progress: 19.0%
2025-08-28 22:01:20,127 - main - INFO -  Download progress: 63.2% (1023.0 MB)
2025-08-28 22:01:20,127 - main - INFO - 🔄 OVERALL PROGRESS: 127.6% | File: stock_earning_call_transcripts.parquet | File Progress: 19.0%
2025-08-28 22:01:20,245 - main - INFO -  Download progress: 63.3% (1024.0 MB)
2025-08-28 22:01:20,245 - main - INFO - 🔄 OVERALL PROGRESS: 127.7% | File: stock_earning_call_transcripts.parquet | File Progress: 19.0%
2025-08-28 22:01:20,501 - main - INFO -  Download progress: 63.4% (1025.0 MB)
2025-08-28 22:01:20,501 - main - INFO - 🔄 OVERALL PROGRESS: 127.8% | File: stock_earning_call_transcripts.parquet | File Progress: 19.0%
2025-08-28 22:01:20,853 - main - INFO -  Download progress: 63.4% (1026.0 MB)
2025-08-28 22:01:20,854 - main - INFO - 🔄 OVERALL PROGRESS: 127.9% | File: stock_earning_call_transcripts.parquet | File Progress: 19.0%
2025-08-28 22:01:21,175 - main - INFO -  Download progress: 63.5% (1027.0 MB)
2025-08-28 22:01:21,175 - main - INFO - 🔄 OVERALL PROGRESS: 128.0% | File: stock_earning_call_transcripts.parquet | File Progress: 19.0%
2025-08-28 22:01:21,570 - main - INFO -  Download progress: 63.5% (1028.0 MB)
2025-08-28 22:01:21,570 - main - INFO - 🔄 OVERALL PROGRESS: 128.1% | File: stock_earning_call_transcripts.parquet | File Progress: 19.1%
2025-08-28 22:01:21,658 - main - INFO -  Download progress: 63.6% (1029.0 MB)
2025-08-28 22:01:21,658 - main - INFO - 🔄 OVERALL PROGRESS: 128.2% | File: stock_earning_call_transcripts.parquet | File Progress: 19.1%
2025-08-28 22:01:21,867 - main - INFO -  Download progress: 63.7% (1030.0 MB)
2025-08-28 22:01:21,867 - main - INFO - 🔄 OVERALL PROGRESS: 128.3% | File: stock_earning_call_transcripts.parquet | File Progress: 19.1%
2025-08-28 22:01:22,102 - main - INFO -  Download progress: 63.7% (1031.0 MB)
2025-08-28 22:01:22,102 - main - INFO - 🔄 OVERALL PROGRESS: 128.4% | File: stock_earning_call_transcripts.parquet | File Progress: 19.1%
2025-08-28 22:01:22,308 - main - INFO -  Download progress: 63.8% (1032.0 MB)
2025-08-28 22:01:22,308 - main - INFO - 🔄 OVERALL PROGRESS: 128.5% | File: stock_earning_call_transcripts.parquet | File Progress: 19.1%
2025-08-28 22:01:22,518 - main - INFO -  Download progress: 63.9% (1033.0 MB)
2025-08-28 22:01:22,518 - main - INFO - 🔄 OVERALL PROGRESS: 128.6% | File: stock_earning_call_transcripts.parquet | File Progress: 19.2%
2025-08-28 22:01:22,722 - main - INFO -  Download progress: 63.9% (1034.0 MB)
2025-08-28 22:01:22,723 - main - INFO - 🔄 OVERALL PROGRESS: 128.8% | File: stock_earning_call_transcripts.parquet | File Progress: 19.2%
2025-08-28 22:01:22,948 - main - INFO -  Download progress: 64.0% (1035.0 MB)
2025-08-28 22:01:22,949 - main - INFO - 🔄 OVERALL PROGRESS: 128.9% | File: stock_earning_call_transcripts.parquet | File Progress: 19.2%
2025-08-28 22:01:23,362 - main - INFO -  Download progress: 64.0% (1036.0 MB)
2025-08-28 22:01:23,363 - main - INFO - 🔄 OVERALL PROGRESS: 129.0% | File: stock_earning_call_transcripts.parquet | File Progress: 19.2%
2025-08-28 22:01:23,468 - main - INFO -  Download progress: 64.1% (1037.0 MB)
2025-08-28 22:01:23,468 - main - INFO - 🔄 OVERALL PROGRESS: 129.1% | File: stock_earning_call_transcripts.parquet | File Progress: 19.2%
2025-08-28 22:01:23,694 - main - INFO -  Download progress: 64.2% (1038.0 MB)
2025-08-28 22:01:23,695 - main - INFO - 🔄 OVERALL PROGRESS: 129.2% | File: stock_earning_call_transcripts.parquet | File Progress: 19.2%
2025-08-28 22:01:23,952 - main - INFO -  Download progress: 64.2% (1039.0 MB)
2025-08-28 22:01:23,952 - main - INFO - 🔄 OVERALL PROGRESS: 129.3% | File: stock_earning_call_transcripts.parquet | File Progress: 19.3%
2025-08-28 22:01:24,253 - main - INFO -  Download progress: 64.3% (1040.0 MB)
2025-08-28 22:01:24,253 - main - INFO - 🔄 OVERALL PROGRESS: 129.4% | File: stock_earning_call_transcripts.parquet | File Progress: 19.3%
2025-08-28 22:01:24,489 - main - INFO -  Download progress: 64.4% (1041.0 MB)
2025-08-28 22:01:24,489 - main - INFO - 🔄 OVERALL PROGRESS: 129.5% | File: stock_earning_call_transcripts.parquet | File Progress: 19.3%
2025-08-28 22:01:25,405 - main - INFO -  Download progress: 64.4% (1042.0 MB)
2025-08-28 22:01:25,405 - main - INFO - 🔄 OVERALL PROGRESS: 129.6% | File: stock_earning_call_transcripts.parquet | File Progress: 19.3%
2025-08-28 22:01:25,642 - main - INFO -  Download progress: 64.5% (1043.0 MB)
2025-08-28 22:01:25,642 - main - INFO - 🔄 OVERALL PROGRESS: 129.7% | File: stock_earning_call_transcripts.parquet | File Progress: 19.3%
2025-08-28 22:01:26,722 - main - INFO -  Download progress: 64.5% (1044.0 MB)
2025-08-28 22:01:26,724 - main - INFO - 🔄 OVERALL PROGRESS: 129.8% | File: stock_earning_call_transcripts.parquet | File Progress: 19.4%
2025-08-28 22:01:27,098 - main - INFO -  Download progress: 64.6% (1045.0 MB)
2025-08-28 22:01:27,098 - main - INFO - 🔄 OVERALL PROGRESS: 129.9% | File: stock_earning_call_transcripts.parquet | File Progress: 19.4%
2025-08-28 22:01:27,653 - main - INFO -  Download progress: 64.7% (1046.0 MB)
2025-08-28 22:01:27,654 - main - INFO - 🔄 OVERALL PROGRESS: 130.0% | File: stock_earning_call_transcripts.parquet | File Progress: 19.4%
2025-08-28 22:01:28,248 - main - INFO -  Download progress: 64.7% (1047.0 MB)
2025-08-28 22:01:28,248 - main - INFO - 🔄 OVERALL PROGRESS: 130.1% | File: stock_earning_call_transcripts.parquet | File Progress: 19.4%
2025-08-28 22:01:28,824 - main - INFO -  Download progress: 64.8% (1048.0 MB)
2025-08-28 22:01:28,825 - main - INFO - 🔄 OVERALL PROGRESS: 130.2% | File: stock_earning_call_transcripts.parquet | File Progress: 19.4%
2025-08-28 22:01:29,524 - main - INFO -  Download progress: 64.8% (1049.0 MB)
2025-08-28 22:01:29,524 - main - INFO - 🔄 OVERALL PROGRESS: 130.3% | File: stock_earning_call_transcripts.parquet | File Progress: 19.5%
2025-08-28 22:01:29,961 - main - INFO -  Download progress: 64.9% (1050.0 MB)
2025-08-28 22:01:29,961 - main - INFO - 🔄 OVERALL PROGRESS: 130.4% | File: stock_earning_call_transcripts.parquet | File Progress: 19.5%
2025-08-28 22:01:30,343 - main - INFO -  Download progress: 65.0% (1051.0 MB)
2025-08-28 22:01:30,343 - main - INFO - 🔄 OVERALL PROGRESS: 130.5% | File: stock_earning_call_transcripts.parquet | File Progress: 19.5%
2025-08-28 22:01:30,708 - main - INFO -  Download progress: 65.0% (1052.0 MB)
2025-08-28 22:01:30,708 - main - INFO - 🔄 OVERALL PROGRESS: 130.6% | File: stock_earning_call_transcripts.parquet | File Progress: 19.5%
2025-08-28 22:01:30,996 - main - INFO -  Download progress: 65.1% (1053.0 MB)
2025-08-28 22:01:30,996 - main - INFO - 🔄 OVERALL PROGRESS: 130.7% | File: stock_earning_call_transcripts.parquet | File Progress: 19.5%
2025-08-28 22:01:31,246 - main - INFO -  Download progress: 65.2% (1054.0 MB)
2025-08-28 22:01:31,246 - main - INFO - 🔄 OVERALL PROGRESS: 130.8% | File: stock_earning_call_transcripts.parquet | File Progress: 19.5%
2025-08-28 22:01:31,572 - main - INFO -  Download progress: 65.2% (1055.0 MB)
2025-08-28 22:01:31,572 - main - INFO - 🔄 OVERALL PROGRESS: 130.9% | File: stock_earning_call_transcripts.parquet | File Progress: 19.6%
2025-08-28 22:01:31,826 - main - INFO -  Download progress: 65.3% (1056.0 MB)
2025-08-28 22:01:31,826 - main - INFO - 🔄 OVERALL PROGRESS: 131.0% | File: stock_earning_call_transcripts.parquet | File Progress: 19.6%
2025-08-28 22:01:32,232 - main - INFO -  Download progress: 65.3% (1057.0 MB)
2025-08-28 22:01:32,232 - main - INFO - 🔄 OVERALL PROGRESS: 131.1% | File: stock_earning_call_transcripts.parquet | File Progress: 19.6%
2025-08-28 22:01:32,403 - main - INFO -  Download progress: 65.4% (1058.0 MB)
2025-08-28 22:01:32,403 - main - INFO - 🔄 OVERALL PROGRESS: 131.2% | File: stock_earning_call_transcripts.parquet | File Progress: 19.6%
2025-08-28 22:01:32,709 - main - INFO -  Download progress: 65.5% (1059.0 MB)
2025-08-28 22:01:32,710 - main - INFO - 🔄 OVERALL PROGRESS: 131.3% | File: stock_earning_call_transcripts.parquet | File Progress: 19.6%
2025-08-28 22:01:32,984 - main - INFO -  Download progress: 65.5% (1060.0 MB)
2025-08-28 22:01:32,984 - main - INFO - 🔄 OVERALL PROGRESS: 131.4% | File: stock_earning_call_transcripts.parquet | File Progress: 19.7%
2025-08-28 22:01:33,293 - main - INFO -  Download progress: 65.6% (1061.0 MB)
2025-08-28 22:01:33,293 - main - INFO - 🔄 OVERALL PROGRESS: 131.5% | File: stock_earning_call_transcripts.parquet | File Progress: 19.7%
2025-08-28 22:01:33,509 - main - INFO -  Download progress: 65.6% (1062.0 MB)
2025-08-28 22:01:33,509 - main - INFO - 🔄 OVERALL PROGRESS: 131.6% | File: stock_earning_call_transcripts.parquet | File Progress: 19.7%
2025-08-28 22:01:33,913 - main - INFO -  Download progress: 65.7% (1063.0 MB)
2025-08-28 22:01:33,913 - main - INFO - 🔄 OVERALL PROGRESS: 131.7% | File: stock_earning_call_transcripts.parquet | File Progress: 19.7%
2025-08-28 22:01:34,194 - main - INFO -  Download progress: 65.8% (1064.0 MB)
2025-08-28 22:01:34,194 - main - INFO - 🔄 OVERALL PROGRESS: 131.8% | File: stock_earning_call_transcripts.parquet | File Progress: 19.7%
2025-08-28 22:01:34,379 - main - INFO -  Download progress: 65.8% (1065.0 MB)
2025-08-28 22:01:34,379 - main - INFO - 🔄 OVERALL PROGRESS: 131.9% | File: stock_earning_call_transcripts.parquet | File Progress: 19.8%
2025-08-28 22:01:34,699 - main - INFO -  Download progress: 65.9% (1066.0 MB)
2025-08-28 22:01:34,700 - main - INFO - 🔄 OVERALL PROGRESS: 132.0% | File: stock_earning_call_transcripts.parquet | File Progress: 19.8%
2025-08-28 22:01:34,855 - main - INFO -  Download progress: 66.0% (1067.0 MB)
2025-08-28 22:01:34,855 - main - INFO - 🔄 OVERALL PROGRESS: 132.2% | File: stock_earning_call_transcripts.parquet | File Progress: 19.8%
2025-08-28 22:01:35,042 - main - INFO -  Download progress: 66.0% (1068.0 MB)
2025-08-28 22:01:35,042 - main - INFO - 🔄 OVERALL PROGRESS: 132.3% | File: stock_earning_call_transcripts.parquet | File Progress: 19.8%
2025-08-28 22:01:35,547 - main - INFO -  Download progress: 66.1% (1069.0 MB)
2025-08-28 22:01:35,547 - main - INFO - 🔄 OVERALL PROGRESS: 132.4% | File: stock_earning_call_transcripts.parquet | File Progress: 19.8%
2025-08-28 22:01:35,584 - main - INFO -  Download progress: 66.1% (1070.0 MB)
2025-08-28 22:01:35,584 - main - INFO - 🔄 OVERALL PROGRESS: 132.5% | File: stock_earning_call_transcripts.parquet | File Progress: 19.8%
2025-08-28 22:01:35,773 - main - INFO -  Download progress: 66.2% (1071.0 MB)
2025-08-28 22:01:35,774 - main - INFO - 🔄 OVERALL PROGRESS: 132.6% | File: stock_earning_call_transcripts.parquet | File Progress: 19.9%
2025-08-28 22:01:35,981 - main - INFO -  Download progress: 66.3% (1072.0 MB)
2025-08-28 22:01:35,981 - main - INFO - 🔄 OVERALL PROGRESS: 132.7% | File: stock_earning_call_transcripts.parquet | File Progress: 19.9%
2025-08-28 22:01:36,286 - main - INFO -  Download progress: 66.3% (1073.0 MB)
2025-08-28 22:01:36,287 - main - INFO - 🔄 OVERALL PROGRESS: 132.8% | File: stock_earning_call_transcripts.parquet | File Progress: 19.9%
2025-08-28 22:01:36,432 - main - INFO -  Download progress: 66.4% (1074.0 MB)
2025-08-28 22:01:36,432 - main - INFO - 🔄 OVERALL PROGRESS: 132.9% | File: stock_earning_call_transcripts.parquet | File Progress: 19.9%
2025-08-28 22:01:36,989 - main - INFO -  Download progress: 66.5% (1075.0 MB)
2025-08-28 22:01:36,989 - main - INFO - 🔄 OVERALL PROGRESS: 133.0% | File: stock_earning_call_transcripts.parquet | File Progress: 19.9%
2025-08-28 22:01:37,051 - main - INFO -  Download progress: 66.5% (1076.0 MB)
2025-08-28 22:01:37,051 - main - INFO - 🔄 OVERALL PROGRESS: 133.1% | File: stock_earning_call_transcripts.parquet | File Progress: 20.0%
2025-08-28 22:01:37,350 - main - INFO -  Download progress: 66.6% (1077.0 MB)
2025-08-28 22:01:37,350 - main - INFO - 🔄 OVERALL PROGRESS: 133.2% | File: stock_earning_call_transcripts.parquet | File Progress: 20.0%
2025-08-28 22:01:37,582 - main - INFO -  Download progress: 66.6% (1078.0 MB)
2025-08-28 22:01:37,583 - main - INFO - 🔄 OVERALL PROGRESS: 133.3% | File: stock_earning_call_transcripts.parquet | File Progress: 20.0%
2025-08-28 22:01:37,715 - main - INFO -  Download progress: 66.7% (1079.0 MB)
2025-08-28 22:01:37,716 - main - INFO - 🔄 OVERALL PROGRESS: 133.4% | File: stock_earning_call_transcripts.parquet | File Progress: 20.0%
2025-08-28 22:01:38,178 - main - INFO -  Download progress: 66.8% (1080.0 MB)
2025-08-28 22:01:38,179 - main - INFO - 🔄 OVERALL PROGRESS: 133.5% | File: stock_earning_call_transcripts.parquet | File Progress: 20.0%
2025-08-28 22:01:38,195 - main - INFO -  Download progress: 66.8% (1081.0 MB)
2025-08-28 22:01:38,195 - main - INFO - 🔄 OVERALL PROGRESS: 133.6% | File: stock_earning_call_transcripts.parquet | File Progress: 20.0%
2025-08-28 22:01:38,619 - main - INFO -  Download progress: 66.9% (1082.0 MB)
2025-08-28 22:01:38,620 - main - INFO - 🔄 OVERALL PROGRESS: 133.7% | File: stock_earning_call_transcripts.parquet | File Progress: 20.1%
2025-08-28 22:01:38,820 - main - INFO -  Download progress: 66.9% (1083.0 MB)
2025-08-28 22:01:38,820 - main - INFO - 🔄 OVERALL PROGRESS: 133.8% | File: stock_earning_call_transcripts.parquet | File Progress: 20.1%
2025-08-28 22:01:38,883 - main - INFO -  Download progress: 67.0% (1084.0 MB)
2025-08-28 22:01:38,883 - main - INFO - 🔄 OVERALL PROGRESS: 133.9% | File: stock_earning_call_transcripts.parquet | File Progress: 20.1%
2025-08-28 22:01:39,053 - main - INFO -  Download progress: 67.1% (1085.0 MB)
2025-08-28 22:01:39,054 - main - INFO - 🔄 OVERALL PROGRESS: 134.0% | File: stock_earning_call_transcripts.parquet | File Progress: 20.1%
2025-08-28 22:01:39,283 - main - INFO -  Download progress: 67.1% (1086.0 MB)
2025-08-28 22:01:39,283 - main - INFO - 🔄 OVERALL PROGRESS: 134.1% | File: stock_earning_call_transcripts.parquet | File Progress: 20.1%
2025-08-28 22:01:39,462 - main - INFO -  Download progress: 67.2% (1087.0 MB)
2025-08-28 22:01:39,462 - main - INFO - 🔄 OVERALL PROGRESS: 134.2% | File: stock_earning_call_transcripts.parquet | File Progress: 20.2%
2025-08-28 22:01:39,838 - main - INFO -  Download progress: 67.3% (1088.0 MB)
2025-08-28 22:01:39,839 - main - INFO - 🔄 OVERALL PROGRESS: 134.3% | File: stock_earning_call_transcripts.parquet | File Progress: 20.2%
2025-08-28 22:01:40,472 - main - INFO -  Download progress: 67.3% (1089.0 MB)
2025-08-28 22:01:40,472 - main - INFO - 🔄 OVERALL PROGRESS: 134.4% | File: stock_earning_call_transcripts.parquet | File Progress: 20.2%
2025-08-28 22:01:40,575 - main - INFO -  Download progress: 67.4% (1090.0 MB)
2025-08-28 22:01:40,576 - main - INFO - 🔄 OVERALL PROGRESS: 134.5% | File: stock_earning_call_transcripts.parquet | File Progress: 20.2%
2025-08-28 22:01:40,734 - main - INFO -  Download progress: 67.4% (1091.0 MB)
2025-08-28 22:01:40,734 - main - INFO - 🔄 OVERALL PROGRESS: 134.6% | File: stock_earning_call_transcripts.parquet | File Progress: 20.2%
2025-08-28 22:01:40,888 - main - INFO -  Download progress: 67.5% (1092.0 MB)
2025-08-28 22:01:40,889 - main - INFO - 🔄 OVERALL PROGRESS: 134.7% | File: stock_earning_call_transcripts.parquet | File Progress: 20.3%
2025-08-28 22:01:41,039 - main - INFO -  Download progress: 67.6% (1093.0 MB)
2025-08-28 22:01:41,040 - main - INFO - 🔄 OVERALL PROGRESS: 134.8% | File: stock_earning_call_transcripts.parquet | File Progress: 20.3%
2025-08-28 22:01:41,187 - main - INFO -  Download progress: 67.6% (1094.0 MB)
2025-08-28 22:01:41,188 - main - INFO - 🔄 OVERALL PROGRESS: 134.9% | File: stock_earning_call_transcripts.parquet | File Progress: 20.3%
2025-08-28 22:01:41,321 - main - INFO -  Download progress: 67.7% (1095.0 MB)
2025-08-28 22:01:41,322 - main - INFO - 🔄 OVERALL PROGRESS: 135.0% | File: stock_earning_call_transcripts.parquet | File Progress: 20.3%
2025-08-28 22:01:41,449 - main - INFO -  Download progress: 67.8% (1096.0 MB)
2025-08-28 22:01:41,450 - main - INFO - 🔄 OVERALL PROGRESS: 135.1% | File: stock_earning_call_transcripts.parquet | File Progress: 20.3%
2025-08-28 22:01:41,650 - main - INFO -  Download progress: 67.8% (1097.0 MB)
2025-08-28 22:01:41,650 - main - INFO - 🔄 OVERALL PROGRESS: 135.2% | File: stock_earning_call_transcripts.parquet | File Progress: 20.3%
2025-08-28 22:01:41,814 - main - INFO -  Download progress: 67.9% (1098.0 MB)
2025-08-28 22:01:41,815 - main - INFO - 🔄 OVERALL PROGRESS: 135.3% | File: stock_earning_call_transcripts.parquet | File Progress: 20.4%
2025-08-28 22:01:42,252 - main - INFO -  Download progress: 67.9% (1099.0 MB)
2025-08-28 22:01:42,253 - main - INFO - 🔄 OVERALL PROGRESS: 135.4% | File: stock_earning_call_transcripts.parquet | File Progress: 20.4%
2025-08-28 22:01:42,267 - main - INFO -  Download progress: 68.0% (1100.0 MB)
2025-08-28 22:01:42,267 - main - INFO - 🔄 OVERALL PROGRESS: 135.6% | File: stock_earning_call_transcripts.parquet | File Progress: 20.4%
2025-08-28 22:01:42,344 - main - INFO -  Download progress: 68.1% (1101.0 MB)
2025-08-28 22:01:42,344 - main - INFO - 🔄 OVERALL PROGRESS: 135.7% | File: stock_earning_call_transcripts.parquet | File Progress: 20.4%
2025-08-28 22:01:42,490 - main - INFO -  Download progress: 68.1% (1102.0 MB)
2025-08-28 22:01:42,490 - main - INFO - 🔄 OVERALL PROGRESS: 135.8% | File: stock_earning_call_transcripts.parquet | File Progress: 20.4%
2025-08-28 22:01:42,787 - main - INFO -  Download progress: 68.2% (1103.0 MB)
2025-08-28 22:01:42,787 - main - INFO - 🔄 OVERALL PROGRESS: 135.9% | File: stock_earning_call_transcripts.parquet | File Progress: 20.5%
2025-08-28 22:01:43,385 - main - INFO -  Download progress: 68.2% (1104.0 MB)
2025-08-28 22:01:43,386 - main - INFO - 🔄 OVERALL PROGRESS: 136.0% | File: stock_earning_call_transcripts.parquet | File Progress: 20.5%
2025-08-28 22:01:43,703 - main - INFO -  Download progress: 68.3% (1105.0 MB)
2025-08-28 22:01:43,703 - main - INFO - 🔄 OVERALL PROGRESS: 136.1% | File: stock_earning_call_transcripts.parquet | File Progress: 20.5%
2025-08-28 22:01:43,954 - main - INFO -  Download progress: 68.4% (1106.0 MB)
2025-08-28 22:01:43,954 - main - INFO - 🔄 OVERALL PROGRESS: 136.2% | File: stock_earning_call_transcripts.parquet | File Progress: 20.5%
2025-08-28 22:01:44,175 - main - INFO -  Download progress: 68.4% (1107.0 MB)
2025-08-28 22:01:44,175 - main - INFO - 🔄 OVERALL PROGRESS: 136.3% | File: stock_earning_call_transcripts.parquet | File Progress: 20.5%
2025-08-28 22:01:44,391 - main - INFO -  Download progress: 68.5% (1108.0 MB)
2025-08-28 22:01:44,391 - main - INFO - 🔄 OVERALL PROGRESS: 136.4% | File: stock_earning_call_transcripts.parquet | File Progress: 20.5%
2025-08-28 22:01:44,580 - main - INFO -  Download progress: 68.6% (1109.0 MB)
2025-08-28 22:01:44,580 - main - INFO - 🔄 OVERALL PROGRESS: 136.5% | File: stock_earning_call_transcripts.parquet | File Progress: 20.6%
2025-08-28 22:01:44,762 - main - INFO -  Download progress: 68.6% (1110.0 MB)
2025-08-28 22:01:44,762 - main - INFO - 🔄 OVERALL PROGRESS: 136.6% | File: stock_earning_call_transcripts.parquet | File Progress: 20.6%
2025-08-28 22:01:44,938 - main - INFO -  Download progress: 68.7% (1111.0 MB)
2025-08-28 22:01:44,938 - main - INFO - 🔄 OVERALL PROGRESS: 136.7% | File: stock_earning_call_transcripts.parquet | File Progress: 20.6%
2025-08-28 22:01:45,126 - main - INFO -  Download progress: 68.7% (1112.0 MB)
2025-08-28 22:01:45,126 - main - INFO - 🔄 OVERALL PROGRESS: 136.8% | File: stock_earning_call_transcripts.parquet | File Progress: 20.6%
2025-08-28 22:01:45,341 - main - INFO -  Download progress: 68.8% (1113.0 MB)
2025-08-28 22:01:45,342 - main - INFO - 🔄 OVERALL PROGRESS: 136.9% | File: stock_earning_call_transcripts.parquet | File Progress: 20.6%
2025-08-28 22:01:45,513 - main - INFO -  Download progress: 68.9% (1114.0 MB)
2025-08-28 22:01:45,513 - main - INFO - 🔄 OVERALL PROGRESS: 137.0% | File: stock_earning_call_transcripts.parquet | File Progress: 20.7%
2025-08-28 22:01:45,724 - main - INFO -  Download progress: 68.9% (1115.0 MB)
2025-08-28 22:01:45,724 - main - INFO - 🔄 OVERALL PROGRESS: 137.1% | File: stock_earning_call_transcripts.parquet | File Progress: 20.7%
2025-08-28 22:01:45,890 - main - INFO -  Download progress: 69.0% (1116.0 MB)
2025-08-28 22:01:45,890 - main - INFO - 🔄 OVERALL PROGRESS: 137.2% | File: stock_earning_call_transcripts.parquet | File Progress: 20.7%
2025-08-28 22:01:46,057 - main - INFO -  Download progress: 69.0% (1117.0 MB)
2025-08-28 22:01:46,057 - main - INFO - 🔄 OVERALL PROGRESS: 137.3% | File: stock_earning_call_transcripts.parquet | File Progress: 20.7%
2025-08-28 22:01:46,238 - main - INFO -  Download progress: 69.1% (1118.0 MB)
2025-08-28 22:01:46,238 - main - INFO - 🔄 OVERALL PROGRESS: 137.4% | File: stock_earning_call_transcripts.parquet | File Progress: 20.7%
2025-08-28 22:01:46,424 - main - INFO -  Download progress: 69.2% (1119.0 MB)
2025-08-28 22:01:46,424 - main - INFO - 🔄 OVERALL PROGRESS: 137.5% | File: stock_earning_call_transcripts.parquet | File Progress: 20.8%
2025-08-28 22:01:46,609 - main - INFO -  Download progress: 69.2% (1120.0 MB)
2025-08-28 22:01:46,609 - main - INFO - 🔄 OVERALL PROGRESS: 137.6% | File: stock_earning_call_transcripts.parquet | File Progress: 20.8%
2025-08-28 22:01:46,776 - main - INFO -  Download progress: 69.3% (1121.0 MB)
2025-08-28 22:01:46,777 - main - INFO - 🔄 OVERALL PROGRESS: 137.7% | File: stock_earning_call_transcripts.parquet | File Progress: 20.8%
2025-08-28 22:01:47,068 - main - INFO -  Download progress: 69.4% (1122.0 MB)
2025-08-28 22:01:47,068 - main - INFO - 🔄 OVERALL PROGRESS: 137.8% | File: stock_earning_call_transcripts.parquet | File Progress: 20.8%
2025-08-28 22:01:47,161 - main - INFO -  Download progress: 69.4% (1123.0 MB)
2025-08-28 22:01:47,162 - main - INFO - 🔄 OVERALL PROGRESS: 137.9% | File: stock_earning_call_transcripts.parquet | File Progress: 20.8%
2025-08-28 22:01:47,291 - main - INFO -  Download progress: 69.5% (1124.0 MB)
2025-08-28 22:01:47,291 - main - INFO - 🔄 OVERALL PROGRESS: 138.0% | File: stock_earning_call_transcripts.parquet | File Progress: 20.8%
2025-08-28 22:01:47,460 - main - INFO -  Download progress: 69.5% (1125.0 MB)
2025-08-28 22:01:47,461 - main - INFO - 🔄 OVERALL PROGRESS: 138.1% | File: stock_earning_call_transcripts.parquet | File Progress: 20.9%
2025-08-28 22:01:47,640 - main - INFO -  Download progress: 69.6% (1126.0 MB)
2025-08-28 22:01:47,641 - main - INFO - 🔄 OVERALL PROGRESS: 138.2% | File: stock_earning_call_transcripts.parquet | File Progress: 20.9%
2025-08-28 22:01:47,801 - main - INFO -  Download progress: 69.7% (1127.0 MB)
2025-08-28 22:01:47,802 - main - INFO - 🔄 OVERALL PROGRESS: 138.3% | File: stock_earning_call_transcripts.parquet | File Progress: 20.9%
2025-08-28 22:01:47,968 - main - INFO -  Download progress: 69.7% (1128.0 MB)
2025-08-28 22:01:47,968 - main - INFO - 🔄 OVERALL PROGRESS: 138.4% | File: stock_earning_call_transcripts.parquet | File Progress: 20.9%
2025-08-28 22:01:48,142 - main - INFO -  Download progress: 69.8% (1129.0 MB)
2025-08-28 22:01:48,142 - main - INFO - 🔄 OVERALL PROGRESS: 138.5% | File: stock_earning_call_transcripts.parquet | File Progress: 20.9%
2025-08-28 22:01:48,318 - main - INFO -  Download progress: 69.9% (1130.0 MB)
2025-08-28 22:01:48,319 - main - INFO - 🔄 OVERALL PROGRESS: 138.6% | File: stock_earning_call_transcripts.parquet | File Progress: 21.0%
2025-08-28 22:01:48,511 - main - INFO -  Download progress: 69.9% (1131.0 MB)
2025-08-28 22:01:48,511 - main - INFO - 🔄 OVERALL PROGRESS: 138.7% | File: stock_earning_call_transcripts.parquet | File Progress: 21.0%
2025-08-28 22:01:48,672 - main - INFO -  Download progress: 70.0% (1132.0 MB)
2025-08-28 22:01:48,672 - main - INFO - 🔄 OVERALL PROGRESS: 138.8% | File: stock_earning_call_transcripts.parquet | File Progress: 21.0%
2025-08-28 22:01:48,851 - main - INFO -  Download progress: 70.0% (1133.0 MB)
2025-08-28 22:01:48,851 - main - INFO - 🔄 OVERALL PROGRESS: 139.0% | File: stock_earning_call_transcripts.parquet | File Progress: 21.0%
2025-08-28 22:01:49,033 - main - INFO -  Download progress: 70.1% (1134.0 MB)
2025-08-28 22:01:49,033 - main - INFO - 🔄 OVERALL PROGRESS: 139.1% | File: stock_earning_call_transcripts.parquet | File Progress: 21.0%
2025-08-28 22:01:49,229 - main - INFO -  Download progress: 70.2% (1135.0 MB)
2025-08-28 22:01:49,229 - main - INFO - 🔄 OVERALL PROGRESS: 139.2% | File: stock_earning_call_transcripts.parquet | File Progress: 21.0%
2025-08-28 22:01:49,437 - main - INFO -  Download progress: 70.2% (1136.0 MB)
2025-08-28 22:01:49,437 - main - INFO - 🔄 OVERALL PROGRESS: 139.3% | File: stock_earning_call_transcripts.parquet | File Progress: 21.1%
2025-08-28 22:01:49,639 - main - INFO -  Download progress: 70.3% (1137.0 MB)
2025-08-28 22:01:49,639 - main - INFO - 🔄 OVERALL PROGRESS: 139.4% | File: stock_earning_call_transcripts.parquet | File Progress: 21.1%
2025-08-28 22:01:49,816 - main - INFO -  Download progress: 70.3% (1138.0 MB)
2025-08-28 22:01:49,817 - main - INFO - 🔄 OVERALL PROGRESS: 139.5% | File: stock_earning_call_transcripts.parquet | File Progress: 21.1%
2025-08-28 22:01:49,985 - main - INFO -  Download progress: 70.4% (1139.0 MB)
2025-08-28 22:01:49,985 - main - INFO - 🔄 OVERALL PROGRESS: 139.6% | File: stock_earning_call_transcripts.parquet | File Progress: 21.1%
2025-08-28 22:01:50,125 - main - INFO -  Download progress: 70.5% (1140.0 MB)
2025-08-28 22:01:50,125 - main - INFO - 🔄 OVERALL PROGRESS: 139.7% | File: stock_earning_call_transcripts.parquet | File Progress: 21.1%
2025-08-28 22:01:50,270 - main - INFO -  Download progress: 70.5% (1141.0 MB)
2025-08-28 22:01:50,271 - main - INFO - 🔄 OVERALL PROGRESS: 139.8% | File: stock_earning_call_transcripts.parquet | File Progress: 21.2%
2025-08-28 22:01:50,443 - main - INFO -  Download progress: 70.6% (1142.0 MB)
2025-08-28 22:01:50,443 - main - INFO - 🔄 OVERALL PROGRESS: 139.9% | File: stock_earning_call_transcripts.parquet | File Progress: 21.2%
2025-08-28 22:01:50,562 - main - INFO -  Download progress: 70.7% (1143.0 MB)
2025-08-28 22:01:50,563 - main - INFO - 🔄 OVERALL PROGRESS: 140.0% | File: stock_earning_call_transcripts.parquet | File Progress: 21.2%
2025-08-28 22:01:50,689 - main - INFO -  Download progress: 70.7% (1144.0 MB)
2025-08-28 22:01:50,689 - main - INFO - 🔄 OVERALL PROGRESS: 140.1% | File: stock_earning_call_transcripts.parquet | File Progress: 21.2%
2025-08-28 22:01:50,848 - main - INFO -  Download progress: 70.8% (1145.0 MB)
2025-08-28 22:01:50,848 - main - INFO - 🔄 OVERALL PROGRESS: 140.2% | File: stock_earning_call_transcripts.parquet | File Progress: 21.2%
2025-08-28 22:01:51,020 - main - INFO -  Download progress: 70.8% (1146.0 MB)
2025-08-28 22:01:51,020 - main - INFO - 🔄 OVERALL PROGRESS: 140.3% | File: stock_earning_call_transcripts.parquet | File Progress: 21.3%
2025-08-28 22:01:51,159 - main - INFO -  Download progress: 70.9% (1147.0 MB)
2025-08-28 22:01:51,159 - main - INFO - 🔄 OVERALL PROGRESS: 140.4% | File: stock_earning_call_transcripts.parquet | File Progress: 21.3%
2025-08-28 22:01:51,269 - main - INFO -  Download progress: 71.0% (1148.0 MB)
2025-08-28 22:01:51,269 - main - INFO - 🔄 OVERALL PROGRESS: 140.5% | File: stock_earning_call_transcripts.parquet | File Progress: 21.3%
2025-08-28 22:01:51,383 - main - INFO -  Download progress: 71.0% (1149.0 MB)
2025-08-28 22:01:51,384 - main - INFO - 🔄 OVERALL PROGRESS: 140.6% | File: stock_earning_call_transcripts.parquet | File Progress: 21.3%
2025-08-28 22:01:51,494 - main - INFO -  Download progress: 71.1% (1150.0 MB)
2025-08-28 22:01:51,495 - main - INFO - 🔄 OVERALL PROGRESS: 140.7% | File: stock_earning_call_transcripts.parquet | File Progress: 21.3%
2025-08-28 22:01:51,600 - main - INFO -  Download progress: 71.2% (1151.0 MB)
2025-08-28 22:01:51,600 - main - INFO - 🔄 OVERALL PROGRESS: 140.8% | File: stock_earning_call_transcripts.parquet | File Progress: 21.3%
2025-08-28 22:01:51,706 - main - INFO -  Download progress: 71.2% (1152.0 MB)
2025-08-28 22:01:51,707 - main - INFO - 🔄 OVERALL PROGRESS: 140.9% | File: stock_earning_call_transcripts.parquet | File Progress: 21.4%
2025-08-28 22:01:51,806 - main - INFO -  Download progress: 71.3% (1153.0 MB)
2025-08-28 22:01:51,806 - main - INFO - 🔄 OVERALL PROGRESS: 141.0% | File: stock_earning_call_transcripts.parquet | File Progress: 21.4%
2025-08-28 22:01:51,915 - main - INFO -  Download progress: 71.3% (1154.0 MB)
2025-08-28 22:01:51,915 - main - INFO - 🔄 OVERALL PROGRESS: 141.1% | File: stock_earning_call_transcripts.parquet | File Progress: 21.4%
2025-08-28 22:01:52,027 - main - INFO -  Download progress: 71.4% (1155.0 MB)
2025-08-28 22:01:52,028 - main - INFO - 🔄 OVERALL PROGRESS: 141.2% | File: stock_earning_call_transcripts.parquet | File Progress: 21.4%
2025-08-28 22:01:52,128 - main - INFO -  Download progress: 71.5% (1156.0 MB)
2025-08-28 22:01:52,128 - main - INFO - 🔄 OVERALL PROGRESS: 141.3% | File: stock_earning_call_transcripts.parquet | File Progress: 21.4%
2025-08-28 22:01:52,262 - main - INFO -  Download progress: 71.5% (1157.0 MB)
2025-08-28 22:01:52,262 - main - INFO - 🔄 OVERALL PROGRESS: 141.4% | File: stock_earning_call_transcripts.parquet | File Progress: 21.5%
2025-08-28 22:01:52,504 - main - INFO -  Download progress: 71.6% (1158.0 MB)
2025-08-28 22:01:52,504 - main - INFO - 🔄 OVERALL PROGRESS: 141.5% | File: stock_earning_call_transcripts.parquet | File Progress: 21.5%
2025-08-28 22:01:52,538 - main - INFO -  Download progress: 71.6% (1159.0 MB)
2025-08-28 22:01:52,538 - main - INFO - 🔄 OVERALL PROGRESS: 141.6% | File: stock_earning_call_transcripts.parquet | File Progress: 21.5%
2025-08-28 22:01:52,687 - main - INFO -  Download progress: 71.7% (1160.0 MB)
2025-08-28 22:01:52,688 - main - INFO - 🔄 OVERALL PROGRESS: 141.7% | File: stock_earning_call_transcripts.parquet | File Progress: 21.5%
2025-08-28 22:01:52,793 - main - INFO -  Download progress: 71.8% (1161.0 MB)
2025-08-28 22:01:52,793 - main - INFO - 🔄 OVERALL PROGRESS: 141.8% | File: stock_earning_call_transcripts.parquet | File Progress: 21.5%
2025-08-28 22:01:52,885 - main - INFO -  Download progress: 71.8% (1162.0 MB)
2025-08-28 22:01:52,885 - main - INFO - 🔄 OVERALL PROGRESS: 141.9% | File: stock_earning_call_transcripts.parquet | File Progress: 21.5%
2025-08-28 22:01:52,981 - main - INFO -  Download progress: 71.9% (1163.0 MB)
2025-08-28 22:01:52,982 - main - INFO - 🔄 OVERALL PROGRESS: 142.0% | File: stock_earning_call_transcripts.parquet | File Progress: 21.6%
2025-08-28 22:01:53,090 - main - INFO -  Download progress: 72.0% (1164.0 MB)
2025-08-28 22:01:53,090 - main - INFO - 🔄 OVERALL PROGRESS: 142.1% | File: stock_earning_call_transcripts.parquet | File Progress: 21.6%
2025-08-28 22:01:53,183 - main - INFO -  Download progress: 72.0% (1165.0 MB)
2025-08-28 22:01:53,183 - main - INFO - 🔄 OVERALL PROGRESS: 142.2% | File: stock_earning_call_transcripts.parquet | File Progress: 21.6%
2025-08-28 22:01:53,390 - main - INFO -  Download progress: 72.1% (1166.0 MB)
2025-08-28 22:01:53,390 - main - INFO - 🔄 OVERALL PROGRESS: 142.4% | File: stock_earning_call_transcripts.parquet | File Progress: 21.6%
2025-08-28 22:01:53,450 - main - INFO -  Download progress: 72.1% (1167.0 MB)
2025-08-28 22:01:53,450 - main - INFO - 🔄 OVERALL PROGRESS: 142.5% | File: stock_earning_call_transcripts.parquet | File Progress: 21.6%
2025-08-28 22:01:53,504 - main - INFO -  Download progress: 72.2% (1168.0 MB)
2025-08-28 22:01:53,505 - main - INFO - 🔄 OVERALL PROGRESS: 142.6% | File: stock_earning_call_transcripts.parquet | File Progress: 21.7%
2025-08-28 22:01:53,611 - main - INFO -  Download progress: 72.3% (1169.0 MB)
2025-08-28 22:01:53,611 - main - INFO - 🔄 OVERALL PROGRESS: 142.7% | File: stock_earning_call_transcripts.parquet | File Progress: 21.7%
2025-08-28 22:01:53,759 - main - INFO -  Download progress: 72.3% (1170.0 MB)
2025-08-28 22:01:53,759 - main - INFO - 🔄 OVERALL PROGRESS: 142.8% | File: stock_earning_call_transcripts.parquet | File Progress: 21.7%
2025-08-28 22:01:53,919 - main - INFO -  Download progress: 72.4% (1171.0 MB)
2025-08-28 22:01:53,920 - main - INFO - 🔄 OVERALL PROGRESS: 142.9% | File: stock_earning_call_transcripts.parquet | File Progress: 21.7%
2025-08-28 22:01:53,976 - main - INFO -  Download progress: 72.4% (1172.0 MB)
2025-08-28 22:01:53,976 - main - INFO - 🔄 OVERALL PROGRESS: 143.0% | File: stock_earning_call_transcripts.parquet | File Progress: 21.7%
2025-08-28 22:01:54,033 - main - INFO -  Download progress: 72.5% (1173.0 MB)
2025-08-28 22:01:54,033 - main - INFO - 🔄 OVERALL PROGRESS: 143.1% | File: stock_earning_call_transcripts.parquet | File Progress: 21.8%
2025-08-28 22:01:54,243 - main - INFO -  Download progress: 72.6% (1174.0 MB)
2025-08-28 22:01:54,243 - main - INFO - 🔄 OVERALL PROGRESS: 143.2% | File: stock_earning_call_transcripts.parquet | File Progress: 21.8%
2025-08-28 22:01:54,308 - main - INFO -  Download progress: 72.6% (1175.0 MB)
2025-08-28 22:01:54,308 - main - INFO - 🔄 OVERALL PROGRESS: 143.3% | File: stock_earning_call_transcripts.parquet | File Progress: 21.8%
2025-08-28 22:01:54,354 - main - INFO -  Download progress: 72.7% (1176.0 MB)
2025-08-28 22:01:54,354 - main - INFO - 🔄 OVERALL PROGRESS: 143.4% | File: stock_earning_call_transcripts.parquet | File Progress: 21.8%
2025-08-28 22:01:54,454 - main - INFO -  Download progress: 72.8% (1177.0 MB)
2025-08-28 22:01:54,454 - main - INFO - 🔄 OVERALL PROGRESS: 143.5% | File: stock_earning_call_transcripts.parquet | File Progress: 21.8%
2025-08-28 22:01:54,550 - main - INFO -  Download progress: 72.8% (1178.0 MB)
2025-08-28 22:01:54,550 - main - INFO - 🔄 OVERALL PROGRESS: 143.6% | File: stock_earning_call_transcripts.parquet | File Progress: 21.8%
2025-08-28 22:01:54,651 - main - INFO -  Download progress: 72.9% (1179.0 MB)
2025-08-28 22:01:54,652 - main - INFO - 🔄 OVERALL PROGRESS: 143.7% | File: stock_earning_call_transcripts.parquet | File Progress: 21.9%
2025-08-28 22:01:54,880 - main - INFO -  Download progress: 72.9% (1180.0 MB)
2025-08-28 22:01:54,880 - main - INFO - 🔄 OVERALL PROGRESS: 143.8% | File: stock_earning_call_transcripts.parquet | File Progress: 21.9%
2025-08-28 22:01:54,895 - main - INFO -  Download progress: 73.0% (1181.0 MB)
2025-08-28 22:01:54,895 - main - INFO - 🔄 OVERALL PROGRESS: 143.9% | File: stock_earning_call_transcripts.parquet | File Progress: 21.9%
2025-08-28 22:01:55,000 - main - INFO -  Download progress: 73.1% (1182.0 MB)
2025-08-28 22:01:55,001 - main - INFO - 🔄 OVERALL PROGRESS: 144.0% | File: stock_earning_call_transcripts.parquet | File Progress: 21.9%
2025-08-28 22:01:55,097 - main - INFO -  Download progress: 73.1% (1183.0 MB)
2025-08-28 22:01:55,098 - main - INFO - 🔄 OVERALL PROGRESS: 144.1% | File: stock_earning_call_transcripts.parquet | File Progress: 21.9%
2025-08-28 22:01:55,424 - main - INFO -  Download progress: 73.2% (1184.0 MB)
2025-08-28 22:01:55,424 - main - INFO - 🔄 OVERALL PROGRESS: 144.2% | File: stock_earning_call_transcripts.parquet | File Progress: 22.0%
2025-08-28 22:01:55,438 - main - INFO -  Download progress: 73.3% (1185.0 MB)
2025-08-28 22:01:55,438 - main - INFO - 🔄 OVERALL PROGRESS: 144.3% | File: stock_earning_call_transcripts.parquet | File Progress: 22.0%
2025-08-28 22:01:55,501 - main - INFO -  Download progress: 73.3% (1186.0 MB)
2025-08-28 22:01:55,501 - main - INFO - 🔄 OVERALL PROGRESS: 144.4% | File: stock_earning_call_transcripts.parquet | File Progress: 22.0%
2025-08-28 22:01:55,648 - main - INFO -  Download progress: 73.4% (1187.0 MB)
2025-08-28 22:01:55,649 - main - INFO - 🔄 OVERALL PROGRESS: 144.5% | File: stock_earning_call_transcripts.parquet | File Progress: 22.0%
2025-08-28 22:01:55,743 - main - INFO -  Download progress: 73.4% (1188.0 MB)
2025-08-28 22:01:55,743 - main - INFO - 🔄 OVERALL PROGRESS: 144.6% | File: stock_earning_call_transcripts.parquet | File Progress: 22.0%
2025-08-28 22:01:55,854 - main - INFO -  Download progress: 73.5% (1189.0 MB)
2025-08-28 22:01:55,854 - main - INFO - 🔄 OVERALL PROGRESS: 144.7% | File: stock_earning_call_transcripts.parquet | File Progress: 22.0%
2025-08-28 22:01:55,981 - main - INFO -  Download progress: 73.6% (1190.0 MB)
2025-08-28 22:01:55,981 - main - INFO - 🔄 OVERALL PROGRESS: 144.8% | File: stock_earning_call_transcripts.parquet | File Progress: 22.1%
2025-08-28 22:01:56,092 - main - INFO -  Download progress: 73.6% (1191.0 MB)
2025-08-28 22:01:56,092 - main - INFO - 🔄 OVERALL PROGRESS: 144.9% | File: stock_earning_call_transcripts.parquet | File Progress: 22.1%
2025-08-28 22:01:56,206 - main - INFO -  Download progress: 73.7% (1192.0 MB)
2025-08-28 22:01:56,206 - main - INFO - 🔄 OVERALL PROGRESS: 145.0% | File: stock_earning_call_transcripts.parquet | File Progress: 22.1%
2025-08-28 22:01:56,317 - main - INFO -  Download progress: 73.7% (1193.0 MB)
2025-08-28 22:01:56,317 - main - INFO - 🔄 OVERALL PROGRESS: 145.1% | File: stock_earning_call_transcripts.parquet | File Progress: 22.1%
2025-08-28 22:01:56,415 - main - INFO -  Download progress: 73.8% (1194.0 MB)
2025-08-28 22:01:56,416 - main - INFO - 🔄 OVERALL PROGRESS: 145.2% | File: stock_earning_call_transcripts.parquet | File Progress: 22.1%
2025-08-28 22:01:56,509 - main - INFO -  Download progress: 73.9% (1195.0 MB)
2025-08-28 22:01:56,509 - main - INFO - 🔄 OVERALL PROGRESS: 145.3% | File: stock_earning_call_transcripts.parquet | File Progress: 22.2%
2025-08-28 22:01:56,600 - main - INFO -  Download progress: 73.9% (1196.0 MB)
2025-08-28 22:01:56,600 - main - INFO - 🔄 OVERALL PROGRESS: 145.4% | File: stock_earning_call_transcripts.parquet | File Progress: 22.2%
2025-08-28 22:01:56,701 - main - INFO -  Download progress: 74.0% (1197.0 MB)
2025-08-28 22:01:56,701 - main - INFO - 🔄 OVERALL PROGRESS: 145.5% | File: stock_earning_call_transcripts.parquet | File Progress: 22.2%
2025-08-28 22:01:56,800 - main - INFO -  Download progress: 74.1% (1198.0 MB)
2025-08-28 22:01:56,800 - main - INFO - 🔄 OVERALL PROGRESS: 145.6% | File: stock_earning_call_transcripts.parquet | File Progress: 22.2%
2025-08-28 22:01:56,906 - main - INFO -  Download progress: 74.1% (1199.0 MB)
2025-08-28 22:01:56,906 - main - INFO - 🔄 OVERALL PROGRESS: 145.8% | File: stock_earning_call_transcripts.parquet | File Progress: 22.2%
2025-08-28 22:01:57,001 - main - INFO -  Download progress: 74.2% (1200.0 MB)
2025-08-28 22:01:57,001 - main - INFO - 🔄 OVERALL PROGRESS: 145.9% | File: stock_earning_call_transcripts.parquet | File Progress: 22.3%
2025-08-28 22:01:57,126 - main - INFO -  Download progress: 74.2% (1201.0 MB)
2025-08-28 22:01:57,126 - main - INFO - 🔄 OVERALL PROGRESS: 146.0% | File: stock_earning_call_transcripts.parquet | File Progress: 22.3%
2025-08-28 22:01:57,223 - main - INFO -  Download progress: 74.3% (1202.0 MB)
2025-08-28 22:01:57,223 - main - INFO - 🔄 OVERALL PROGRESS: 146.1% | File: stock_earning_call_transcripts.parquet | File Progress: 22.3%
2025-08-28 22:01:57,347 - main - INFO -  Download progress: 74.4% (1203.0 MB)
2025-08-28 22:01:57,347 - main - INFO - 🔄 OVERALL PROGRESS: 146.2% | File: stock_earning_call_transcripts.parquet | File Progress: 22.3%
2025-08-28 22:01:57,454 - main - INFO -  Download progress: 74.4% (1204.0 MB)
2025-08-28 22:01:57,454 - main - INFO - 🔄 OVERALL PROGRESS: 146.3% | File: stock_earning_call_transcripts.parquet | File Progress: 22.3%
2025-08-28 22:01:57,544 - main - INFO -  Download progress: 74.5% (1205.0 MB)
2025-08-28 22:01:57,544 - main - INFO - 🔄 OVERALL PROGRESS: 146.4% | File: stock_earning_call_transcripts.parquet | File Progress: 22.3%
2025-08-28 22:01:57,645 - main - INFO -  Download progress: 74.6% (1206.0 MB)
2025-08-28 22:01:57,645 - main - INFO - 🔄 OVERALL PROGRESS: 146.5% | File: stock_earning_call_transcripts.parquet | File Progress: 22.4%
2025-08-28 22:01:57,773 - main - INFO -  Download progress: 74.6% (1207.0 MB)
2025-08-28 22:01:57,773 - main - INFO - 🔄 OVERALL PROGRESS: 146.6% | File: stock_earning_call_transcripts.parquet | File Progress: 22.4%
2025-08-28 22:01:57,866 - main - INFO -  Download progress: 74.7% (1208.0 MB)
2025-08-28 22:01:57,866 - main - INFO - 🔄 OVERALL PROGRESS: 146.7% | File: stock_earning_call_transcripts.parquet | File Progress: 22.4%
2025-08-28 22:01:58,004 - main - INFO -  Download progress: 74.7% (1209.0 MB)
2025-08-28 22:01:58,004 - main - INFO - 🔄 OVERALL PROGRESS: 146.8% | File: stock_earning_call_transcripts.parquet | File Progress: 22.4%
2025-08-28 22:01:58,101 - main - INFO -  Download progress: 74.8% (1210.0 MB)
2025-08-28 22:01:58,101 - main - INFO - 🔄 OVERALL PROGRESS: 146.9% | File: stock_earning_call_transcripts.parquet | File Progress: 22.4%
2025-08-28 22:01:58,201 - main - INFO -  Download progress: 74.9% (1211.0 MB)
2025-08-28 22:01:58,201 - main - INFO - 🔄 OVERALL PROGRESS: 147.0% | File: stock_earning_call_transcripts.parquet | File Progress: 22.5%
2025-08-28 22:01:58,485 - main - INFO -  Download progress: 74.9% (1212.0 MB)
2025-08-28 22:01:58,485 - main - INFO - 🔄 OVERALL PROGRESS: 147.1% | File: stock_earning_call_transcripts.parquet | File Progress: 22.5%
2025-08-28 22:01:58,493 - main - INFO -  Download progress: 75.0% (1213.0 MB)
2025-08-28 22:01:58,493 - main - INFO - 🔄 OVERALL PROGRESS: 147.2% | File: stock_earning_call_transcripts.parquet | File Progress: 22.5%
2025-08-28 22:01:58,548 - main - INFO -  Download progress: 75.0% (1214.0 MB)
2025-08-28 22:01:58,548 - main - INFO - 🔄 OVERALL PROGRESS: 147.3% | File: stock_earning_call_transcripts.parquet | File Progress: 22.5%
2025-08-28 22:01:58,653 - main - INFO -  Download progress: 75.1% (1215.0 MB)
2025-08-28 22:01:58,654 - main - INFO - 🔄 OVERALL PROGRESS: 147.4% | File: stock_earning_call_transcripts.parquet | File Progress: 22.5%
2025-08-28 22:01:58,781 - main - INFO -  Download progress: 75.2% (1216.0 MB)
2025-08-28 22:01:58,781 - main - INFO - 🔄 OVERALL PROGRESS: 147.5% | File: stock_earning_call_transcripts.parquet | File Progress: 22.6%
2025-08-28 22:01:58,865 - main - INFO -  Download progress: 75.2% (1217.0 MB)
2025-08-28 22:01:58,865 - main - INFO - 🔄 OVERALL PROGRESS: 147.6% | File: stock_earning_call_transcripts.parquet | File Progress: 22.6%
2025-08-28 22:01:59,248 - main - INFO -  Download progress: 75.3% (1218.0 MB)
2025-08-28 22:01:59,248 - main - INFO - 🔄 OVERALL PROGRESS: 147.7% | File: stock_earning_call_transcripts.parquet | File Progress: 22.6%
2025-08-28 22:01:59,727 - main - INFO -  Download progress: 75.4% (1219.0 MB)
2025-08-28 22:01:59,727 - main - INFO - 🔄 OVERALL PROGRESS: 147.8% | File: stock_earning_call_transcripts.parquet | File Progress: 22.6%
2025-08-28 22:02:00,204 - main - INFO -  Download progress: 75.4% (1220.0 MB)
2025-08-28 22:02:00,204 - main - INFO - 🔄 OVERALL PROGRESS: 147.9% | File: stock_earning_call_transcripts.parquet | File Progress: 22.6%
2025-08-28 22:02:00,582 - main - INFO -  Download progress: 75.5% (1221.0 MB)
2025-08-28 22:02:00,582 - main - INFO - 🔄 OVERALL PROGRESS: 148.0% | File: stock_earning_call_transcripts.parquet | File Progress: 22.6%
2025-08-28 22:02:01,084 - main - INFO -  Download progress: 75.5% (1222.0 MB)
2025-08-28 22:02:01,084 - main - INFO - 🔄 OVERALL PROGRESS: 148.1% | File: stock_earning_call_transcripts.parquet | File Progress: 22.7%
2025-08-28 22:02:01,272 - main - INFO -  Download progress: 75.6% (1223.0 MB)
2025-08-28 22:02:01,273 - main - INFO - 🔄 OVERALL PROGRESS: 148.2% | File: stock_earning_call_transcripts.parquet | File Progress: 22.7%
2025-08-28 22:02:01,475 - main - INFO -  Download progress: 75.7% (1224.0 MB)
2025-08-28 22:02:01,475 - main - INFO - 🔄 OVERALL PROGRESS: 148.3% | File: stock_earning_call_transcripts.parquet | File Progress: 22.7%
2025-08-28 22:02:01,640 - main - INFO -  Download progress: 75.7% (1225.0 MB)
2025-08-28 22:02:01,640 - main - INFO - 🔄 OVERALL PROGRESS: 148.4% | File: stock_earning_call_transcripts.parquet | File Progress: 22.7%
2025-08-28 22:02:01,814 - main - INFO -  Download progress: 75.8% (1226.0 MB)
2025-08-28 22:02:01,814 - main - INFO - 🔄 OVERALL PROGRESS: 148.5% | File: stock_earning_call_transcripts.parquet | File Progress: 22.7%
2025-08-28 22:02:01,989 - main - INFO -  Download progress: 75.8% (1227.0 MB)
2025-08-28 22:02:01,989 - main - INFO - 🔄 OVERALL PROGRESS: 148.6% | File: stock_earning_call_transcripts.parquet | File Progress: 22.8%
2025-08-28 22:02:02,153 - main - INFO -  Download progress: 75.9% (1228.0 MB)
2025-08-28 22:02:02,153 - main - INFO - 🔄 OVERALL PROGRESS: 148.7% | File: stock_earning_call_transcripts.parquet | File Progress: 22.8%
2025-08-28 22:02:02,325 - main - INFO -  Download progress: 76.0% (1229.0 MB)
2025-08-28 22:02:02,325 - main - INFO - 🔄 OVERALL PROGRESS: 148.8% | File: stock_earning_call_transcripts.parquet | File Progress: 22.8%
2025-08-28 22:02:02,515 - main - INFO -  Download progress: 76.0% (1230.0 MB)
2025-08-28 22:02:02,516 - main - INFO - 🔄 OVERALL PROGRESS: 148.9% | File: stock_earning_call_transcripts.parquet | File Progress: 22.8%
2025-08-28 22:02:02,696 - main - INFO -  Download progress: 76.1% (1231.0 MB)
2025-08-28 22:02:02,696 - main - INFO - 🔄 OVERALL PROGRESS: 149.0% | File: stock_earning_call_transcripts.parquet | File Progress: 22.8%
2025-08-28 22:02:02,858 - main - INFO -  Download progress: 76.2% (1232.0 MB)
2025-08-28 22:02:02,858 - main - INFO - 🔄 OVERALL PROGRESS: 149.2% | File: stock_earning_call_transcripts.parquet | File Progress: 22.8%
2025-08-28 22:02:03,040 - main - INFO -  Download progress: 76.2% (1233.0 MB)
2025-08-28 22:02:03,041 - main - INFO - 🔄 OVERALL PROGRESS: 149.3% | File: stock_earning_call_transcripts.parquet | File Progress: 22.9%
2025-08-28 22:02:03,244 - main - INFO -  Download progress: 76.3% (1234.0 MB)
2025-08-28 22:02:03,244 - main - INFO - 🔄 OVERALL PROGRESS: 149.4% | File: stock_earning_call_transcripts.parquet | File Progress: 22.9%
2025-08-28 22:02:03,423 - main - INFO -  Download progress: 76.3% (1235.0 MB)
2025-08-28 22:02:03,424 - main - INFO - 🔄 OVERALL PROGRESS: 149.5% | File: stock_earning_call_transcripts.parquet | File Progress: 22.9%
2025-08-28 22:02:03,588 - main - INFO -  Download progress: 76.4% (1236.0 MB)
2025-08-28 22:02:03,588 - main - INFO - 🔄 OVERALL PROGRESS: 149.6% | File: stock_earning_call_transcripts.parquet | File Progress: 22.9%
2025-08-28 22:02:03,780 - main - INFO -  Download progress: 76.5% (1237.0 MB)
2025-08-28 22:02:03,780 - main - INFO - 🔄 OVERALL PROGRESS: 149.7% | File: stock_earning_call_transcripts.parquet | File Progress: 22.9%
2025-08-28 22:02:03,954 - main - INFO -  Download progress: 76.5% (1238.0 MB)
2025-08-28 22:02:03,954 - main - INFO - 🔄 OVERALL PROGRESS: 149.8% | File: stock_earning_call_transcripts.parquet | File Progress: 23.0%
2025-08-28 22:02:04,134 - main - INFO -  Download progress: 76.6% (1239.0 MB)
2025-08-28 22:02:04,134 - main - INFO - 🔄 OVERALL PROGRESS: 149.9% | File: stock_earning_call_transcripts.parquet | File Progress: 23.0%
2025-08-28 22:02:04,303 - main - INFO -  Download progress: 76.7% (1240.0 MB)
2025-08-28 22:02:04,303 - main - INFO - 🔄 OVERALL PROGRESS: 150.0% | File: stock_earning_call_transcripts.parquet | File Progress: 23.0%
2025-08-28 22:02:04,554 - main - INFO -  Download progress: 76.7% (1241.0 MB)
2025-08-28 22:02:04,554 - main - INFO - 🔄 OVERALL PROGRESS: 150.1% | File: stock_earning_call_transcripts.parquet | File Progress: 23.0%
2025-08-28 22:02:04,671 - main - INFO -  Download progress: 76.8% (1242.0 MB)
2025-08-28 22:02:04,671 - main - INFO - 🔄 OVERALL PROGRESS: 150.2% | File: stock_earning_call_transcripts.parquet | File Progress: 23.0%
2025-08-28 22:02:05,005 - main - INFO -  Download progress: 76.8% (1243.0 MB)
2025-08-28 22:02:05,005 - main - INFO - 🔄 OVERALL PROGRESS: 150.3% | File: stock_earning_call_transcripts.parquet | File Progress: 23.1%
2025-08-28 22:02:05,116 - main - INFO -  Download progress: 76.9% (1244.0 MB)
2025-08-28 22:02:05,116 - main - INFO - 🔄 OVERALL PROGRESS: 150.4% | File: stock_earning_call_transcripts.parquet | File Progress: 23.1%
2025-08-28 22:02:05,287 - main - INFO -  Download progress: 77.0% (1245.0 MB)
2025-08-28 22:02:05,287 - main - INFO - 🔄 OVERALL PROGRESS: 150.5% | File: stock_earning_call_transcripts.parquet | File Progress: 23.1%
2025-08-28 22:02:05,483 - main - INFO -  Download progress: 77.0% (1246.0 MB)
2025-08-28 22:02:05,484 - main - INFO - 🔄 OVERALL PROGRESS: 150.6% | File: stock_earning_call_transcripts.parquet | File Progress: 23.1%
2025-08-28 22:02:05,671 - main - INFO -  Download progress: 77.1% (1247.0 MB)
2025-08-28 22:02:05,671 - main - INFO - 🔄 OVERALL PROGRESS: 150.7% | File: stock_earning_call_transcripts.parquet | File Progress: 23.1%
2025-08-28 22:02:05,940 - main - INFO -  Download progress: 77.1% (1248.0 MB)
2025-08-28 22:02:05,941 - main - INFO - 🔄 OVERALL PROGRESS: 150.8% | File: stock_earning_call_transcripts.parquet | File Progress: 23.1%
2025-08-28 22:02:06,078 - main - INFO -  Download progress: 77.2% (1249.0 MB)
2025-08-28 22:02:06,078 - main - INFO - 🔄 OVERALL PROGRESS: 150.9% | File: stock_earning_call_transcripts.parquet | File Progress: 23.2%
2025-08-28 22:02:06,244 - main - INFO -  Download progress: 77.3% (1250.0 MB)
2025-08-28 22:02:06,244 - main - INFO - 🔄 OVERALL PROGRESS: 151.0% | File: stock_earning_call_transcripts.parquet | File Progress: 23.2%
2025-08-28 22:02:06,415 - main - INFO -  Download progress: 77.3% (1251.0 MB)
2025-08-28 22:02:06,415 - main - INFO - 🔄 OVERALL PROGRESS: 151.1% | File: stock_earning_call_transcripts.parquet | File Progress: 23.2%
2025-08-28 22:02:06,631 - main - INFO -  Download progress: 77.4% (1252.0 MB)
2025-08-28 22:02:06,631 - main - INFO - 🔄 OVERALL PROGRESS: 151.2% | File: stock_earning_call_transcripts.parquet | File Progress: 23.2%
2025-08-28 22:02:06,797 - main - INFO -  Download progress: 77.5% (1253.0 MB)
2025-08-28 22:02:06,797 - main - INFO - 🔄 OVERALL PROGRESS: 151.3% | File: stock_earning_call_transcripts.parquet | File Progress: 23.2%
2025-08-28 22:02:06,985 - main - INFO -  Download progress: 77.5% (1254.0 MB)
2025-08-28 22:02:06,985 - main - INFO - 🔄 OVERALL PROGRESS: 151.4% | File: stock_earning_call_transcripts.parquet | File Progress: 23.3%
2025-08-28 22:02:07,211 - main - INFO -  Download progress: 77.6% (1255.0 MB)
2025-08-28 22:02:07,211 - main - INFO - 🔄 OVERALL PROGRESS: 151.5% | File: stock_earning_call_transcripts.parquet | File Progress: 23.3%
2025-08-28 22:02:07,369 - main - INFO -  Download progress: 77.6% (1256.0 MB)
2025-08-28 22:02:07,369 - main - INFO - 🔄 OVERALL PROGRESS: 151.6% | File: stock_earning_call_transcripts.parquet | File Progress: 23.3%
2025-08-28 22:02:07,539 - main - INFO -  Download progress: 77.7% (1257.0 MB)
2025-08-28 22:02:07,539 - main - INFO - 🔄 OVERALL PROGRESS: 151.7% | File: stock_earning_call_transcripts.parquet | File Progress: 23.3%
2025-08-28 22:02:07,724 - main - INFO -  Download progress: 77.8% (1258.0 MB)
2025-08-28 22:02:07,725 - main - INFO - 🔄 OVERALL PROGRESS: 151.8% | File: stock_earning_call_transcripts.parquet | File Progress: 23.3%
2025-08-28 22:02:07,890 - main - INFO -  Download progress: 77.8% (1259.0 MB)
2025-08-28 22:02:07,890 - main - INFO - 🔄 OVERALL PROGRESS: 151.9% | File: stock_earning_call_transcripts.parquet | File Progress: 23.3%
2025-08-28 22:02:08,063 - main - INFO -  Download progress: 77.9% (1260.0 MB)
2025-08-28 22:02:08,064 - main - INFO - 🔄 OVERALL PROGRESS: 152.0% | File: stock_earning_call_transcripts.parquet | File Progress: 23.4%
2025-08-28 22:02:08,231 - main - INFO -  Download progress: 78.0% (1261.0 MB)
2025-08-28 22:02:08,232 - main - INFO - 🔄 OVERALL PROGRESS: 152.1% | File: stock_earning_call_transcripts.parquet | File Progress: 23.4%
2025-08-28 22:02:08,397 - main - INFO -  Download progress: 78.0% (1262.0 MB)
2025-08-28 22:02:08,397 - main - INFO - 🔄 OVERALL PROGRESS: 152.2% | File: stock_earning_call_transcripts.parquet | File Progress: 23.4%
2025-08-28 22:02:08,585 - main - INFO -  Download progress: 78.1% (1263.0 MB)
2025-08-28 22:02:08,586 - main - INFO - 🔄 OVERALL PROGRESS: 152.3% | File: stock_earning_call_transcripts.parquet | File Progress: 23.4%
2025-08-28 22:02:08,748 - main - INFO -  Download progress: 78.1% (1264.0 MB)
2025-08-28 22:02:08,749 - main - INFO - 🔄 OVERALL PROGRESS: 152.4% | File: stock_earning_call_transcripts.parquet | File Progress: 23.4%
2025-08-28 22:02:08,938 - main - INFO -  Download progress: 78.2% (1265.0 MB)
2025-08-28 22:02:08,938 - main - INFO - 🔄 OVERALL PROGRESS: 152.6% | File: stock_earning_call_transcripts.parquet | File Progress: 23.5%
2025-08-28 22:02:09,101 - main - INFO -  Download progress: 78.3% (1266.0 MB)
2025-08-28 22:02:09,101 - main - INFO - 🔄 OVERALL PROGRESS: 152.7% | File: stock_earning_call_transcripts.parquet | File Progress: 23.5%
2025-08-28 22:02:09,310 - main - INFO -  Download progress: 78.3% (1267.0 MB)
2025-08-28 22:02:09,310 - main - INFO - 🔄 OVERALL PROGRESS: 152.8% | File: stock_earning_call_transcripts.parquet | File Progress: 23.5%
2025-08-28 22:02:09,500 - main - INFO -  Download progress: 78.4% (1268.0 MB)
2025-08-28 22:02:09,500 - main - INFO - 🔄 OVERALL PROGRESS: 152.9% | File: stock_earning_call_transcripts.parquet | File Progress: 23.5%
2025-08-28 22:02:09,668 - main - INFO -  Download progress: 78.4% (1269.0 MB)
2025-08-28 22:02:09,668 - main - INFO - 🔄 OVERALL PROGRESS: 153.0% | File: stock_earning_call_transcripts.parquet | File Progress: 23.5%
2025-08-28 22:02:09,828 - main - INFO -  Download progress: 78.5% (1270.0 MB)
2025-08-28 22:02:09,829 - main - INFO - 🔄 OVERALL PROGRESS: 153.1% | File: stock_earning_call_transcripts.parquet | File Progress: 23.6%
2025-08-28 22:02:10,003 - main - INFO -  Download progress: 78.6% (1271.0 MB)
2025-08-28 22:02:10,003 - main - INFO - 🔄 OVERALL PROGRESS: 153.2% | File: stock_earning_call_transcripts.parquet | File Progress: 23.6%
2025-08-28 22:02:10,183 - main - INFO -  Download progress: 78.6% (1272.0 MB)
2025-08-28 22:02:10,183 - main - INFO - 🔄 OVERALL PROGRESS: 153.3% | File: stock_earning_call_transcripts.parquet | File Progress: 23.6%
2025-08-28 22:02:10,359 - main - INFO -  Download progress: 78.7% (1273.0 MB)
2025-08-28 22:02:10,359 - main - INFO - 🔄 OVERALL PROGRESS: 153.4% | File: stock_earning_call_transcripts.parquet | File Progress: 23.6%
2025-08-28 22:02:10,522 - main - INFO -  Download progress: 78.8% (1274.0 MB)
2025-08-28 22:02:10,522 - main - INFO - 🔄 OVERALL PROGRESS: 153.5% | File: stock_earning_call_transcripts.parquet | File Progress: 23.6%
2025-08-28 22:02:10,691 - main - INFO -  Download progress: 78.8% (1275.0 MB)
2025-08-28 22:02:10,692 - main - INFO - 🔄 OVERALL PROGRESS: 153.6% | File: stock_earning_call_transcripts.parquet | File Progress: 23.6%
2025-08-28 22:02:10,862 - main - INFO -  Download progress: 78.9% (1276.0 MB)
2025-08-28 22:02:10,863 - main - INFO - 🔄 OVERALL PROGRESS: 153.7% | File: stock_earning_call_transcripts.parquet | File Progress: 23.7%
2025-08-28 22:02:11,280 - main - INFO -  Download progress: 78.9% (1277.0 MB)
2025-08-28 22:02:11,281 - main - INFO - 🔄 OVERALL PROGRESS: 153.8% | File: stock_earning_call_transcripts.parquet | File Progress: 23.7%
2025-08-28 22:02:11,428 - main - INFO -  Download progress: 79.0% (1278.0 MB)
2025-08-28 22:02:11,428 - main - INFO - 🔄 OVERALL PROGRESS: 153.9% | File: stock_earning_call_transcripts.parquet | File Progress: 23.7%
2025-08-28 22:02:11,593 - main - INFO -  Download progress: 79.1% (1279.0 MB)
2025-08-28 22:02:11,593 - main - INFO - 🔄 OVERALL PROGRESS: 154.0% | File: stock_earning_call_transcripts.parquet | File Progress: 23.7%
2025-08-28 22:02:11,745 - main - INFO -  Download progress: 79.1% (1280.0 MB)
2025-08-28 22:02:11,745 - main - INFO - 🔄 OVERALL PROGRESS: 154.1% | File: stock_earning_call_transcripts.parquet | File Progress: 23.7%
2025-08-28 22:02:11,919 - main - INFO -  Download progress: 79.2% (1281.0 MB)
2025-08-28 22:02:11,919 - main - INFO - 🔄 OVERALL PROGRESS: 154.2% | File: stock_earning_call_transcripts.parquet | File Progress: 23.8%
2025-08-28 22:02:12,061 - main - INFO -  Download progress: 79.2% (1282.0 MB)
2025-08-28 22:02:12,062 - main - INFO - 🔄 OVERALL PROGRESS: 154.3% | File: stock_earning_call_transcripts.parquet | File Progress: 23.8%
2025-08-28 22:02:12,268 - main - INFO -  Download progress: 79.3% (1283.0 MB)
2025-08-28 22:02:12,269 - main - INFO - 🔄 OVERALL PROGRESS: 154.4% | File: stock_earning_call_transcripts.parquet | File Progress: 23.8%
2025-08-28 22:02:12,458 - main - INFO -  Download progress: 79.4% (1284.0 MB)
2025-08-28 22:02:12,458 - main - INFO - 🔄 OVERALL PROGRESS: 154.5% | File: stock_earning_call_transcripts.parquet | File Progress: 23.8%
2025-08-28 22:02:12,682 - main - INFO -  Download progress: 79.4% (1285.0 MB)
2025-08-28 22:02:12,682 - main - INFO - 🔄 OVERALL PROGRESS: 154.6% | File: stock_earning_call_transcripts.parquet | File Progress: 23.8%
2025-08-28 22:02:12,855 - main - INFO -  Download progress: 79.5% (1286.0 MB)
2025-08-28 22:02:12,855 - main - INFO - 🔄 OVERALL PROGRESS: 154.7% | File: stock_earning_call_transcripts.parquet | File Progress: 23.8%
2025-08-28 22:02:12,983 - main - INFO -  Download progress: 79.6% (1287.0 MB)
2025-08-28 22:02:12,983 - main - INFO - 🔄 OVERALL PROGRESS: 154.8% | File: stock_earning_call_transcripts.parquet | File Progress: 23.9%
2025-08-28 22:02:13,128 - main - INFO -  Download progress: 79.6% (1288.0 MB)
2025-08-28 22:02:13,128 - main - INFO - 🔄 OVERALL PROGRESS: 154.9% | File: stock_earning_call_transcripts.parquet | File Progress: 23.9%
2025-08-28 22:02:13,265 - main - INFO -  Download progress: 79.7% (1289.0 MB)
2025-08-28 22:02:13,265 - main - INFO - 🔄 OVERALL PROGRESS: 155.0% | File: stock_earning_call_transcripts.parquet | File Progress: 23.9%
2025-08-28 22:02:13,385 - main - INFO -  Download progress: 79.7% (1290.0 MB)
2025-08-28 22:02:13,385 - main - INFO - 🔄 OVERALL PROGRESS: 155.1% | File: stock_earning_call_transcripts.parquet | File Progress: 23.9%
2025-08-28 22:02:13,507 - main - INFO -  Download progress: 79.8% (1291.0 MB)
2025-08-28 22:02:13,507 - main - INFO - 🔄 OVERALL PROGRESS: 155.2% | File: stock_earning_call_transcripts.parquet | File Progress: 23.9%
2025-08-28 22:02:13,631 - main - INFO -  Download progress: 79.9% (1292.0 MB)
2025-08-28 22:02:13,632 - main - INFO - 🔄 OVERALL PROGRESS: 155.3% | File: stock_earning_call_transcripts.parquet | File Progress: 24.0%
2025-08-28 22:02:13,755 - main - INFO -  Download progress: 79.9% (1293.0 MB)
2025-08-28 22:02:13,755 - main - INFO - 🔄 OVERALL PROGRESS: 155.4% | File: stock_earning_call_transcripts.parquet | File Progress: 24.0%
2025-08-28 22:02:13,879 - main - INFO -  Download progress: 80.0% (1294.0 MB)
2025-08-28 22:02:13,879 - main - INFO - 🔄 OVERALL PROGRESS: 155.5% | File: stock_earning_call_transcripts.parquet | File Progress: 24.0%
2025-08-28 22:02:14,001 - main - INFO -  Download progress: 80.1% (1295.0 MB)
2025-08-28 22:02:14,002 - main - INFO - 🔄 OVERALL PROGRESS: 155.6% | File: stock_earning_call_transcripts.parquet | File Progress: 24.0%
2025-08-28 22:02:14,118 - main - INFO -  Download progress: 80.1% (1296.0 MB)
2025-08-28 22:02:14,118 - main - INFO - 🔄 OVERALL PROGRESS: 155.7% | File: stock_earning_call_transcripts.parquet | File Progress: 24.0%
2025-08-28 22:02:14,265 - main - INFO -  Download progress: 80.2% (1297.0 MB)
2025-08-28 22:02:14,266 - main - INFO - 🔄 OVERALL PROGRESS: 155.8% | File: stock_earning_call_transcripts.parquet | File Progress: 24.1%
2025-08-28 22:02:14,386 - main - INFO -  Download progress: 80.2% (1298.0 MB)
2025-08-28 22:02:14,386 - main - INFO - 🔄 OVERALL PROGRESS: 156.0% | File: stock_earning_call_transcripts.parquet | File Progress: 24.1%
2025-08-28 22:02:14,529 - main - INFO -  Download progress: 80.3% (1299.0 MB)
2025-08-28 22:02:14,530 - main - INFO - 🔄 OVERALL PROGRESS: 156.1% | File: stock_earning_call_transcripts.parquet | File Progress: 24.1%
2025-08-28 22:02:14,649 - main - INFO -  Download progress: 80.4% (1300.0 MB)
2025-08-28 22:02:14,650 - main - INFO - 🔄 OVERALL PROGRESS: 156.2% | File: stock_earning_call_transcripts.parquet | File Progress: 24.1%
2025-08-28 22:02:14,777 - main - INFO -  Download progress: 80.4% (1301.0 MB)
2025-08-28 22:02:14,778 - main - INFO - 🔄 OVERALL PROGRESS: 156.3% | File: stock_earning_call_transcripts.parquet | File Progress: 24.1%
2025-08-28 22:02:14,897 - main - INFO -  Download progress: 80.5% (1302.0 MB)
2025-08-28 22:02:14,897 - main - INFO - 🔄 OVERALL PROGRESS: 156.4% | File: stock_earning_call_transcripts.parquet | File Progress: 24.1%
2025-08-28 22:02:15,012 - main - INFO -  Download progress: 80.5% (1303.0 MB)
2025-08-28 22:02:15,012 - main - INFO - 🔄 OVERALL PROGRESS: 156.5% | File: stock_earning_call_transcripts.parquet | File Progress: 24.2%
2025-08-28 22:02:15,119 - main - INFO -  Download progress: 80.6% (1304.0 MB)
2025-08-28 22:02:15,119 - main - INFO - 🔄 OVERALL PROGRESS: 156.6% | File: stock_earning_call_transcripts.parquet | File Progress: 24.2%
2025-08-28 22:02:15,315 - main - INFO -  Download progress: 80.7% (1305.0 MB)
2025-08-28 22:02:15,315 - main - INFO - 🔄 OVERALL PROGRESS: 156.7% | File: stock_earning_call_transcripts.parquet | File Progress: 24.2%
2025-08-28 22:02:15,459 - main - INFO -  Download progress: 80.7% (1306.0 MB)
2025-08-28 22:02:15,459 - main - INFO - 🔄 OVERALL PROGRESS: 156.8% | File: stock_earning_call_transcripts.parquet | File Progress: 24.2%
2025-08-28 22:02:15,588 - main - INFO -  Download progress: 80.8% (1307.0 MB)
2025-08-28 22:02:15,588 - main - INFO - 🔄 OVERALL PROGRESS: 156.9% | File: stock_earning_call_transcripts.parquet | File Progress: 24.2%
2025-08-28 22:02:15,709 - main - INFO -  Download progress: 80.9% (1308.0 MB)
2025-08-28 22:02:15,709 - main - INFO - 🔄 OVERALL PROGRESS: 157.0% | File: stock_earning_call_transcripts.parquet | File Progress: 24.3%
2025-08-28 22:02:15,825 - main - INFO -  Download progress: 80.9% (1309.0 MB)
2025-08-28 22:02:15,825 - main - INFO - 🔄 OVERALL PROGRESS: 157.1% | File: stock_earning_call_transcripts.parquet | File Progress: 24.3%
2025-08-28 22:02:16,046 - main - INFO -  Download progress: 81.0% (1310.0 MB)
2025-08-28 22:02:16,046 - main - INFO - 🔄 OVERALL PROGRESS: 157.2% | File: stock_earning_call_transcripts.parquet | File Progress: 24.3%
2025-08-28 22:02:16,079 - main - INFO -  Download progress: 81.0% (1311.0 MB)
2025-08-28 22:02:16,079 - main - INFO - 🔄 OVERALL PROGRESS: 157.3% | File: stock_earning_call_transcripts.parquet | File Progress: 24.3%
2025-08-28 22:02:16,186 - main - INFO -  Download progress: 81.1% (1312.0 MB)
2025-08-28 22:02:16,186 - main - INFO - 🔄 OVERALL PROGRESS: 157.4% | File: stock_earning_call_transcripts.parquet | File Progress: 24.3%
2025-08-28 22:02:16,290 - main - INFO -  Download progress: 81.2% (1313.0 MB)
2025-08-28 22:02:16,290 - main - INFO - 🔄 OVERALL PROGRESS: 157.5% | File: stock_earning_call_transcripts.parquet | File Progress: 24.3%
2025-08-28 22:02:16,404 - main - INFO -  Download progress: 81.2% (1314.0 MB)
2025-08-28 22:02:16,404 - main - INFO - 🔄 OVERALL PROGRESS: 157.6% | File: stock_earning_call_transcripts.parquet | File Progress: 24.4%
2025-08-28 22:02:16,494 - main - INFO -  Download progress: 81.3% (1315.0 MB)
2025-08-28 22:02:16,494 - main - INFO - 🔄 OVERALL PROGRESS: 157.7% | File: stock_earning_call_transcripts.parquet | File Progress: 24.4%
2025-08-28 22:02:16,607 - main - INFO -  Download progress: 81.3% (1316.0 MB)
2025-08-28 22:02:16,607 - main - INFO - 🔄 OVERALL PROGRESS: 157.8% | File: stock_earning_call_transcripts.parquet | File Progress: 24.4%
2025-08-28 22:02:16,698 - main - INFO -  Download progress: 81.4% (1317.0 MB)
2025-08-28 22:02:16,698 - main - INFO - 🔄 OVERALL PROGRESS: 157.9% | File: stock_earning_call_transcripts.parquet | File Progress: 24.4%
2025-08-28 22:02:16,795 - main - INFO -  Download progress: 81.5% (1318.0 MB)
2025-08-28 22:02:16,795 - main - INFO - 🔄 OVERALL PROGRESS: 158.0% | File: stock_earning_call_transcripts.parquet | File Progress: 24.4%
2025-08-28 22:02:16,898 - main - INFO -  Download progress: 81.5% (1319.0 MB)
2025-08-28 22:02:16,899 - main - INFO - 🔄 OVERALL PROGRESS: 158.1% | File: stock_earning_call_transcripts.parquet | File Progress: 24.5%
2025-08-28 22:02:17,002 - main - INFO -  Download progress: 81.6% (1320.0 MB)
2025-08-28 22:02:17,003 - main - INFO - 🔄 OVERALL PROGRESS: 158.2% | File: stock_earning_call_transcripts.parquet | File Progress: 24.5%
2025-08-28 22:02:17,101 - main - INFO -  Download progress: 81.7% (1321.0 MB)
2025-08-28 22:02:17,101 - main - INFO - 🔄 OVERALL PROGRESS: 158.3% | File: stock_earning_call_transcripts.parquet | File Progress: 24.5%
2025-08-28 22:02:17,215 - main - INFO -  Download progress: 81.7% (1322.0 MB)
2025-08-28 22:02:17,216 - main - INFO - 🔄 OVERALL PROGRESS: 158.4% | File: stock_earning_call_transcripts.parquet | File Progress: 24.5%
2025-08-28 22:02:17,327 - main - INFO -  Download progress: 81.8% (1323.0 MB)
2025-08-28 22:02:17,327 - main - INFO - 🔄 OVERALL PROGRESS: 158.5% | File: stock_earning_call_transcripts.parquet | File Progress: 24.5%
2025-08-28 22:02:17,429 - main - INFO -  Download progress: 81.8% (1324.0 MB)
2025-08-28 22:02:17,430 - main - INFO - 🔄 OVERALL PROGRESS: 158.6% | File: stock_earning_call_transcripts.parquet | File Progress: 24.6%
2025-08-28 22:02:17,551 - main - INFO -  Download progress: 81.9% (1325.0 MB)
2025-08-28 22:02:17,551 - main - INFO - 🔄 OVERALL PROGRESS: 158.7% | File: stock_earning_call_transcripts.parquet | File Progress: 24.6%
2025-08-28 22:02:17,675 - main - INFO -  Download progress: 82.0% (1326.0 MB)
2025-08-28 22:02:17,675 - main - INFO - 🔄 OVERALL PROGRESS: 158.8% | File: stock_earning_call_transcripts.parquet | File Progress: 24.6%
2025-08-28 22:02:17,790 - main - INFO -  Download progress: 82.0% (1327.0 MB)
2025-08-28 22:02:17,790 - main - INFO - 🔄 OVERALL PROGRESS: 158.9% | File: stock_earning_call_transcripts.parquet | File Progress: 24.6%
2025-08-28 22:02:17,895 - main - INFO -  Download progress: 82.1% (1328.0 MB)
2025-08-28 22:02:17,895 - main - INFO - 🔄 OVERALL PROGRESS: 159.0% | File: stock_earning_call_transcripts.parquet | File Progress: 24.6%
2025-08-28 22:02:18,021 - main - INFO -  Download progress: 82.2% (1329.0 MB)
2025-08-28 22:02:18,021 - main - INFO - 🔄 OVERALL PROGRESS: 159.1% | File: stock_earning_call_transcripts.parquet | File Progress: 24.6%
2025-08-28 22:02:18,131 - main - INFO -  Download progress: 82.2% (1330.0 MB)
2025-08-28 22:02:18,131 - main - INFO - 🔄 OVERALL PROGRESS: 159.2% | File: stock_earning_call_transcripts.parquet | File Progress: 24.7%
2025-08-28 22:02:18,278 - main - INFO -  Download progress: 82.3% (1331.0 MB)
2025-08-28 22:02:18,279 - main - INFO - 🔄 OVERALL PROGRESS: 159.4% | File: stock_earning_call_transcripts.parquet | File Progress: 24.7%
2025-08-28 22:02:18,434 - main - INFO -  Download progress: 82.3% (1332.0 MB)
2025-08-28 22:02:18,435 - main - INFO - 🔄 OVERALL PROGRESS: 159.5% | File: stock_earning_call_transcripts.parquet | File Progress: 24.7%
2025-08-28 22:02:18,573 - main - INFO -  Download progress: 82.4% (1333.0 MB)
2025-08-28 22:02:18,573 - main - INFO - 🔄 OVERALL PROGRESS: 159.6% | File: stock_earning_call_transcripts.parquet | File Progress: 24.7%
2025-08-28 22:02:18,718 - main - INFO -  Download progress: 82.5% (1334.0 MB)
2025-08-28 22:02:18,719 - main - INFO - 🔄 OVERALL PROGRESS: 159.7% | File: stock_earning_call_transcripts.parquet | File Progress: 24.7%
2025-08-28 22:02:18,854 - main - INFO -  Download progress: 82.5% (1335.0 MB)
2025-08-28 22:02:18,854 - main - INFO - 🔄 OVERALL PROGRESS: 159.8% | File: stock_earning_call_transcripts.parquet | File Progress: 24.8%
2025-08-28 22:02:19,005 - main - INFO -  Download progress: 82.6% (1336.0 MB)
2025-08-28 22:02:19,005 - main - INFO - 🔄 OVERALL PROGRESS: 159.9% | File: stock_earning_call_transcripts.parquet | File Progress: 24.8%
2025-08-28 22:02:19,135 - main - INFO -  Download progress: 82.6% (1337.0 MB)
2025-08-28 22:02:19,135 - main - INFO - 🔄 OVERALL PROGRESS: 160.0% | File: stock_earning_call_transcripts.parquet | File Progress: 24.8%
2025-08-28 22:02:19,265 - main - INFO -  Download progress: 82.7% (1338.0 MB)
2025-08-28 22:02:19,265 - main - INFO - 🔄 OVERALL PROGRESS: 160.1% | File: stock_earning_call_transcripts.parquet | File Progress: 24.8%
2025-08-28 22:02:19,418 - main - INFO -  Download progress: 82.8% (1339.0 MB)
2025-08-28 22:02:19,418 - main - INFO - 🔄 OVERALL PROGRESS: 160.2% | File: stock_earning_call_transcripts.parquet | File Progress: 24.8%
2025-08-28 22:02:19,553 - main - INFO -  Download progress: 82.8% (1340.0 MB)
2025-08-28 22:02:19,553 - main - INFO - 🔄 OVERALL PROGRESS: 160.3% | File: stock_earning_call_transcripts.parquet | File Progress: 24.9%
2025-08-28 22:02:19,690 - main - INFO -  Download progress: 82.9% (1341.0 MB)
2025-08-28 22:02:19,690 - main - INFO - 🔄 OVERALL PROGRESS: 160.4% | File: stock_earning_call_transcripts.parquet | File Progress: 24.9%
2025-08-28 22:02:19,808 - main - INFO -  Download progress: 83.0% (1342.0 MB)
2025-08-28 22:02:19,808 - main - INFO - 🔄 OVERALL PROGRESS: 160.5% | File: stock_earning_call_transcripts.parquet | File Progress: 24.9%
2025-08-28 22:02:19,950 - main - INFO -  Download progress: 83.0% (1343.0 MB)
2025-08-28 22:02:19,951 - main - INFO - 🔄 OVERALL PROGRESS: 160.6% | File: stock_earning_call_transcripts.parquet | File Progress: 24.9%
2025-08-28 22:02:20,162 - main - INFO -  Download progress: 83.1% (1344.0 MB)
2025-08-28 22:02:20,162 - main - INFO - 🔄 OVERALL PROGRESS: 160.7% | File: stock_earning_call_transcripts.parquet | File Progress: 24.9%
2025-08-28 22:02:21,272 - main - INFO -  Download progress: 83.1% (1345.0 MB)
2025-08-28 22:02:21,272 - main - INFO - 🔄 OVERALL PROGRESS: 160.8% | File: stock_earning_call_transcripts.parquet | File Progress: 24.9%
2025-08-28 22:02:21,538 - main - INFO -  Download progress: 83.2% (1346.0 MB)
2025-08-28 22:02:21,538 - main - INFO - 🔄 OVERALL PROGRESS: 160.9% | File: stock_earning_call_transcripts.parquet | File Progress: 25.0%
2025-08-28 22:02:22,425 - main - INFO -  Download progress: 83.3% (1347.0 MB)
2025-08-28 22:02:22,426 - main - INFO - 🔄 OVERALL PROGRESS: 161.0% | File: stock_earning_call_transcripts.parquet | File Progress: 25.0%
2025-08-28 22:02:22,933 - main - INFO -  Download progress: 83.3% (1348.0 MB)
2025-08-28 22:02:22,933 - main - INFO - 🔄 OVERALL PROGRESS: 161.1% | File: stock_earning_call_transcripts.parquet | File Progress: 25.0%
2025-08-28 22:02:23,281 - main - INFO -  Download progress: 83.4% (1349.0 MB)
2025-08-28 22:02:23,282 - main - INFO - 🔄 OVERALL PROGRESS: 161.2% | File: stock_earning_call_transcripts.parquet | File Progress: 25.0%
2025-08-28 22:02:23,621 - main - INFO -  Download progress: 83.5% (1350.0 MB)
2025-08-28 22:02:23,621 - main - INFO - 🔄 OVERALL PROGRESS: 161.3% | File: stock_earning_call_transcripts.parquet | File Progress: 25.0%
2025-08-28 22:02:24,061 - main - INFO -  Download progress: 83.5% (1351.0 MB)
2025-08-28 22:02:24,062 - main - INFO - 🔄 OVERALL PROGRESS: 161.4% | File: stock_earning_call_transcripts.parquet | File Progress: 25.1%
2025-08-28 22:02:24,594 - main - INFO -  Download progress: 83.6% (1352.0 MB)
2025-08-28 22:02:24,595 - main - INFO - 🔄 OVERALL PROGRESS: 161.5% | File: stock_earning_call_transcripts.parquet | File Progress: 25.1%
2025-08-28 22:02:25,145 - main - INFO -  Download progress: 83.6% (1353.0 MB)
2025-08-28 22:02:25,145 - main - INFO - 🔄 OVERALL PROGRESS: 161.6% | File: stock_earning_call_transcripts.parquet | File Progress: 25.1%
2025-08-28 22:02:25,572 - main - INFO -  Download progress: 83.7% (1354.0 MB)
2025-08-28 22:02:25,572 - main - INFO - 🔄 OVERALL PROGRESS: 161.7% | File: stock_earning_call_transcripts.parquet | File Progress: 25.1%
2025-08-28 22:02:25,897 - main - INFO -  Download progress: 83.8% (1355.0 MB)
2025-08-28 22:02:25,898 - main - INFO - 🔄 OVERALL PROGRESS: 161.8% | File: stock_earning_call_transcripts.parquet | File Progress: 25.1%
2025-08-28 22:02:26,295 - main - INFO -  Download progress: 83.8% (1356.0 MB)
2025-08-28 22:02:26,295 - main - INFO - 🔄 OVERALL PROGRESS: 161.9% | File: stock_earning_call_transcripts.parquet | File Progress: 25.1%
2025-08-28 22:02:26,735 - main - INFO -  Download progress: 83.9% (1357.0 MB)
2025-08-28 22:02:26,735 - main - INFO - 🔄 OVERALL PROGRESS: 162.0% | File: stock_earning_call_transcripts.parquet | File Progress: 25.2%
2025-08-28 22:02:27,169 - main - INFO -  Download progress: 83.9% (1358.0 MB)
2025-08-28 22:02:27,169 - main - INFO - 🔄 OVERALL PROGRESS: 162.1% | File: stock_earning_call_transcripts.parquet | File Progress: 25.2%
2025-08-28 22:02:27,535 - main - INFO -  Download progress: 84.0% (1359.0 MB)
2025-08-28 22:02:27,535 - main - INFO - 🔄 OVERALL PROGRESS: 162.2% | File: stock_earning_call_transcripts.parquet | File Progress: 25.2%
2025-08-28 22:02:27,992 - main - INFO -  Download progress: 84.1% (1360.0 MB)
2025-08-28 22:02:27,992 - main - INFO - 🔄 OVERALL PROGRESS: 162.3% | File: stock_earning_call_transcripts.parquet | File Progress: 25.2%
2025-08-28 22:02:28,468 - main - INFO -  Download progress: 84.1% (1361.0 MB)
2025-08-28 22:02:28,468 - main - INFO - 🔄 OVERALL PROGRESS: 162.4% | File: stock_earning_call_transcripts.parquet | File Progress: 25.2%
2025-08-28 22:02:28,848 - main - INFO -  Download progress: 84.2% (1362.0 MB)
2025-08-28 22:02:28,848 - main - INFO - 🔄 OVERALL PROGRESS: 162.5% | File: stock_earning_call_transcripts.parquet | File Progress: 25.3%
2025-08-28 22:02:29,170 - main - INFO -  Download progress: 84.3% (1363.0 MB)
2025-08-28 22:02:29,171 - main - INFO - 🔄 OVERALL PROGRESS: 162.6% | File: stock_earning_call_transcripts.parquet | File Progress: 25.3%
2025-08-28 22:02:29,497 - main - INFO -  Download progress: 84.3% (1364.0 MB)
2025-08-28 22:02:29,498 - main - INFO - 🔄 OVERALL PROGRESS: 162.8% | File: stock_earning_call_transcripts.parquet | File Progress: 25.3%
2025-08-28 22:02:29,855 - main - INFO -  Download progress: 84.4% (1365.0 MB)
2025-08-28 22:02:29,855 - main - INFO - 🔄 OVERALL PROGRESS: 162.9% | File: stock_earning_call_transcripts.parquet | File Progress: 25.3%
2025-08-28 22:02:30,193 - main - INFO -  Download progress: 84.4% (1366.0 MB)
2025-08-28 22:02:30,193 - main - INFO - 🔄 OVERALL PROGRESS: 163.0% | File: stock_earning_call_transcripts.parquet | File Progress: 25.3%
2025-08-28 22:02:30,502 - main - INFO -  Download progress: 84.5% (1367.0 MB)
2025-08-28 22:02:30,502 - main - INFO - 🔄 OVERALL PROGRESS: 163.1% | File: stock_earning_call_transcripts.parquet | File Progress: 25.4%
2025-08-28 22:02:30,944 - main - INFO -  Download progress: 84.6% (1368.0 MB)
2025-08-28 22:02:30,944 - main - INFO - 🔄 OVERALL PROGRESS: 163.2% | File: stock_earning_call_transcripts.parquet | File Progress: 25.4%
2025-08-28 22:02:31,266 - main - INFO -  Download progress: 84.6% (1369.0 MB)
2025-08-28 22:02:31,267 - main - INFO - 🔄 OVERALL PROGRESS: 163.3% | File: stock_earning_call_transcripts.parquet | File Progress: 25.4%
2025-08-28 22:02:31,568 - main - INFO -  Download progress: 84.7% (1370.0 MB)
2025-08-28 22:02:31,568 - main - INFO - 🔄 OVERALL PROGRESS: 163.4% | File: stock_earning_call_transcripts.parquet | File Progress: 25.4%
2025-08-28 22:02:31,983 - main - INFO -  Download progress: 84.7% (1371.0 MB)
2025-08-28 22:02:31,984 - main - INFO - 🔄 OVERALL PROGRESS: 163.5% | File: stock_earning_call_transcripts.parquet | File Progress: 25.4%
2025-08-28 22:02:32,225 - main - INFO -  Download progress: 84.8% (1372.0 MB)
2025-08-28 22:02:32,226 - main - INFO - 🔄 OVERALL PROGRESS: 163.6% | File: stock_earning_call_transcripts.parquet | File Progress: 25.4%
2025-08-28 22:02:32,469 - main - INFO -  Download progress: 84.9% (1373.0 MB)
2025-08-28 22:02:32,469 - main - INFO - 🔄 OVERALL PROGRESS: 163.7% | File: stock_earning_call_transcripts.parquet | File Progress: 25.5%
2025-08-28 22:02:32,719 - main - INFO -  Download progress: 84.9% (1374.0 MB)
2025-08-28 22:02:32,720 - main - INFO - 🔄 OVERALL PROGRESS: 163.8% | File: stock_earning_call_transcripts.parquet | File Progress: 25.5%
2025-08-28 22:02:32,940 - main - INFO -  Download progress: 85.0% (1375.0 MB)
2025-08-28 22:02:32,940 - main - INFO - 🔄 OVERALL PROGRESS: 163.9% | File: stock_earning_call_transcripts.parquet | File Progress: 25.5%
2025-08-28 22:02:33,230 - main - INFO -  Download progress: 85.1% (1376.0 MB)
2025-08-28 22:02:33,230 - main - INFO - 🔄 OVERALL PROGRESS: 164.0% | File: stock_earning_call_transcripts.parquet | File Progress: 25.5%
2025-08-28 22:02:33,536 - main - INFO -  Download progress: 85.1% (1377.0 MB)
2025-08-28 22:02:33,536 - main - INFO - 🔄 OVERALL PROGRESS: 164.1% | File: stock_earning_call_transcripts.parquet | File Progress: 25.5%
2025-08-28 22:02:33,936 - main - INFO -  Download progress: 85.2% (1378.0 MB)
2025-08-28 22:02:33,936 - main - INFO - 🔄 OVERALL PROGRESS: 164.2% | File: stock_earning_call_transcripts.parquet | File Progress: 25.6%
2025-08-28 22:02:34,293 - main - INFO -  Download progress: 85.2% (1379.0 MB)
2025-08-28 22:02:34,293 - main - INFO - 🔄 OVERALL PROGRESS: 164.3% | File: stock_earning_call_transcripts.parquet | File Progress: 25.6%
2025-08-28 22:02:34,554 - main - INFO -  Download progress: 85.3% (1380.0 MB)
2025-08-28 22:02:34,555 - main - INFO - 🔄 OVERALL PROGRESS: 164.4% | File: stock_earning_call_transcripts.parquet | File Progress: 25.6%
2025-08-28 22:02:35,071 - main - INFO -  Download progress: 85.4% (1381.0 MB)
2025-08-28 22:02:35,071 - main - INFO - 🔄 OVERALL PROGRESS: 164.5% | File: stock_earning_call_transcripts.parquet | File Progress: 25.6%
2025-08-28 22:02:35,390 - main - INFO -  Download progress: 85.4% (1382.0 MB)
2025-08-28 22:02:35,391 - main - INFO - 🔄 OVERALL PROGRESS: 164.6% | File: stock_earning_call_transcripts.parquet | File Progress: 25.6%
2025-08-28 22:02:35,566 - main - INFO -  Download progress: 85.5% (1383.0 MB)
2025-08-28 22:02:35,566 - main - INFO - 🔄 OVERALL PROGRESS: 164.7% | File: stock_earning_call_transcripts.parquet | File Progress: 25.6%
2025-08-28 22:02:35,861 - main - INFO -  Download progress: 85.6% (1384.0 MB)
2025-08-28 22:02:35,861 - main - INFO - 🔄 OVERALL PROGRESS: 164.8% | File: stock_earning_call_transcripts.parquet | File Progress: 25.7%
2025-08-28 22:02:36,067 - main - INFO -  Download progress: 85.6% (1385.0 MB)
2025-08-28 22:02:36,068 - main - INFO - 🔄 OVERALL PROGRESS: 164.9% | File: stock_earning_call_transcripts.parquet | File Progress: 25.7%
2025-08-28 22:02:36,553 - main - INFO -  Download progress: 85.7% (1386.0 MB)
2025-08-28 22:02:36,553 - main - INFO - 🔄 OVERALL PROGRESS: 165.0% | File: stock_earning_call_transcripts.parquet | File Progress: 25.7%
2025-08-28 22:02:36,841 - main - INFO -  Download progress: 85.7% (1387.0 MB)
2025-08-28 22:02:36,841 - main - INFO - 🔄 OVERALL PROGRESS: 165.1% | File: stock_earning_call_transcripts.parquet | File Progress: 25.7%
2025-08-28 22:02:37,048 - main - INFO -  Download progress: 85.8% (1388.0 MB)
2025-08-28 22:02:37,048 - main - INFO - 🔄 OVERALL PROGRESS: 165.2% | File: stock_earning_call_transcripts.parquet | File Progress: 25.7%
2025-08-28 22:02:37,214 - main - INFO -  Download progress: 85.9% (1389.0 MB)
2025-08-28 22:02:37,215 - main - INFO - 🔄 OVERALL PROGRESS: 165.3% | File: stock_earning_call_transcripts.parquet | File Progress: 25.8%
2025-08-28 22:02:37,358 - main - INFO -  Download progress: 85.9% (1390.0 MB)
2025-08-28 22:02:37,358 - main - INFO - 🔄 OVERALL PROGRESS: 165.4% | File: stock_earning_call_transcripts.parquet | File Progress: 25.8%
2025-08-28 22:02:37,614 - main - INFO -  Download progress: 86.0% (1391.0 MB)
2025-08-28 22:02:37,615 - main - INFO - 🔄 OVERALL PROGRESS: 165.5% | File: stock_earning_call_transcripts.parquet | File Progress: 25.8%
2025-08-28 22:02:37,808 - main - INFO -  Download progress: 86.0% (1392.0 MB)
2025-08-28 22:02:37,809 - main - INFO - 🔄 OVERALL PROGRESS: 165.6% | File: stock_earning_call_transcripts.parquet | File Progress: 25.8%
2025-08-28 22:02:37,967 - main - INFO -  Download progress: 86.1% (1393.0 MB)
2025-08-28 22:02:37,968 - main - INFO - 🔄 OVERALL PROGRESS: 165.7% | File: stock_earning_call_transcripts.parquet | File Progress: 25.8%
2025-08-28 22:02:38,172 - main - INFO -  Download progress: 86.2% (1394.0 MB)
2025-08-28 22:02:38,173 - main - INFO - 🔄 OVERALL PROGRESS: 165.8% | File: stock_earning_call_transcripts.parquet | File Progress: 25.9%
2025-08-28 22:02:38,335 - main - INFO -  Download progress: 86.2% (1395.0 MB)
2025-08-28 22:02:38,335 - main - INFO - 🔄 OVERALL PROGRESS: 165.9% | File: stock_earning_call_transcripts.parquet | File Progress: 25.9%
2025-08-28 22:02:38,471 - main - INFO -  Download progress: 86.3% (1396.0 MB)
2025-08-28 22:02:38,472 - main - INFO - 🔄 OVERALL PROGRESS: 166.0% | File: stock_earning_call_transcripts.parquet | File Progress: 25.9%
2025-08-28 22:02:38,637 - main - INFO -  Download progress: 86.4% (1397.0 MB)
2025-08-28 22:02:38,637 - main - INFO - 🔄 OVERALL PROGRESS: 166.2% | File: stock_earning_call_transcripts.parquet | File Progress: 25.9%
2025-08-28 22:02:38,889 - main - INFO -  Download progress: 86.4% (1398.0 MB)
2025-08-28 22:02:38,889 - main - INFO - 🔄 OVERALL PROGRESS: 166.3% | File: stock_earning_call_transcripts.parquet | File Progress: 25.9%
2025-08-28 22:02:39,259 - main - INFO -  Download progress: 86.5% (1399.0 MB)
2025-08-28 22:02:39,260 - main - INFO - 🔄 OVERALL PROGRESS: 166.4% | File: stock_earning_call_transcripts.parquet | File Progress: 25.9%
2025-08-28 22:02:39,530 - main - INFO -  Download progress: 86.5% (1400.0 MB)
2025-08-28 22:02:39,531 - main - INFO - 🔄 OVERALL PROGRESS: 166.5% | File: stock_earning_call_transcripts.parquet | File Progress: 26.0%
2025-08-28 22:02:39,769 - main - INFO -  Download progress: 86.6% (1401.0 MB)
2025-08-28 22:02:39,769 - main - INFO - 🔄 OVERALL PROGRESS: 166.6% | File: stock_earning_call_transcripts.parquet | File Progress: 26.0%
2025-08-28 22:02:39,993 - main - INFO -  Download progress: 86.7% (1402.0 MB)
2025-08-28 22:02:39,993 - main - INFO - 🔄 OVERALL PROGRESS: 166.7% | File: stock_earning_call_transcripts.parquet | File Progress: 26.0%
2025-08-28 22:02:40,201 - main - INFO -  Download progress: 86.7% (1403.0 MB)
2025-08-28 22:02:40,201 - main - INFO - 🔄 OVERALL PROGRESS: 166.8% | File: stock_earning_call_transcripts.parquet | File Progress: 26.0%
2025-08-28 22:02:40,451 - main - INFO -  Download progress: 86.8% (1404.0 MB)
2025-08-28 22:02:40,451 - main - INFO - 🔄 OVERALL PROGRESS: 166.9% | File: stock_earning_call_transcripts.parquet | File Progress: 26.0%
2025-08-28 22:02:40,670 - main - INFO -  Download progress: 86.9% (1405.0 MB)
2025-08-28 22:02:40,670 - main - INFO - 🔄 OVERALL PROGRESS: 167.0% | File: stock_earning_call_transcripts.parquet | File Progress: 26.1%
2025-08-28 22:02:40,993 - main - INFO -  Download progress: 86.9% (1406.0 MB)
2025-08-28 22:02:40,994 - main - INFO - 🔄 OVERALL PROGRESS: 167.1% | File: stock_earning_call_transcripts.parquet | File Progress: 26.1%
2025-08-28 22:02:41,213 - main - INFO -  Download progress: 87.0% (1407.0 MB)
2025-08-28 22:02:41,214 - main - INFO - 🔄 OVERALL PROGRESS: 167.2% | File: stock_earning_call_transcripts.parquet | File Progress: 26.1%
2025-08-28 22:02:41,427 - main - INFO -  Download progress: 87.0% (1408.0 MB)
2025-08-28 22:02:41,427 - main - INFO - 🔄 OVERALL PROGRESS: 167.3% | File: stock_earning_call_transcripts.parquet | File Progress: 26.1%
2025-08-28 22:02:41,613 - main - INFO -  Download progress: 87.1% (1409.0 MB)
2025-08-28 22:02:41,613 - main - INFO - 🔄 OVERALL PROGRESS: 167.4% | File: stock_earning_call_transcripts.parquet | File Progress: 26.1%
2025-08-28 22:02:41,776 - main - INFO -  Download progress: 87.2% (1410.0 MB)
2025-08-28 22:02:41,776 - main - INFO - 🔄 OVERALL PROGRESS: 167.5% | File: stock_earning_call_transcripts.parquet | File Progress: 26.1%
2025-08-28 22:02:41,941 - main - INFO -  Download progress: 87.2% (1411.0 MB)
2025-08-28 22:02:41,941 - main - INFO - 🔄 OVERALL PROGRESS: 167.6% | File: stock_earning_call_transcripts.parquet | File Progress: 26.2%
2025-08-28 22:02:42,144 - main - INFO -  Download progress: 87.3% (1412.0 MB)
2025-08-28 22:02:42,144 - main - INFO - 🔄 OVERALL PROGRESS: 167.7% | File: stock_earning_call_transcripts.parquet | File Progress: 26.2%
2025-08-28 22:02:42,309 - main - INFO -  Download progress: 87.3% (1413.0 MB)
2025-08-28 22:02:42,309 - main - INFO - 🔄 OVERALL PROGRESS: 167.8% | File: stock_earning_call_transcripts.parquet | File Progress: 26.2%
2025-08-28 22:02:42,509 - main - INFO -  Download progress: 87.4% (1414.0 MB)
2025-08-28 22:02:42,509 - main - INFO - 🔄 OVERALL PROGRESS: 167.9% | File: stock_earning_call_transcripts.parquet | File Progress: 26.2%
2025-08-28 22:02:42,748 - main - INFO -  Download progress: 87.5% (1415.0 MB)
2025-08-28 22:02:42,748 - main - INFO - 🔄 OVERALL PROGRESS: 168.0% | File: stock_earning_call_transcripts.parquet | File Progress: 26.2%
2025-08-28 22:02:42,955 - main - INFO -  Download progress: 87.5% (1416.0 MB)
2025-08-28 22:02:42,955 - main - INFO - 🔄 OVERALL PROGRESS: 168.1% | File: stock_earning_call_transcripts.parquet | File Progress: 26.3%
2025-08-28 22:02:43,151 - main - INFO -  Download progress: 87.6% (1417.0 MB)
2025-08-28 22:02:43,151 - main - INFO - 🔄 OVERALL PROGRESS: 168.2% | File: stock_earning_call_transcripts.parquet | File Progress: 26.3%
2025-08-28 22:02:43,342 - main - INFO -  Download progress: 87.7% (1418.0 MB)
2025-08-28 22:02:43,342 - main - INFO - 🔄 OVERALL PROGRESS: 168.3% | File: stock_earning_call_transcripts.parquet | File Progress: 26.3%
2025-08-28 22:02:43,524 - main - INFO -  Download progress: 87.7% (1419.0 MB)
2025-08-28 22:02:43,525 - main - INFO - 🔄 OVERALL PROGRESS: 168.4% | File: stock_earning_call_transcripts.parquet | File Progress: 26.3%
2025-08-28 22:02:43,743 - main - INFO -  Download progress: 87.8% (1420.0 MB)
2025-08-28 22:02:43,743 - main - INFO - 🔄 OVERALL PROGRESS: 168.5% | File: stock_earning_call_transcripts.parquet | File Progress: 26.3%
2025-08-28 22:02:43,963 - main - INFO -  Download progress: 87.8% (1421.0 MB)
2025-08-28 22:02:43,963 - main - INFO - 🔄 OVERALL PROGRESS: 168.6% | File: stock_earning_call_transcripts.parquet | File Progress: 26.4%
2025-08-28 22:02:44,560 - main - INFO -  Download progress: 87.9% (1422.0 MB)
2025-08-28 22:02:44,560 - main - INFO - 🔄 OVERALL PROGRESS: 168.7% | File: stock_earning_call_transcripts.parquet | File Progress: 26.4%
2025-08-28 22:02:45,298 - main - INFO -  Download progress: 88.0% (1423.0 MB)
2025-08-28 22:02:45,298 - main - INFO - 🔄 OVERALL PROGRESS: 168.8% | File: stock_earning_call_transcripts.parquet | File Progress: 26.4%
2025-08-28 22:02:45,756 - main - INFO -  Download progress: 88.0% (1424.0 MB)
2025-08-28 22:02:45,756 - main - INFO - 🔄 OVERALL PROGRESS: 168.9% | File: stock_earning_call_transcripts.parquet | File Progress: 26.4%
2025-08-28 22:02:46,459 - main - INFO -  Download progress: 88.1% (1425.0 MB)
2025-08-28 22:02:46,460 - main - INFO - 🔄 OVERALL PROGRESS: 169.0% | File: stock_earning_call_transcripts.parquet | File Progress: 26.4%
2025-08-28 22:02:46,633 - main - INFO -  Download progress: 88.1% (1426.0 MB)
2025-08-28 22:02:46,633 - main - INFO - 🔄 OVERALL PROGRESS: 169.1% | File: stock_earning_call_transcripts.parquet | File Progress: 26.4%
2025-08-28 22:02:46,813 - main - INFO -  Download progress: 88.2% (1427.0 MB)
2025-08-28 22:02:46,813 - main - INFO - 🔄 OVERALL PROGRESS: 169.2% | File: stock_earning_call_transcripts.parquet | File Progress: 26.5%
2025-08-28 22:02:46,998 - main - INFO -  Download progress: 88.3% (1428.0 MB)
2025-08-28 22:02:46,998 - main - INFO - 🔄 OVERALL PROGRESS: 169.3% | File: stock_earning_call_transcripts.parquet | File Progress: 26.5%
2025-08-28 22:02:47,260 - main - INFO -  Download progress: 88.3% (1429.0 MB)
2025-08-28 22:02:47,260 - main - INFO - 🔄 OVERALL PROGRESS: 169.4% | File: stock_earning_call_transcripts.parquet | File Progress: 26.5%
2025-08-28 22:02:47,479 - main - INFO -  Download progress: 88.4% (1430.0 MB)
2025-08-28 22:02:47,480 - main - INFO - 🔄 OVERALL PROGRESS: 169.6% | File: stock_earning_call_transcripts.parquet | File Progress: 26.5%
2025-08-28 22:02:47,685 - main - INFO -  Download progress: 88.5% (1431.0 MB)
2025-08-28 22:02:47,686 - main - INFO - 🔄 OVERALL PROGRESS: 169.7% | File: stock_earning_call_transcripts.parquet | File Progress: 26.5%
2025-08-28 22:02:47,877 - main - INFO -  Download progress: 88.5% (1432.0 MB)
2025-08-28 22:02:47,877 - main - INFO - 🔄 OVERALL PROGRESS: 169.8% | File: stock_earning_call_transcripts.parquet | File Progress: 26.6%
2025-08-28 22:02:48,054 - main - INFO -  Download progress: 88.6% (1433.0 MB)
2025-08-28 22:02:48,054 - main - INFO - 🔄 OVERALL PROGRESS: 169.9% | File: stock_earning_call_transcripts.parquet | File Progress: 26.6%
2025-08-28 22:02:48,218 - main - INFO -  Download progress: 88.6% (1434.0 MB)
2025-08-28 22:02:48,218 - main - INFO - 🔄 OVERALL PROGRESS: 170.0% | File: stock_earning_call_transcripts.parquet | File Progress: 26.6%
2025-08-28 22:02:48,382 - main - INFO -  Download progress: 88.7% (1435.0 MB)
2025-08-28 22:02:48,382 - main - INFO - 🔄 OVERALL PROGRESS: 170.1% | File: stock_earning_call_transcripts.parquet | File Progress: 26.6%
2025-08-28 22:02:48,579 - main - INFO -  Download progress: 88.8% (1436.0 MB)
2025-08-28 22:02:48,580 - main - INFO - 🔄 OVERALL PROGRESS: 170.2% | File: stock_earning_call_transcripts.parquet | File Progress: 26.6%
2025-08-28 22:02:48,784 - main - INFO -  Download progress: 88.8% (1437.0 MB)
2025-08-28 22:02:48,785 - main - INFO - 🔄 OVERALL PROGRESS: 170.3% | File: stock_earning_call_transcripts.parquet | File Progress: 26.6%
2025-08-28 22:02:48,982 - main - INFO -  Download progress: 88.9% (1438.0 MB)
2025-08-28 22:02:48,982 - main - INFO - 🔄 OVERALL PROGRESS: 170.4% | File: stock_earning_call_transcripts.parquet | File Progress: 26.7%
2025-08-28 22:02:49,197 - main - INFO -  Download progress: 89.0% (1439.0 MB)
2025-08-28 22:02:49,197 - main - INFO - 🔄 OVERALL PROGRESS: 170.5% | File: stock_earning_call_transcripts.parquet | File Progress: 26.7%
2025-08-28 22:02:49,408 - main - INFO -  Download progress: 89.0% (1440.0 MB)
2025-08-28 22:02:49,408 - main - INFO - 🔄 OVERALL PROGRESS: 170.6% | File: stock_earning_call_transcripts.parquet | File Progress: 26.7%
2025-08-28 22:02:49,601 - main - INFO -  Download progress: 89.1% (1441.0 MB)
2025-08-28 22:02:49,601 - main - INFO - 🔄 OVERALL PROGRESS: 170.7% | File: stock_earning_call_transcripts.parquet | File Progress: 26.7%
2025-08-28 22:02:49,817 - main - INFO -  Download progress: 89.1% (1442.0 MB)
2025-08-28 22:02:49,817 - main - INFO - 🔄 OVERALL PROGRESS: 170.8% | File: stock_earning_call_transcripts.parquet | File Progress: 26.7%
2025-08-28 22:02:50,120 - main - INFO -  Download progress: 89.2% (1443.0 MB)
2025-08-28 22:02:50,120 - main - INFO - 🔄 OVERALL PROGRESS: 170.9% | File: stock_earning_call_transcripts.parquet | File Progress: 26.8%
2025-08-28 22:02:50,365 - main - INFO -  Download progress: 89.3% (1444.0 MB)
2025-08-28 22:02:50,365 - main - INFO - 🔄 OVERALL PROGRESS: 171.0% | File: stock_earning_call_transcripts.parquet | File Progress: 26.8%
2025-08-28 22:02:50,582 - main - INFO -  Download progress: 89.3% (1445.0 MB)
2025-08-28 22:02:50,582 - main - INFO - 🔄 OVERALL PROGRESS: 171.1% | File: stock_earning_call_transcripts.parquet | File Progress: 26.8%
2025-08-28 22:02:50,813 - main - INFO -  Download progress: 89.4% (1446.0 MB)
2025-08-28 22:02:50,814 - main - INFO - 🔄 OVERALL PROGRESS: 171.2% | File: stock_earning_call_transcripts.parquet | File Progress: 26.8%
2025-08-28 22:02:50,972 - main - INFO -  Download progress: 89.4% (1447.0 MB)
2025-08-28 22:02:50,973 - main - INFO - 🔄 OVERALL PROGRESS: 171.3% | File: stock_earning_call_transcripts.parquet | File Progress: 26.8%
2025-08-28 22:02:51,170 - main - INFO -  Download progress: 89.5% (1448.0 MB)
2025-08-28 22:02:51,170 - main - INFO - 🔄 OVERALL PROGRESS: 171.4% | File: stock_earning_call_transcripts.parquet | File Progress: 26.9%
2025-08-28 22:02:51,454 - main - INFO -  Download progress: 89.6% (1449.0 MB)
2025-08-28 22:02:51,455 - main - INFO - 🔄 OVERALL PROGRESS: 171.5% | File: stock_earning_call_transcripts.parquet | File Progress: 26.9%
2025-08-28 22:02:51,642 - main - INFO -  Download progress: 89.6% (1450.0 MB)
2025-08-28 22:02:51,642 - main - INFO - 🔄 OVERALL PROGRESS: 171.6% | File: stock_earning_call_transcripts.parquet | File Progress: 26.9%
2025-08-28 22:02:51,833 - main - INFO -  Download progress: 89.7% (1451.0 MB)
2025-08-28 22:02:51,833 - main - INFO - 🔄 OVERALL PROGRESS: 171.7% | File: stock_earning_call_transcripts.parquet | File Progress: 26.9%
2025-08-28 22:02:52,126 - main - INFO -  Download progress: 89.8% (1452.0 MB)
2025-08-28 22:02:52,126 - main - INFO - 🔄 OVERALL PROGRESS: 171.8% | File: stock_earning_call_transcripts.parquet | File Progress: 26.9%
2025-08-28 22:02:52,340 - main - INFO -  Download progress: 89.8% (1453.0 MB)
2025-08-28 22:02:52,340 - main - INFO - 🔄 OVERALL PROGRESS: 171.9% | File: stock_earning_call_transcripts.parquet | File Progress: 26.9%
2025-08-28 22:02:52,507 - main - INFO -  Download progress: 89.9% (1454.0 MB)
2025-08-28 22:02:52,508 - main - INFO - 🔄 OVERALL PROGRESS: 172.0% | File: stock_earning_call_transcripts.parquet | File Progress: 27.0%
2025-08-28 22:02:52,780 - main - INFO -  Download progress: 89.9% (1455.0 MB)
2025-08-28 22:02:52,780 - main - INFO - 🔄 OVERALL PROGRESS: 172.1% | File: stock_earning_call_transcripts.parquet | File Progress: 27.0%
2025-08-28 22:02:53,005 - main - INFO -  Download progress: 90.0% (1456.0 MB)
2025-08-28 22:02:53,005 - main - INFO - 🔄 OVERALL PROGRESS: 172.2% | File: stock_earning_call_transcripts.parquet | File Progress: 27.0%
2025-08-28 22:02:53,294 - main - INFO -  Download progress: 90.1% (1457.0 MB)
2025-08-28 22:02:53,294 - main - INFO - 🔄 OVERALL PROGRESS: 172.3% | File: stock_earning_call_transcripts.parquet | File Progress: 27.0%
2025-08-28 22:02:53,538 - main - INFO -  Download progress: 90.1% (1458.0 MB)
2025-08-28 22:02:53,539 - main - INFO - 🔄 OVERALL PROGRESS: 172.4% | File: stock_earning_call_transcripts.parquet | File Progress: 27.0%
2025-08-28 22:02:53,989 - main - INFO -  Download progress: 90.2% (1459.0 MB)
2025-08-28 22:02:53,989 - main - INFO - 🔄 OVERALL PROGRESS: 172.5% | File: stock_earning_call_transcripts.parquet | File Progress: 27.1%
2025-08-28 22:02:54,166 - main - INFO -  Download progress: 90.3% (1460.0 MB)
2025-08-28 22:02:54,166 - main - INFO - 🔄 OVERALL PROGRESS: 172.6% | File: stock_earning_call_transcripts.parquet | File Progress: 27.1%
2025-08-28 22:02:54,433 - main - INFO -  Download progress: 90.3% (1461.0 MB)
2025-08-28 22:02:54,434 - main - INFO - 🔄 OVERALL PROGRESS: 172.7% | File: stock_earning_call_transcripts.parquet | File Progress: 27.1%
2025-08-28 22:02:54,608 - main - INFO -  Download progress: 90.4% (1462.0 MB)
2025-08-28 22:02:54,609 - main - INFO - 🔄 OVERALL PROGRESS: 172.8% | File: stock_earning_call_transcripts.parquet | File Progress: 27.1%
2025-08-28 22:02:54,775 - main - INFO -  Download progress: 90.4% (1463.0 MB)
2025-08-28 22:02:54,775 - main - INFO - 🔄 OVERALL PROGRESS: 173.0% | File: stock_earning_call_transcripts.parquet | File Progress: 27.1%
2025-08-28 22:02:54,983 - main - INFO -  Download progress: 90.5% (1464.0 MB)
2025-08-28 22:02:54,983 - main - INFO - 🔄 OVERALL PROGRESS: 173.1% | File: stock_earning_call_transcripts.parquet | File Progress: 27.1%
2025-08-28 22:02:55,157 - main - INFO -  Download progress: 90.6% (1465.0 MB)
2025-08-28 22:02:55,158 - main - INFO - 🔄 OVERALL PROGRESS: 173.2% | File: stock_earning_call_transcripts.parquet | File Progress: 27.2%
2025-08-28 22:02:55,344 - main - INFO -  Download progress: 90.6% (1466.0 MB)
2025-08-28 22:02:55,345 - main - INFO - 🔄 OVERALL PROGRESS: 173.3% | File: stock_earning_call_transcripts.parquet | File Progress: 27.2%
2025-08-28 22:02:55,636 - main - INFO -  Download progress: 90.7% (1467.0 MB)
2025-08-28 22:02:55,637 - main - INFO - 🔄 OVERALL PROGRESS: 173.4% | File: stock_earning_call_transcripts.parquet | File Progress: 27.2%
2025-08-28 22:02:55,826 - main - INFO -  Download progress: 90.7% (1468.0 MB)
2025-08-28 22:02:55,826 - main - INFO - 🔄 OVERALL PROGRESS: 173.5% | File: stock_earning_call_transcripts.parquet | File Progress: 27.2%
2025-08-28 22:02:55,994 - main - INFO -  Download progress: 90.8% (1469.0 MB)
2025-08-28 22:02:55,995 - main - INFO - 🔄 OVERALL PROGRESS: 173.6% | File: stock_earning_call_transcripts.parquet | File Progress: 27.2%
2025-08-28 22:02:56,180 - main - INFO -  Download progress: 90.9% (1470.0 MB)
2025-08-28 22:02:56,180 - main - INFO - 🔄 OVERALL PROGRESS: 173.7% | File: stock_earning_call_transcripts.parquet | File Progress: 27.3%
2025-08-28 22:02:56,349 - main - INFO -  Download progress: 90.9% (1471.0 MB)
2025-08-28 22:02:56,349 - main - INFO - 🔄 OVERALL PROGRESS: 173.8% | File: stock_earning_call_transcripts.parquet | File Progress: 27.3%
2025-08-28 22:02:56,502 - main - INFO -  Download progress: 91.0% (1472.0 MB)
2025-08-28 22:02:56,502 - main - INFO - 🔄 OVERALL PROGRESS: 173.9% | File: stock_earning_call_transcripts.parquet | File Progress: 27.3%
2025-08-28 22:02:56,673 - main - INFO -  Download progress: 91.1% (1473.0 MB)
2025-08-28 22:02:56,674 - main - INFO - 🔄 OVERALL PROGRESS: 174.0% | File: stock_earning_call_transcripts.parquet | File Progress: 27.3%
2025-08-28 22:02:56,836 - main - INFO -  Download progress: 91.1% (1474.0 MB)
2025-08-28 22:02:56,836 - main - INFO - 🔄 OVERALL PROGRESS: 174.1% | File: stock_earning_call_transcripts.parquet | File Progress: 27.3%
2025-08-28 22:02:57,000 - main - INFO -  Download progress: 91.2% (1475.0 MB)
2025-08-28 22:02:57,001 - main - INFO - 🔄 OVERALL PROGRESS: 174.2% | File: stock_earning_call_transcripts.parquet | File Progress: 27.4%
2025-08-28 22:02:57,160 - main - INFO -  Download progress: 91.2% (1476.0 MB)
2025-08-28 22:02:57,161 - main - INFO - 🔄 OVERALL PROGRESS: 174.3% | File: stock_earning_call_transcripts.parquet | File Progress: 27.4%
2025-08-28 22:02:57,424 - main - INFO -  Download progress: 91.3% (1477.0 MB)
2025-08-28 22:02:57,424 - main - INFO - 🔄 OVERALL PROGRESS: 174.4% | File: stock_earning_call_transcripts.parquet | File Progress: 27.4%
2025-08-28 22:02:57,512 - main - INFO -  Download progress: 91.4% (1478.0 MB)
2025-08-28 22:02:57,512 - main - INFO - 🔄 OVERALL PROGRESS: 174.5% | File: stock_earning_call_transcripts.parquet | File Progress: 27.4%
2025-08-28 22:02:57,672 - main - INFO -  Download progress: 91.4% (1479.0 MB)
2025-08-28 22:02:57,673 - main - INFO - 🔄 OVERALL PROGRESS: 174.6% | File: stock_earning_call_transcripts.parquet | File Progress: 27.4%
2025-08-28 22:02:57,819 - main - INFO -  Download progress: 91.5% (1480.0 MB)
2025-08-28 22:02:57,819 - main - INFO - 🔄 OVERALL PROGRESS: 174.7% | File: stock_earning_call_transcripts.parquet | File Progress: 27.4%
2025-08-28 22:02:57,961 - main - INFO -  Download progress: 91.5% (1481.0 MB)
2025-08-28 22:02:57,961 - main - INFO - 🔄 OVERALL PROGRESS: 174.8% | File: stock_earning_call_transcripts.parquet | File Progress: 27.5%
2025-08-28 22:02:58,133 - main - INFO -  Download progress: 91.6% (1482.0 MB)
2025-08-28 22:02:58,133 - main - INFO - 🔄 OVERALL PROGRESS: 174.9% | File: stock_earning_call_transcripts.parquet | File Progress: 27.5%
2025-08-28 22:02:58,280 - main - INFO -  Download progress: 91.7% (1483.0 MB)
2025-08-28 22:02:58,280 - main - INFO - 🔄 OVERALL PROGRESS: 175.0% | File: stock_earning_call_transcripts.parquet | File Progress: 27.5%
2025-08-28 22:02:58,412 - main - INFO -  Download progress: 91.7% (1484.0 MB)
2025-08-28 22:02:58,412 - main - INFO - 🔄 OVERALL PROGRESS: 175.1% | File: stock_earning_call_transcripts.parquet | File Progress: 27.5%
2025-08-28 22:02:58,531 - main - INFO -  Download progress: 91.8% (1485.0 MB)
2025-08-28 22:02:58,531 - main - INFO - 🔄 OVERALL PROGRESS: 175.2% | File: stock_earning_call_transcripts.parquet | File Progress: 27.5%
2025-08-28 22:02:58,647 - main - INFO -  Download progress: 91.9% (1486.0 MB)
2025-08-28 22:02:58,648 - main - INFO - 🔄 OVERALL PROGRESS: 175.3% | File: stock_earning_call_transcripts.parquet | File Progress: 27.6%
2025-08-28 22:02:58,784 - main - INFO -  Download progress: 91.9% (1487.0 MB)
2025-08-28 22:02:58,784 - main - INFO - 🔄 OVERALL PROGRESS: 175.4% | File: stock_earning_call_transcripts.parquet | File Progress: 27.6%
2025-08-28 22:02:58,887 - main - INFO -  Download progress: 92.0% (1488.0 MB)
2025-08-28 22:02:58,888 - main - INFO - 🔄 OVERALL PROGRESS: 175.5% | File: stock_earning_call_transcripts.parquet | File Progress: 27.6%
2025-08-28 22:02:59,011 - main - INFO -  Download progress: 92.0% (1489.0 MB)
2025-08-28 22:02:59,011 - main - INFO - 🔄 OVERALL PROGRESS: 175.6% | File: stock_earning_call_transcripts.parquet | File Progress: 27.6%
2025-08-28 22:02:59,128 - main - INFO -  Download progress: 92.1% (1490.0 MB)
2025-08-28 22:02:59,128 - main - INFO - 🔄 OVERALL PROGRESS: 175.7% | File: stock_earning_call_transcripts.parquet | File Progress: 27.6%
2025-08-28 22:02:59,756 - main - INFO -  Download progress: 92.2% (1491.0 MB)
2025-08-28 22:02:59,756 - main - INFO - 🔄 OVERALL PROGRESS: 175.8% | File: stock_earning_call_transcripts.parquet | File Progress: 27.7%
2025-08-28 22:02:59,883 - main - INFO -  Download progress: 92.2% (1492.0 MB)
2025-08-28 22:02:59,883 - main - INFO - 🔄 OVERALL PROGRESS: 175.9% | File: stock_earning_call_transcripts.parquet | File Progress: 27.7%
2025-08-28 22:02:59,974 - main - INFO -  Download progress: 92.3% (1493.0 MB)
2025-08-28 22:02:59,974 - main - INFO - 🔄 OVERALL PROGRESS: 176.0% | File: stock_earning_call_transcripts.parquet | File Progress: 27.7%
2025-08-28 22:03:00,086 - main - INFO -  Download progress: 92.4% (1494.0 MB)
2025-08-28 22:03:00,086 - main - INFO - 🔄 OVERALL PROGRESS: 176.1% | File: stock_earning_call_transcripts.parquet | File Progress: 27.7%
2025-08-28 22:03:00,337 - main - INFO -  Download progress: 92.4% (1495.0 MB)
2025-08-28 22:03:00,337 - main - INFO - 🔄 OVERALL PROGRESS: 176.2% | File: stock_earning_call_transcripts.parquet | File Progress: 27.7%
2025-08-28 22:03:00,373 - main - INFO -  Download progress: 92.5% (1496.0 MB)
2025-08-28 22:03:00,374 - main - INFO - 🔄 OVERALL PROGRESS: 176.4% | File: stock_earning_call_transcripts.parquet | File Progress: 27.7%
2025-08-28 22:03:00,484 - main - INFO -  Download progress: 92.5% (1497.0 MB)
2025-08-28 22:03:00,484 - main - INFO - 🔄 OVERALL PROGRESS: 176.5% | File: stock_earning_call_transcripts.parquet | File Progress: 27.8%
2025-08-28 22:03:00,694 - main - INFO -  Download progress: 92.6% (1498.0 MB)
2025-08-28 22:03:00,694 - main - INFO - 🔄 OVERALL PROGRESS: 176.6% | File: stock_earning_call_transcripts.parquet | File Progress: 27.8%
2025-08-28 22:03:00,709 - main - INFO -  Download progress: 92.7% (1499.0 MB)
2025-08-28 22:03:00,709 - main - INFO - 🔄 OVERALL PROGRESS: 176.7% | File: stock_earning_call_transcripts.parquet | File Progress: 27.8%
2025-08-28 22:03:00,813 - main - INFO -  Download progress: 92.7% (1500.0 MB)
2025-08-28 22:03:00,813 - main - INFO - 🔄 OVERALL PROGRESS: 176.8% | File: stock_earning_call_transcripts.parquet | File Progress: 27.8%
2025-08-28 22:03:00,931 - main - INFO -  Download progress: 92.8% (1501.0 MB)
2025-08-28 22:03:00,932 - main - INFO - 🔄 OVERALL PROGRESS: 176.9% | File: stock_earning_call_transcripts.parquet | File Progress: 27.8%
2025-08-28 22:03:01,027 - main - INFO -  Download progress: 92.8% (1502.0 MB)
2025-08-28 22:03:01,027 - main - INFO - 🔄 OVERALL PROGRESS: 177.0% | File: stock_earning_call_transcripts.parquet | File Progress: 27.9%
2025-08-28 22:03:01,125 - main - INFO -  Download progress: 92.9% (1503.0 MB)
2025-08-28 22:03:01,126 - main - INFO - 🔄 OVERALL PROGRESS: 177.1% | File: stock_earning_call_transcripts.parquet | File Progress: 27.9%
2025-08-28 22:03:01,230 - main - INFO -  Download progress: 93.0% (1504.0 MB)
2025-08-28 22:03:01,230 - main - INFO - 🔄 OVERALL PROGRESS: 177.2% | File: stock_earning_call_transcripts.parquet | File Progress: 27.9%
2025-08-28 22:03:01,323 - main - INFO -  Download progress: 93.0% (1505.0 MB)
2025-08-28 22:03:01,324 - main - INFO - 🔄 OVERALL PROGRESS: 177.3% | File: stock_earning_call_transcripts.parquet | File Progress: 27.9%
2025-08-28 22:03:01,441 - main - INFO -  Download progress: 93.1% (1506.0 MB)
2025-08-28 22:03:01,441 - main - INFO - 🔄 OVERALL PROGRESS: 177.4% | File: stock_earning_call_transcripts.parquet | File Progress: 27.9%
2025-08-28 22:03:01,546 - main - INFO -  Download progress: 93.2% (1507.0 MB)
2025-08-28 22:03:01,547 - main - INFO - 🔄 OVERALL PROGRESS: 177.5% | File: stock_earning_call_transcripts.parquet | File Progress: 27.9%
2025-08-28 22:03:01,638 - main - INFO -  Download progress: 93.2% (1508.0 MB)
2025-08-28 22:03:01,638 - main - INFO - 🔄 OVERALL PROGRESS: 177.6% | File: stock_earning_call_transcripts.parquet | File Progress: 28.0%
2025-08-28 22:03:01,738 - main - INFO -  Download progress: 93.3% (1509.0 MB)
2025-08-28 22:03:01,738 - main - INFO - 🔄 OVERALL PROGRESS: 177.7% | File: stock_earning_call_transcripts.parquet | File Progress: 28.0%
2025-08-28 22:03:01,838 - main - INFO -  Download progress: 93.3% (1510.0 MB)
2025-08-28 22:03:01,839 - main - INFO - 🔄 OVERALL PROGRESS: 177.8% | File: stock_earning_call_transcripts.parquet | File Progress: 28.0%
2025-08-28 22:03:01,946 - main - INFO -  Download progress: 93.4% (1511.0 MB)
2025-08-28 22:03:01,947 - main - INFO - 🔄 OVERALL PROGRESS: 177.9% | File: stock_earning_call_transcripts.parquet | File Progress: 28.0%
2025-08-28 22:03:02,058 - main - INFO -  Download progress: 93.5% (1512.0 MB)
2025-08-28 22:03:02,059 - main - INFO - 🔄 OVERALL PROGRESS: 178.0% | File: stock_earning_call_transcripts.parquet | File Progress: 28.0%
2025-08-28 22:03:02,155 - main - INFO -  Download progress: 93.5% (1513.0 MB)
2025-08-28 22:03:02,156 - main - INFO - 🔄 OVERALL PROGRESS: 178.1% | File: stock_earning_call_transcripts.parquet | File Progress: 28.1%
2025-08-28 22:03:02,258 - main - INFO -  Download progress: 93.6% (1514.0 MB)
2025-08-28 22:03:02,259 - main - INFO - 🔄 OVERALL PROGRESS: 178.2% | File: stock_earning_call_transcripts.parquet | File Progress: 28.1%
2025-08-28 22:03:02,411 - main - INFO -  Download progress: 93.7% (1515.0 MB)
2025-08-28 22:03:02,411 - main - INFO - 🔄 OVERALL PROGRESS: 178.3% | File: stock_earning_call_transcripts.parquet | File Progress: 28.1%
2025-08-28 22:03:02,656 - main - INFO -  Download progress: 93.7% (1516.0 MB)
2025-08-28 22:03:02,657 - main - INFO - 🔄 OVERALL PROGRESS: 178.4% | File: stock_earning_call_transcripts.parquet | File Progress: 28.1%
2025-08-28 22:03:03,114 - main - INFO -  Download progress: 93.8% (1517.0 MB)
2025-08-28 22:03:03,114 - main - INFO - 🔄 OVERALL PROGRESS: 178.5% | File: stock_earning_call_transcripts.parquet | File Progress: 28.1%
2025-08-28 22:03:03,641 - main - INFO -  Download progress: 93.8% (1518.0 MB)
2025-08-28 22:03:03,641 - main - INFO - 🔄 OVERALL PROGRESS: 178.6% | File: stock_earning_call_transcripts.parquet | File Progress: 28.2%
2025-08-28 22:03:04,026 - main - INFO -  Download progress: 93.9% (1519.0 MB)
2025-08-28 22:03:04,026 - main - INFO - 🔄 OVERALL PROGRESS: 178.7% | File: stock_earning_call_transcripts.parquet | File Progress: 28.2%
2025-08-28 22:03:04,292 - main - INFO -  Download progress: 94.0% (1520.0 MB)
2025-08-28 22:03:04,292 - main - INFO - 🔄 OVERALL PROGRESS: 178.8% | File: stock_earning_call_transcripts.parquet | File Progress: 28.2%
2025-08-28 22:03:04,545 - main - INFO -  Download progress: 94.0% (1521.0 MB)
2025-08-28 22:03:04,545 - main - INFO - 🔄 OVERALL PROGRESS: 178.9% | File: stock_earning_call_transcripts.parquet | File Progress: 28.2%
2025-08-28 22:03:04,731 - main - INFO -  Download progress: 94.1% (1522.0 MB)
2025-08-28 22:03:04,731 - main - INFO - 🔄 OVERALL PROGRESS: 179.0% | File: stock_earning_call_transcripts.parquet | File Progress: 28.2%
2025-08-28 22:03:04,891 - main - INFO -  Download progress: 94.1% (1523.0 MB)
2025-08-28 22:03:04,891 - main - INFO - 🔄 OVERALL PROGRESS: 179.1% | File: stock_earning_call_transcripts.parquet | File Progress: 28.2%
2025-08-28 22:03:05,046 - main - INFO -  Download progress: 94.2% (1524.0 MB)
2025-08-28 22:03:05,046 - main - INFO - 🔄 OVERALL PROGRESS: 179.2% | File: stock_earning_call_transcripts.parquet | File Progress: 28.3%
2025-08-28 22:03:05,215 - main - INFO -  Download progress: 94.3% (1525.0 MB)
2025-08-28 22:03:05,216 - main - INFO - 🔄 OVERALL PROGRESS: 179.3% | File: stock_earning_call_transcripts.parquet | File Progress: 28.3%
2025-08-28 22:03:05,379 - main - INFO -  Download progress: 94.3% (1526.0 MB)
2025-08-28 22:03:05,379 - main - INFO - 🔄 OVERALL PROGRESS: 179.4% | File: stock_earning_call_transcripts.parquet | File Progress: 28.3%
2025-08-28 22:03:05,568 - main - INFO -  Download progress: 94.4% (1527.0 MB)
2025-08-28 22:03:05,569 - main - INFO - 🔄 OVERALL PROGRESS: 179.5% | File: stock_earning_call_transcripts.parquet | File Progress: 28.3%
2025-08-28 22:03:05,729 - main - INFO -  Download progress: 94.5% (1528.0 MB)
2025-08-28 22:03:05,729 - main - INFO - 🔄 OVERALL PROGRESS: 179.6% | File: stock_earning_call_transcripts.parquet | File Progress: 28.3%
2025-08-28 22:03:05,939 - main - INFO -  Download progress: 94.5% (1529.0 MB)
2025-08-28 22:03:05,939 - main - INFO - 🔄 OVERALL PROGRESS: 179.8% | File: stock_earning_call_transcripts.parquet | File Progress: 28.4%
2025-08-28 22:03:06,116 - main - INFO -  Download progress: 94.6% (1530.0 MB)
2025-08-28 22:03:06,117 - main - INFO - 🔄 OVERALL PROGRESS: 179.9% | File: stock_earning_call_transcripts.parquet | File Progress: 28.4%
2025-08-28 22:03:06,318 - main - INFO -  Download progress: 94.6% (1531.0 MB)
2025-08-28 22:03:06,319 - main - INFO - 🔄 OVERALL PROGRESS: 180.0% | File: stock_earning_call_transcripts.parquet | File Progress: 28.4%
2025-08-28 22:03:06,489 - main - INFO -  Download progress: 94.7% (1532.0 MB)
2025-08-28 22:03:06,489 - main - INFO - 🔄 OVERALL PROGRESS: 180.1% | File: stock_earning_call_transcripts.parquet | File Progress: 28.4%
2025-08-28 22:03:06,710 - main - INFO -  Download progress: 94.8% (1533.0 MB)
2025-08-28 22:03:06,711 - main - INFO - 🔄 OVERALL PROGRESS: 180.2% | File: stock_earning_call_transcripts.parquet | File Progress: 28.4%
2025-08-28 22:03:06,871 - main - INFO -  Download progress: 94.8% (1534.0 MB)
2025-08-28 22:03:06,872 - main - INFO - 🔄 OVERALL PROGRESS: 180.3% | File: stock_earning_call_transcripts.parquet | File Progress: 28.4%
2025-08-28 22:03:07,039 - main - INFO -  Download progress: 94.9% (1535.0 MB)
2025-08-28 22:03:07,044 - main - INFO - 🔄 OVERALL PROGRESS: 180.4% | File: stock_earning_call_transcripts.parquet | File Progress: 28.5%
2025-08-28 22:03:07,232 - main - INFO -  Download progress: 94.9% (1536.0 MB)
2025-08-28 22:03:07,233 - main - INFO - 🔄 OVERALL PROGRESS: 180.5% | File: stock_earning_call_transcripts.parquet | File Progress: 28.5%
2025-08-28 22:03:07,423 - main - INFO -  Download progress: 95.0% (1537.0 MB)
2025-08-28 22:03:07,424 - main - INFO - 🔄 OVERALL PROGRESS: 180.6% | File: stock_earning_call_transcripts.parquet | File Progress: 28.5%
2025-08-28 22:03:07,631 - main - INFO -  Download progress: 95.1% (1538.0 MB)
2025-08-28 22:03:07,631 - main - INFO - 🔄 OVERALL PROGRESS: 180.7% | File: stock_earning_call_transcripts.parquet | File Progress: 28.5%
2025-08-28 22:03:07,805 - main - INFO -  Download progress: 95.1% (1539.0 MB)
2025-08-28 22:03:07,806 - main - INFO - 🔄 OVERALL PROGRESS: 180.8% | File: stock_earning_call_transcripts.parquet | File Progress: 28.5%
2025-08-28 22:03:07,965 - main - INFO -  Download progress: 95.2% (1540.0 MB)
2025-08-28 22:03:07,965 - main - INFO - 🔄 OVERALL PROGRESS: 180.9% | File: stock_earning_call_transcripts.parquet | File Progress: 28.6%
2025-08-28 22:03:08,137 - main - INFO -  Download progress: 95.3% (1541.0 MB)
2025-08-28 22:03:08,137 - main - INFO - 🔄 OVERALL PROGRESS: 181.0% | File: stock_earning_call_transcripts.parquet | File Progress: 28.6%
2025-08-28 22:03:08,319 - main - INFO -  Download progress: 95.3% (1542.0 MB)
2025-08-28 22:03:08,319 - main - INFO - 🔄 OVERALL PROGRESS: 181.1% | File: stock_earning_call_transcripts.parquet | File Progress: 28.6%
2025-08-28 22:03:08,741 - main - INFO -  Download progress: 95.4% (1543.0 MB)
2025-08-28 22:03:08,741 - main - INFO - 🔄 OVERALL PROGRESS: 181.2% | File: stock_earning_call_transcripts.parquet | File Progress: 28.6%
2025-08-28 22:03:08,990 - main - INFO -  Download progress: 95.4% (1544.0 MB)
2025-08-28 22:03:08,991 - main - INFO - 🔄 OVERALL PROGRESS: 181.3% | File: stock_earning_call_transcripts.parquet | File Progress: 28.6%
2025-08-28 22:03:09,120 - main - INFO -  Download progress: 95.5% (1545.0 MB)
2025-08-28 22:03:09,120 - main - INFO - 🔄 OVERALL PROGRESS: 181.4% | File: stock_earning_call_transcripts.parquet | File Progress: 28.7%
2025-08-28 22:03:09,299 - main - INFO -  Download progress: 95.6% (1546.0 MB)
2025-08-28 22:03:09,299 - main - INFO - 🔄 OVERALL PROGRESS: 181.5% | File: stock_earning_call_transcripts.parquet | File Progress: 28.7%
2025-08-28 22:03:09,490 - main - INFO -  Download progress: 95.6% (1547.0 MB)
2025-08-28 22:03:09,491 - main - INFO - 🔄 OVERALL PROGRESS: 181.6% | File: stock_earning_call_transcripts.parquet | File Progress: 28.7%
2025-08-28 22:03:09,684 - main - INFO -  Download progress: 95.7% (1548.0 MB)
2025-08-28 22:03:09,685 - main - INFO - 🔄 OVERALL PROGRESS: 181.7% | File: stock_earning_call_transcripts.parquet | File Progress: 28.7%
2025-08-28 22:03:09,882 - main - INFO -  Download progress: 95.8% (1549.0 MB)
2025-08-28 22:03:09,882 - main - INFO - 🔄 OVERALL PROGRESS: 181.8% | File: stock_earning_call_transcripts.parquet | File Progress: 28.7%
2025-08-28 22:03:10,057 - main - INFO -  Download progress: 95.8% (1550.0 MB)
2025-08-28 22:03:10,057 - main - INFO - 🔄 OVERALL PROGRESS: 181.9% | File: stock_earning_call_transcripts.parquet | File Progress: 28.7%
2025-08-28 22:03:10,251 - main - INFO -  Download progress: 95.9% (1551.0 MB)
2025-08-28 22:03:10,251 - main - INFO - 🔄 OVERALL PROGRESS: 182.0% | File: stock_earning_call_transcripts.parquet | File Progress: 28.8%
2025-08-28 22:03:10,456 - main - INFO -  Download progress: 95.9% (1552.0 MB)
2025-08-28 22:03:10,457 - main - INFO - 🔄 OVERALL PROGRESS: 182.1% | File: stock_earning_call_transcripts.parquet | File Progress: 28.8%
2025-08-28 22:03:10,647 - main - INFO -  Download progress: 96.0% (1553.0 MB)
2025-08-28 22:03:10,647 - main - INFO - 🔄 OVERALL PROGRESS: 182.2% | File: stock_earning_call_transcripts.parquet | File Progress: 28.8%
2025-08-28 22:03:10,831 - main - INFO -  Download progress: 96.1% (1554.0 MB)
2025-08-28 22:03:10,831 - main - INFO - 🔄 OVERALL PROGRESS: 182.3% | File: stock_earning_call_transcripts.parquet | File Progress: 28.8%
2025-08-28 22:03:11,064 - main - INFO -  Download progress: 96.1% (1555.0 MB)
2025-08-28 22:03:11,064 - main - INFO - 🔄 OVERALL PROGRESS: 182.4% | File: stock_earning_call_transcripts.parquet | File Progress: 28.8%
2025-08-28 22:03:11,273 - main - INFO -  Download progress: 96.2% (1556.0 MB)
2025-08-28 22:03:11,273 - main - INFO - 🔄 OVERALL PROGRESS: 182.5% | File: stock_earning_call_transcripts.parquet | File Progress: 28.9%
2025-08-28 22:03:11,444 - main - INFO -  Download progress: 96.2% (1557.0 MB)
2025-08-28 22:03:11,444 - main - INFO - 🔄 OVERALL PROGRESS: 182.6% | File: stock_earning_call_transcripts.parquet | File Progress: 28.9%
2025-08-28 22:03:11,660 - main - INFO -  Download progress: 96.3% (1558.0 MB)
2025-08-28 22:03:11,661 - main - INFO - 🔄 OVERALL PROGRESS: 182.7% | File: stock_earning_call_transcripts.parquet | File Progress: 28.9%
2025-08-28 22:03:11,905 - main - INFO -  Download progress: 96.4% (1559.0 MB)
2025-08-28 22:03:11,905 - main - INFO - 🔄 OVERALL PROGRESS: 182.8% | File: stock_earning_call_transcripts.parquet | File Progress: 28.9%
2025-08-28 22:03:12,086 - main - INFO -  Download progress: 96.4% (1560.0 MB)
2025-08-28 22:03:12,087 - main - INFO - 🔄 OVERALL PROGRESS: 182.9% | File: stock_earning_call_transcripts.parquet | File Progress: 28.9%
2025-08-28 22:03:12,299 - main - INFO -  Download progress: 96.5% (1561.0 MB)
2025-08-28 22:03:12,299 - main - INFO - 🔄 OVERALL PROGRESS: 183.0% | File: stock_earning_call_transcripts.parquet | File Progress: 28.9%
2025-08-28 22:03:12,491 - main - INFO -  Download progress: 96.6% (1562.0 MB)
2025-08-28 22:03:12,492 - main - INFO - 🔄 OVERALL PROGRESS: 183.2% | File: stock_earning_call_transcripts.parquet | File Progress: 29.0%
2025-08-28 22:03:12,726 - main - INFO -  Download progress: 96.6% (1563.0 MB)
2025-08-28 22:03:12,727 - main - INFO - 🔄 OVERALL PROGRESS: 183.3% | File: stock_earning_call_transcripts.parquet | File Progress: 29.0%
2025-08-28 22:03:12,904 - main - INFO -  Download progress: 96.7% (1564.0 MB)
2025-08-28 22:03:12,904 - main - INFO - 🔄 OVERALL PROGRESS: 183.4% | File: stock_earning_call_transcripts.parquet | File Progress: 29.0%
2025-08-28 22:03:13,097 - main - INFO -  Download progress: 96.7% (1565.0 MB)
2025-08-28 22:03:13,098 - main - INFO - 🔄 OVERALL PROGRESS: 183.5% | File: stock_earning_call_transcripts.parquet | File Progress: 29.0%
2025-08-28 22:03:13,314 - main - INFO -  Download progress: 96.8% (1566.0 MB)
2025-08-28 22:03:13,315 - main - INFO - 🔄 OVERALL PROGRESS: 183.6% | File: stock_earning_call_transcripts.parquet | File Progress: 29.0%
2025-08-28 22:03:13,551 - main - INFO -  Download progress: 96.9% (1567.0 MB)
2025-08-28 22:03:13,551 - main - INFO - 🔄 OVERALL PROGRESS: 183.7% | File: stock_earning_call_transcripts.parquet | File Progress: 29.1%
2025-08-28 22:03:13,754 - main - INFO -  Download progress: 96.9% (1568.0 MB)
2025-08-28 22:03:13,754 - main - INFO - 🔄 OVERALL PROGRESS: 183.8% | File: stock_earning_call_transcripts.parquet | File Progress: 29.1%
2025-08-28 22:03:13,956 - main - INFO -  Download progress: 97.0% (1569.0 MB)
2025-08-28 22:03:13,957 - main - INFO - 🔄 OVERALL PROGRESS: 183.9% | File: stock_earning_call_transcripts.parquet | File Progress: 29.1%
2025-08-28 22:03:14,138 - main - INFO -  Download progress: 97.1% (1570.0 MB)
2025-08-28 22:03:14,139 - main - INFO - 🔄 OVERALL PROGRESS: 184.0% | File: stock_earning_call_transcripts.parquet | File Progress: 29.1%
2025-08-28 22:03:14,339 - main - INFO -  Download progress: 97.1% (1571.0 MB)
2025-08-28 22:03:14,339 - main - INFO - 🔄 OVERALL PROGRESS: 184.1% | File: stock_earning_call_transcripts.parquet | File Progress: 29.1%
2025-08-28 22:03:14,625 - main - INFO -  Download progress: 97.2% (1572.0 MB)
2025-08-28 22:03:14,625 - main - INFO - 🔄 OVERALL PROGRESS: 184.2% | File: stock_earning_call_transcripts.parquet | File Progress: 29.2%
2025-08-28 22:03:14,806 - main - INFO -  Download progress: 97.2% (1573.0 MB)
2025-08-28 22:03:14,806 - main - INFO - 🔄 OVERALL PROGRESS: 184.3% | File: stock_earning_call_transcripts.parquet | File Progress: 29.2%
2025-08-28 22:03:15,012 - main - INFO -  Download progress: 97.3% (1574.0 MB)
2025-08-28 22:03:15,013 - main - INFO - 🔄 OVERALL PROGRESS: 184.4% | File: stock_earning_call_transcripts.parquet | File Progress: 29.2%
2025-08-28 22:03:15,185 - main - INFO -  Download progress: 97.4% (1575.0 MB)
2025-08-28 22:03:15,186 - main - INFO - 🔄 OVERALL PROGRESS: 184.5% | File: stock_earning_call_transcripts.parquet | File Progress: 29.2%
2025-08-28 22:03:15,372 - main - INFO -  Download progress: 97.4% (1576.0 MB)
2025-08-28 22:03:15,372 - main - INFO - 🔄 OVERALL PROGRESS: 184.6% | File: stock_earning_call_transcripts.parquet | File Progress: 29.2%
2025-08-28 22:03:15,592 - main - INFO -  Download progress: 97.5% (1577.0 MB)
2025-08-28 22:03:15,593 - main - INFO - 🔄 OVERALL PROGRESS: 184.7% | File: stock_earning_call_transcripts.parquet | File Progress: 29.2%
2025-08-28 22:03:15,824 - main - INFO -  Download progress: 97.5% (1578.0 MB)
2025-08-28 22:03:15,824 - main - INFO - 🔄 OVERALL PROGRESS: 184.8% | File: stock_earning_call_transcripts.parquet | File Progress: 29.3%
2025-08-28 22:03:16,071 - main - INFO -  Download progress: 97.6% (1579.0 MB)
2025-08-28 22:03:16,071 - main - INFO - 🔄 OVERALL PROGRESS: 184.9% | File: stock_earning_call_transcripts.parquet | File Progress: 29.3%
2025-08-28 22:03:16,364 - main - INFO -  Download progress: 97.7% (1580.0 MB)
2025-08-28 22:03:16,365 - main - INFO - 🔄 OVERALL PROGRESS: 185.0% | File: stock_earning_call_transcripts.parquet | File Progress: 29.3%
2025-08-28 22:03:16,666 - main - INFO -  Download progress: 97.7% (1581.0 MB)
2025-08-28 22:03:16,667 - main - INFO - 🔄 OVERALL PROGRESS: 185.1% | File: stock_earning_call_transcripts.parquet | File Progress: 29.3%
2025-08-28 22:03:16,858 - main - INFO -  Download progress: 97.8% (1582.0 MB)
2025-08-28 22:03:16,859 - main - INFO - 🔄 OVERALL PROGRESS: 185.2% | File: stock_earning_call_transcripts.parquet | File Progress: 29.3%
2025-08-28 22:03:17,082 - main - INFO -  Download progress: 97.9% (1583.0 MB)
2025-08-28 22:03:17,082 - main - INFO - 🔄 OVERALL PROGRESS: 185.3% | File: stock_earning_call_transcripts.parquet | File Progress: 29.4%
2025-08-28 22:03:17,274 - main - INFO -  Download progress: 97.9% (1584.0 MB)
2025-08-28 22:03:17,274 - main - INFO - 🔄 OVERALL PROGRESS: 185.4% | File: stock_earning_call_transcripts.parquet | File Progress: 29.4%
2025-08-28 22:03:17,490 - main - INFO -  Download progress: 98.0% (1585.0 MB)
2025-08-28 22:03:17,491 - main - INFO - 🔄 OVERALL PROGRESS: 185.5% | File: stock_earning_call_transcripts.parquet | File Progress: 29.4%
2025-08-28 22:03:17,761 - main - INFO -  Download progress: 98.0% (1586.0 MB)
2025-08-28 22:03:17,762 - main - INFO - 🔄 OVERALL PROGRESS: 185.6% | File: stock_earning_call_transcripts.parquet | File Progress: 29.4%
2025-08-28 22:03:18,065 - main - INFO -  Download progress: 98.1% (1587.0 MB)
2025-08-28 22:03:18,066 - main - INFO - 🔄 OVERALL PROGRESS: 185.7% | File: stock_earning_call_transcripts.parquet | File Progress: 29.4%
2025-08-28 22:03:18,383 - main - INFO -  Download progress: 98.2% (1588.0 MB)
2025-08-28 22:03:18,384 - main - INFO - 🔄 OVERALL PROGRESS: 185.8% | File: stock_earning_call_transcripts.parquet | File Progress: 29.4%
2025-08-28 22:03:18,658 - main - INFO -  Download progress: 98.2% (1589.0 MB)
2025-08-28 22:03:18,658 - main - INFO - 🔄 OVERALL PROGRESS: 185.9% | File: stock_earning_call_transcripts.parquet | File Progress: 29.5%
2025-08-28 22:03:19,175 - main - INFO -  Download progress: 98.3% (1590.0 MB)
2025-08-28 22:03:19,176 - main - INFO - 🔄 OVERALL PROGRESS: 186.0% | File: stock_earning_call_transcripts.parquet | File Progress: 29.5%
2025-08-28 22:03:19,483 - main - INFO -  Download progress: 98.3% (1591.0 MB)
2025-08-28 22:03:19,483 - main - INFO - 🔄 OVERALL PROGRESS: 186.1% | File: stock_earning_call_transcripts.parquet | File Progress: 29.5%
2025-08-28 22:03:19,726 - main - INFO -  Download progress: 98.4% (1592.0 MB)
2025-08-28 22:03:19,727 - main - INFO - 🔄 OVERALL PROGRESS: 186.2% | File: stock_earning_call_transcripts.parquet | File Progress: 29.5%
2025-08-28 22:03:20,018 - main - INFO -  Download progress: 98.5% (1593.0 MB)
2025-08-28 22:03:20,018 - main - INFO - 🔄 OVERALL PROGRESS: 186.3% | File: stock_earning_call_transcripts.parquet | File Progress: 29.5%
2025-08-28 22:03:20,283 - main - INFO -  Download progress: 98.5% (1594.0 MB)
2025-08-28 22:03:20,283 - main - INFO - 🔄 OVERALL PROGRESS: 186.4% | File: stock_earning_call_transcripts.parquet | File Progress: 29.6%
2025-08-28 22:03:20,562 - main - INFO -  Download progress: 98.6% (1595.0 MB)
2025-08-28 22:03:20,562 - main - INFO - 🔄 OVERALL PROGRESS: 186.6% | File: stock_earning_call_transcripts.parquet | File Progress: 29.6%
2025-08-28 22:03:20,805 - main - INFO -  Download progress: 98.7% (1596.0 MB)
2025-08-28 22:03:20,806 - main - INFO - 🔄 OVERALL PROGRESS: 186.7% | File: stock_earning_call_transcripts.parquet | File Progress: 29.6%
2025-08-28 22:03:21,122 - main - INFO -  Download progress: 98.7% (1597.0 MB)
2025-08-28 22:03:21,122 - main - INFO - 🔄 OVERALL PROGRESS: 186.8% | File: stock_earning_call_transcripts.parquet | File Progress: 29.6%
2025-08-28 22:03:21,463 - main - INFO -  Download progress: 98.8% (1598.0 MB)
2025-08-28 22:03:21,463 - main - INFO - 🔄 OVERALL PROGRESS: 186.9% | File: stock_earning_call_transcripts.parquet | File Progress: 29.6%
2025-08-28 22:03:21,720 - main - INFO -  Download progress: 98.8% (1599.0 MB)
2025-08-28 22:03:21,720 - main - INFO - 🔄 OVERALL PROGRESS: 187.0% | File: stock_earning_call_transcripts.parquet | File Progress: 29.7%
2025-08-28 22:03:21,966 - main - INFO -  Download progress: 98.9% (1600.0 MB)
2025-08-28 22:03:21,966 - main - INFO - 🔄 OVERALL PROGRESS: 187.1% | File: stock_earning_call_transcripts.parquet | File Progress: 29.7%
2025-08-28 22:03:22,212 - main - INFO -  Download progress: 99.0% (1601.0 MB)
2025-08-28 22:03:22,212 - main - INFO - 🔄 OVERALL PROGRESS: 187.2% | File: stock_earning_call_transcripts.parquet | File Progress: 29.7%
2025-08-28 22:03:22,510 - main - INFO -  Download progress: 99.0% (1602.0 MB)
2025-08-28 22:03:22,511 - main - INFO - 🔄 OVERALL PROGRESS: 187.3% | File: stock_earning_call_transcripts.parquet | File Progress: 29.7%
2025-08-28 22:03:22,754 - main - INFO -  Download progress: 99.1% (1603.0 MB)
2025-08-28 22:03:22,755 - main - INFO - 🔄 OVERALL PROGRESS: 187.4% | File: stock_earning_call_transcripts.parquet | File Progress: 29.7%
2025-08-28 22:03:23,015 - main - INFO -  Download progress: 99.2% (1604.0 MB)
2025-08-28 22:03:23,016 - main - INFO - 🔄 OVERALL PROGRESS: 187.5% | File: stock_earning_call_transcripts.parquet | File Progress: 29.7%
2025-08-28 22:03:23,205 - main - INFO -  Download progress: 99.2% (1605.0 MB)
2025-08-28 22:03:23,206 - main - INFO - 🔄 OVERALL PROGRESS: 187.6% | File: stock_earning_call_transcripts.parquet | File Progress: 29.8%
2025-08-28 22:03:23,428 - main - INFO -  Download progress: 99.3% (1606.0 MB)
2025-08-28 22:03:23,428 - main - INFO - 🔄 OVERALL PROGRESS: 187.7% | File: stock_earning_call_transcripts.parquet | File Progress: 29.8%
2025-08-28 22:03:23,588 - main - INFO -  Download progress: 99.3% (1607.0 MB)
2025-08-28 22:03:23,588 - main - INFO - 🔄 OVERALL PROGRESS: 187.8% | File: stock_earning_call_transcripts.parquet | File Progress: 29.8%
2025-08-28 22:03:23,793 - main - INFO -  Download progress: 99.4% (1608.0 MB)
2025-08-28 22:03:23,793 - main - INFO - 🔄 OVERALL PROGRESS: 187.9% | File: stock_earning_call_transcripts.parquet | File Progress: 29.8%
2025-08-28 22:03:23,956 - main - INFO -  Download progress: 99.5% (1609.0 MB)
2025-08-28 22:03:23,957 - main - INFO - 🔄 OVERALL PROGRESS: 188.0% | File: stock_earning_call_transcripts.parquet | File Progress: 29.8%
2025-08-28 22:03:24,104 - main - INFO -  Download progress: 99.5% (1610.0 MB)
2025-08-28 22:03:24,104 - main - INFO - 🔄 OVERALL PROGRESS: 188.1% | File: stock_earning_call_transcripts.parquet | File Progress: 29.9%
2025-08-28 22:03:24,227 - main - INFO -  Download progress: 99.6% (1611.0 MB)
2025-08-28 22:03:24,227 - main - INFO - 🔄 OVERALL PROGRESS: 188.2% | File: stock_earning_call_transcripts.parquet | File Progress: 29.9%
2025-08-28 22:03:24,383 - main - INFO -  Download progress: 99.6% (1612.0 MB)
2025-08-28 22:03:24,383 - main - INFO - 🔄 OVERALL PROGRESS: 188.3% | File: stock_earning_call_transcripts.parquet | File Progress: 29.9%
2025-08-28 22:03:24,574 - main - INFO -  Download progress: 99.7% (1613.0 MB)
2025-08-28 22:03:24,575 - main - INFO - 🔄 OVERALL PROGRESS: 188.4% | File: stock_earning_call_transcripts.parquet | File Progress: 29.9%
2025-08-28 22:03:24,737 - main - INFO -  Download progress: 99.8% (1614.0 MB)
2025-08-28 22:03:24,738 - main - INFO - 🔄 OVERALL PROGRESS: 188.5% | File: stock_earning_call_transcripts.parquet | File Progress: 29.9%
2025-08-28 22:03:24,863 - main - INFO -  Download progress: 99.8% (1615.0 MB)
2025-08-28 22:03:24,864 - main - INFO - 🔄 OVERALL PROGRESS: 188.6% | File: stock_earning_call_transcripts.parquet | File Progress: 29.9%
2025-08-28 22:03:25,019 - main - INFO -  Download progress: 99.9% (1616.0 MB)
2025-08-28 22:03:25,019 - main - INFO - 🔄 OVERALL PROGRESS: 188.7% | File: stock_earning_call_transcripts.parquet | File Progress: 30.0%
2025-08-28 22:03:25,151 - main - INFO -  Download progress: 100.0% (1617.0 MB)
2025-08-28 22:03:25,151 - main - INFO - 🔄 OVERALL PROGRESS: 188.8% | File: stock_earning_call_transcripts.parquet | File Progress: 30.0%
2025-08-28 22:03:25,280 - main - INFO - ✅ Download completed: 1617.70 MB
2025-08-28 22:03:25,280 - main - INFO - 🔄 OVERALL PROGRESS: 188.9% | File: stock_earning_call_transcripts.parquet | File Progress: 30.0%
2025-08-28 22:03:25,285 - main - INFO - ✅ Successfully downloaded stock_earning_call_transcripts.parquet (1617.70 MB)
2025-08-28 22:03:25,285 - main - INFO - ️ Processing table: stock_earning_call_transcripts
2025-08-28 22:03:25,285 - main - INFO - 🔄 Starting parallel processing: stock_earning_call_transcripts.parquet
2025-08-28 22:03:25,285 - main - INFO - 📊 File size: 1617.70 MB
2025-08-28 22:04:50,368 - main - INFO -  Total rows: 170,178, Total columns: 6
2025-08-28 22:04:50,373 - main - INFO - 🔧 Large file detected, using chunk size: 10000
2025-08-28 22:04:50,374 - main - INFO - 🔧 Will process in 18 chunks of ~10000 rows each
2025-08-28 22:04:50,374 - main - INFO - 🚀 Starting parallel processing with 3 workers
2025-08-28 22:04:50,382 - main - INFO -  Processing chunk 1/18: rows 0 to 10,000
2025-08-28 22:04:50,383 - main - INFO -  Processing chunk 2/18: rows 10,000 to 20,000
2025-08-28 22:04:50,386 - main - INFO -  Processing chunk 3/18: rows 20,000 to 30,000
2025-08-28 22:06:14,479 - main - INFO - Connecting to database: localhost:5432/yahoo
2025-08-28 22:06:14,549 - main - INFO - Database engine created successfully
2025-08-28 22:06:42,547 - main - INFO - Database engine disposed
2025-08-28 22:06:43,181 - main - INFO - Connecting to database: localhost:5432/yahoo
2025-08-28 22:06:43,199 - main - INFO - Database engine created successfully
2025-08-28 22:06:44,314 - main - INFO - Database engine disposed
2025-08-28 22:06:44,967 - main - INFO - Connecting to database: localhost:5432/yahoo
2025-08-28 22:06:44,985 - main - INFO - Database engine created successfully
2025-08-28 22:08:03,215 - main - INFO - Database engine disposed
2025-08-28 16:58:34,146 - main - INFO - Connecting to database: postgres:5432/yahoo
2025-08-28 16:58:34,162 - main - INFO - Database engine created successfully
2025-08-28 16:58:38,730 - main - INFO - Health check requested
2025-08-28 16:58:38,743 - main - ERROR - Health check failed: Not an executable object: 'SELECT 1'
2025-08-28 16:59:08,822 - main - INFO - Health check requested
2025-08-28 16:59:08,825 - main - ERROR - Health check failed: Not an executable object: 'SELECT 1'
2025-08-28 16:59:38,906 - main - INFO - Health check requested
2025-08-28 16:59:38,909 - main - ERROR - Health check failed: Not an executable object: 'SELECT 1'
2025-08-28 17:00:08,986 - main - INFO - Health check requested
2025-08-28 17:00:08,988 - main - ERROR - Health check failed: Not an executable object: 'SELECT 1'
2025-08-28 17:00:16,856 - main - INFO - Health check requested
2025-08-28 17:00:16,857 - main - ERROR - Health check failed: Not an executable object: 'SELECT 1'
2025-08-28 17:00:39,088 - main - INFO - Health check requested
2025-08-28 17:00:39,089 - main - ERROR - Health check failed: Not an executable object: 'SELECT 1'
2025-08-28 17:00:41,922 - main - INFO - 🚀 Starting chunked parquet loading process with parallel processing
2025-08-28 17:00:41,923 - main - INFO - Fetching parquet files list from HuggingFace API
2025-08-28 17:00:42,955 - main - INFO - Successfully fetched 18 files from API
2025-08-28 17:00:42,955 - main - INFO - Found 18 parquet files: ['daily_treasury_yield.parquet', 'exchange_rate.parquet', 'stock_dividend_events.parquet', 'stock_earning_calendar.parquet', 'stock_earning_call_transcripts.parquet', 'stock_earning_estimates.parquet', 'stock_historical_eps.parquet', 'stock_news.parquet', 'stock_officers.parquet', 'stock_prices.parquet', 'stock_profile.parquet', 'stock_revenue_breakdown.parquet', 'stock_revenue_estimates.parquet', 'stock_shares_outstanding.parquet', 'stock_split_events.parquet', 'stock_statement.parquet', 'stock_summary.parquet', 'stock_tailing_eps.parquet']
2025-08-28 17:00:42,957 - main - INFO - 📊 Processing 18 files with chunked download and parallel processing
2025-08-28 17:00:42,958 - main - INFO -  Processing file 1/18: daily_treasury_yield.parquet
2025-08-28 17:00:42,958 - main - INFO - 📥 Starting chunked download: daily_treasury_yield.parquet
2025-08-28 17:00:43,729 - main - INFO - 📊 File size: 0.13 MB
2025-08-28 17:00:44,425 - main - INFO - ✅ Download completed: 0.13 MB
2025-08-28 17:00:44,425 - main - INFO - 🔄 OVERALL PROGRESS: 166.7% | File: daily_treasury_yield.parquet | File Progress: 30.0%
2025-08-28 17:00:44,433 - main - INFO - ✅ Successfully downloaded daily_treasury_yield.parquet (0.13 MB)
2025-08-28 17:00:44,436 - main - INFO - ️ Processing table: daily_treasury_yield
2025-08-28 17:00:44,437 - main - INFO - 🔄 Starting parallel processing: daily_treasury_yield.parquet
2025-08-28 17:00:44,438 - main - INFO - 📊 File size: 0.13 MB
2025-08-28 17:00:44,501 - main - INFO -  Total rows: 8,918, Total columns: 12
2025-08-28 17:00:44,501 - main - INFO - 🔧 Using default chunk size: 10000
2025-08-28 17:00:44,502 - main - INFO - 🔧 Will process in 1 chunks of ~10000 rows each
2025-08-28 17:00:44,502 - main - INFO - 🚀 Starting parallel processing with 3 workers
2025-08-28 17:00:44,503 - main - INFO -  Processing chunk 1/1: rows 0 to 8,918
2025-08-28 17:00:44,520 - main - INFO - 📊 Loaded chunk with 8,918 rows
2025-08-28 17:00:44,726 - main - INFO - 🗄️ Created table daily_treasury_yield with 8,918 rows
2025-08-28 17:00:44,726 - main - INFO - 🔄 OVERALL PROGRESS: 555.6% | File: daily_treasury_yield.parquet | File Progress: 100.0%
2025-08-28 17:00:44,727 - main - INFO - ✅ Chunk 1/1 completed: 8,918 rows
2025-08-28 17:00:44,727 - main - INFO - ✅ Completed parallel processing: 8,918 total rows inserted
2025-08-28 17:00:44,727 - main - INFO - 🔄 OVERALL PROGRESS: 555.6% | File: daily_treasury_yield.parquet | File Progress: 100.0%
2025-08-28 17:00:44,728 - main - INFO - 🧹 Cleaned up temporary file: /tmp/daily_treasury_yield.parquet
2025-08-28 17:00:44,728 - main - INFO -  Processing file 2/18: exchange_rate.parquet
2025-08-28 17:00:44,729 - main - INFO - 📥 Starting chunked download: exchange_rate.parquet
2025-08-28 17:00:45,274 - main - INFO - 📊 File size: 1.76 MB
2025-08-28 17:00:45,909 - main - INFO -  Download progress: 56.9% (1.0 MB)
2025-08-28 17:00:45,910 - main - INFO - 🔄 OVERALL PROGRESS: 100.4% | File: exchange_rate.parquet | File Progress: 17.1%
2025-08-28 17:00:45,988 - main - INFO - ✅ Download completed: 1.76 MB
2025-08-28 17:00:45,988 - main - INFO - 🔄 OVERALL PROGRESS: 172.2% | File: exchange_rate.parquet | File Progress: 30.0%
2025-08-28 17:00:45,990 - main - INFO - ✅ Successfully downloaded exchange_rate.parquet (1.76 MB)
2025-08-28 17:00:45,991 - main - INFO - ️ Processing table: exchange_rate
2025-08-28 17:00:45,991 - main - INFO - 🔄 Starting parallel processing: exchange_rate.parquet
2025-08-28 17:00:45,991 - main - INFO - 📊 File size: 1.76 MB
2025-08-28 17:00:46,132 - main - INFO -  Total rows: 231,031, Total columns: 6
2025-08-28 17:00:46,133 - main - INFO - 🔧 Using default chunk size: 10000
2025-08-28 17:00:46,133 - main - INFO - 🔧 Will process in 24 chunks of ~10000 rows each
2025-08-28 17:00:46,133 - main - INFO - 🚀 Starting parallel processing with 3 workers
2025-08-28 17:00:46,133 - main - INFO -  Processing chunk 1/24: rows 0 to 10,000
2025-08-28 17:00:46,133 - main - INFO -  Processing chunk 2/24: rows 10,000 to 20,000
2025-08-28 17:00:46,134 - main - INFO -  Processing chunk 3/24: rows 20,000 to 30,000
2025-08-28 17:00:46,537 - main - INFO - 📊 Loaded chunk with 10,000 rows
2025-08-28 17:00:46,569 - main - INFO - 📊 Loaded chunk with 10,000 rows
2025-08-28 17:00:46,571 - main - INFO - 📊 Loaded chunk with 10,000 rows
2025-08-28 17:00:46,716 - main - INFO - ➕ Appended 10,000 rows to table exchange_rate
2025-08-28 17:00:46,716 - main - INFO - 🔄 OVERALL PROGRESS: 204.6% | File: exchange_rate.parquet | File Progress: 35.8%
2025-08-28 17:00:46,735 - main - INFO -  Processing chunk 4/24: rows 30,000 to 40,000
2025-08-28 17:00:46,735 - main - ERROR - ❌ Error processing chunk 3: (psycopg2.errors.UniqueViolation) duplicate key value violates unique constraint "pg_type_typname_nsp_index"
DETAIL:  Key (typname, typnamespace)=(exchange_rate, 2200) already exists.

[SQL: 
CREATE TABLE exchange_rate (
	symbol TEXT, 
	report_date TEXT, 
	open TEXT, 
	close TEXT, 
	high TEXT, 
	low TEXT
)

]
(Background on this error at: https://sqlalche.me/e/20/gkpj)
2025-08-28 17:00:46,735 - main - INFO - ✅ Chunk 2/24 completed: 10,000 rows
2025-08-28 17:00:46,735 - main - ERROR - ❌ Error processing chunk 1: (psycopg2.errors.UniqueViolation) duplicate key value violates unique constraint "pg_type_typname_nsp_index"
DETAIL:  Key (typname, typnamespace)=(exchange_rate, 2200) already exists.

[SQL: 
CREATE TABLE exchange_rate (
	symbol TEXT, 
	report_date TEXT, 
	open TEXT, 
	close TEXT, 
	high TEXT, 
	low TEXT
)

]
(Background on this error at: https://sqlalche.me/e/20/gkpj)
2025-08-28 17:00:46,736 - main - INFO -  Processing chunk 5/24: rows 40,000 to 50,000
2025-08-28 17:00:46,736 - main - ERROR - ❌ Chunk 3/24 failed: (psycopg2.errors.UniqueViolation) duplicate key value violates unique constraint "pg_type_typname_nsp_index"
DETAIL:  Key (typname, typnamespace)=(exchange_rate, 2200) already exists.

[SQL: 
CREATE TABLE exchange_rate (
	symbol TEXT, 
	report_date TEXT, 
	open TEXT, 
	close TEXT, 
	high TEXT, 
	low TEXT
)

]
(Background on this error at: https://sqlalche.me/e/20/gkpj)
2025-08-28 17:00:46,737 - main - ERROR - ❌ Chunk 1/24 failed: (psycopg2.errors.UniqueViolation) duplicate key value violates unique constraint "pg_type_typname_nsp_index"
DETAIL:  Key (typname, typnamespace)=(exchange_rate, 2200) already exists.

[SQL: 
CREATE TABLE exchange_rate (
	symbol TEXT, 
	report_date TEXT, 
	open TEXT, 
	close TEXT, 
	high TEXT, 
	low TEXT
)

]
(Background on this error at: https://sqlalche.me/e/20/gkpj)
2025-08-28 17:00:46,737 - main - INFO -  Processing chunk 6/24: rows 50,000 to 60,000
2025-08-28 17:00:47,087 - main - INFO - 📊 Loaded chunk with 10,000 rows
2025-08-28 17:00:47,153 - main - INFO - 📊 Loaded chunk with 10,000 rows
2025-08-28 17:00:47,153 - main - INFO - 📊 Loaded chunk with 10,000 rows
2025-08-28 17:00:47,392 - main - INFO - ➕ Appended 10,000 rows to table exchange_rate
2025-08-28 17:00:47,393 - main - INFO - ➕ Appended 10,000 rows to table exchange_rate
2025-08-28 17:00:47,393 - main - INFO - 🔄 OVERALL PROGRESS: 253.2% | File: exchange_rate.parquet | File Progress: 44.6%
2025-08-28 17:00:47,405 - main - INFO - 🔄 OVERALL PROGRESS: 269.4% | File: exchange_rate.parquet | File Progress: 47.5%
2025-08-28 17:00:47,410 - main - INFO -  Processing chunk 7/24: rows 60,000 to 70,000
2025-08-28 17:00:47,435 - main - INFO - ✅ Chunk 5/24 completed: 10,000 rows
2025-08-28 17:00:47,435 - main - INFO -  Processing chunk 8/24: rows 70,000 to 80,000
2025-08-28 17:00:47,436 - main - INFO - ✅ Chunk 6/24 completed: 10,000 rows
2025-08-28 17:00:47,477 - main - INFO - ➕ Appended 10,000 rows to table exchange_rate
2025-08-28 17:00:47,506 - main - INFO - 🔄 OVERALL PROGRESS: 237.0% | File: exchange_rate.parquet | File Progress: 41.7%
2025-08-28 17:00:47,586 - main - INFO -  Processing chunk 9/24: rows 80,000 to 90,000
2025-08-28 17:00:47,586 - main - INFO - 📊 Loaded chunk with 10,000 rows
2025-08-28 17:00:47,587 - main - INFO - ✅ Chunk 4/24 completed: 10,000 rows
2025-08-28 17:00:47,729 - main - INFO - 📊 Loaded chunk with 10,000 rows
2025-08-28 17:00:47,924 - main - INFO - 📊 Loaded chunk with 10,000 rows
2025-08-28 17:00:48,010 - main - INFO - ➕ Appended 10,000 rows to table exchange_rate
2025-08-28 17:00:48,015 - main - INFO - 🔄 OVERALL PROGRESS: 301.9% | File: exchange_rate.parquet | File Progress: 53.3%
2025-08-28 17:00:48,023 - main - INFO -  Processing chunk 10/24: rows 90,000 to 100,000
2025-08-28 17:00:48,023 - main - INFO - ➕ Appended 10,000 rows to table exchange_rate
2025-08-28 17:00:48,023 - main - INFO - ✅ Chunk 8/24 completed: 10,000 rows
2025-08-28 17:00:48,023 - main - INFO - 🔄 OVERALL PROGRESS: 285.6% | File: exchange_rate.parquet | File Progress: 50.4%
2025-08-28 17:00:48,036 - main - INFO -  Processing chunk 11/24: rows 100,000 to 110,000
2025-08-28 17:00:48,041 - main - INFO - ✅ Chunk 7/24 completed: 10,000 rows
2025-08-28 17:00:48,182 - main - INFO - 📊 Loaded chunk with 10,000 rows
2025-08-28 17:00:48,332 - main - INFO - 📊 Loaded chunk with 10,000 rows
2025-08-28 17:00:48,335 - main - INFO - ➕ Appended 10,000 rows to table exchange_rate
2025-08-28 17:00:48,335 - main - INFO - 🔄 OVERALL PROGRESS: 318.1% | File: exchange_rate.parquet | File Progress: 56.2%
2025-08-28 17:00:48,346 - main - INFO -  Processing chunk 12/24: rows 110,000 to 120,000
2025-08-28 17:00:48,347 - main - INFO - ✅ Chunk 9/24 completed: 10,000 rows
2025-08-28 17:00:48,533 - main - INFO - ➕ Appended 10,000 rows to table exchange_rate
2025-08-28 17:00:48,571 - main - INFO - 🔄 OVERALL PROGRESS: 334.3% | File: exchange_rate.parquet | File Progress: 59.2%
2025-08-28 17:00:48,572 - main - INFO - 📊 Loaded chunk with 10,000 rows
2025-08-28 17:00:48,582 - main - INFO -  Processing chunk 13/24: rows 120,000 to 130,000
2025-08-28 17:00:48,582 - main - INFO - ✅ Chunk 10/24 completed: 10,000 rows
2025-08-28 17:00:48,599 - main - INFO - ➕ Appended 10,000 rows to table exchange_rate
2025-08-28 17:00:48,606 - main - INFO - 🔄 OVERALL PROGRESS: 350.5% | File: exchange_rate.parquet | File Progress: 62.1%
2025-08-28 17:00:48,613 - main - INFO -  Processing chunk 14/24: rows 130,000 to 140,000
2025-08-28 17:00:48,618 - main - INFO - ✅ Chunk 11/24 completed: 10,000 rows
2025-08-28 17:00:48,754 - main - INFO - 📊 Loaded chunk with 10,000 rows
2025-08-28 17:00:48,876 - main - INFO - 📊 Loaded chunk with 10,000 rows
2025-08-28 17:00:48,980 - main - INFO - ➕ Appended 10,000 rows to table exchange_rate
2025-08-28 17:00:48,990 - main - INFO - 🔄 OVERALL PROGRESS: 366.7% | File: exchange_rate.parquet | File Progress: 65.0%
2025-08-28 17:00:49,000 - main - INFO -  Processing chunk 15/24: rows 140,000 to 150,000
2025-08-28 17:00:49,005 - main - INFO - ✅ Chunk 12/24 completed: 10,000 rows
2025-08-28 17:00:49,059 - main - INFO - ➕ Appended 10,000 rows to table exchange_rate
2025-08-28 17:00:49,060 - main - INFO - 🔄 OVERALL PROGRESS: 399.1% | File: exchange_rate.parquet | File Progress: 70.8%
2025-08-28 17:00:49,060 - main - INFO - ➕ Appended 10,000 rows to table exchange_rate
2025-08-28 17:00:49,067 - main - INFO -  Processing chunk 16/24: rows 150,000 to 160,000
2025-08-28 17:00:49,067 - main - INFO - ✅ Chunk 14/24 completed: 10,000 rows
2025-08-28 17:00:49,067 - main - INFO - 🔄 OVERALL PROGRESS: 382.9% | File: exchange_rate.parquet | File Progress: 67.9%
2025-08-28 17:00:49,188 - main - INFO - 📊 Loaded chunk with 10,000 rows
2025-08-28 17:00:49,193 - main - INFO -  Processing chunk 17/24: rows 160,000 to 170,000
2025-08-28 17:00:49,194 - main - INFO - ✅ Chunk 13/24 completed: 10,000 rows
2025-08-28 17:00:49,457 - main - INFO - 📊 Loaded chunk with 10,000 rows
2025-08-28 17:00:49,499 - main - INFO - 📊 Loaded chunk with 10,000 rows
2025-08-28 17:00:49,566 - main - INFO - ➕ Appended 10,000 rows to table exchange_rate
2025-08-28 17:00:49,572 - main - INFO - 🔄 OVERALL PROGRESS: 415.3% | File: exchange_rate.parquet | File Progress: 73.8%
2025-08-28 17:00:49,596 - main - INFO -  Processing chunk 18/24: rows 170,000 to 180,000
2025-08-28 17:00:49,601 - main - INFO - ✅ Chunk 15/24 completed: 10,000 rows
2025-08-28 17:00:49,758 - main - INFO - ➕ Appended 10,000 rows to table exchange_rate
2025-08-28 17:00:49,789 - main - INFO - 🔄 OVERALL PROGRESS: 431.5% | File: exchange_rate.parquet | File Progress: 76.7%
2025-08-28 17:00:49,790 - main - INFO - ➕ Appended 10,000 rows to table exchange_rate
2025-08-28 17:00:49,796 - main - INFO - 🔄 OVERALL PROGRESS: 447.7% | File: exchange_rate.parquet | File Progress: 79.6%
2025-08-28 17:00:49,795 - main - INFO -  Processing chunk 19/24: rows 180,000 to 190,000
2025-08-28 17:00:49,795 - main - INFO - ✅ Chunk 16/24 completed: 10,000 rows
2025-08-28 17:00:49,790 - main - INFO - 📊 Loaded chunk with 10,000 rows
2025-08-28 17:00:49,813 - main - INFO -  Processing chunk 20/24: rows 190,000 to 200,000
2025-08-28 17:00:49,813 - main - INFO - ✅ Chunk 17/24 completed: 10,000 rows
2025-08-28 17:00:50,057 - main - INFO - 📊 Loaded chunk with 10,000 rows
2025-08-28 17:00:50,116 - main - INFO - 📊 Loaded chunk with 10,000 rows
2025-08-28 17:00:50,186 - main - INFO - ➕ Appended 10,000 rows to table exchange_rate
2025-08-28 17:00:50,191 - main - INFO - 🔄 OVERALL PROGRESS: 463.9% | File: exchange_rate.parquet | File Progress: 82.5%
2025-08-28 17:00:50,211 - main - INFO -  Processing chunk 21/24: rows 200,000 to 210,000
2025-08-28 17:00:50,216 - main - INFO - ✅ Chunk 18/24 completed: 10,000 rows
2025-08-28 17:00:50,356 - main - INFO - ➕ Appended 10,000 rows to table exchange_rate
2025-08-28 17:00:50,385 - main - INFO - 🔄 OVERALL PROGRESS: 480.1% | File: exchange_rate.parquet | File Progress: 85.4%
2025-08-28 17:00:50,399 - main - INFO -  Processing chunk 22/24: rows 210,000 to 220,000
2025-08-28 17:00:50,399 - main - INFO - ✅ Chunk 19/24 completed: 10,000 rows
2025-08-28 17:00:50,400 - main - INFO - 📊 Loaded chunk with 10,000 rows
2025-08-28 17:00:50,400 - main - INFO - ➕ Appended 10,000 rows to table exchange_rate
2025-08-28 17:00:50,401 - main - INFO - 🔄 OVERALL PROGRESS: 496.3% | File: exchange_rate.parquet | File Progress: 88.3%
2025-08-28 17:00:50,409 - main - INFO -  Processing chunk 23/24: rows 220,000 to 230,000
2025-08-28 17:00:50,418 - main - INFO - ✅ Chunk 20/24 completed: 10,000 rows
2025-08-28 17:00:50,703 - main - INFO - 📊 Loaded chunk with 10,000 rows
2025-08-28 17:00:50,709 - main - INFO - 📊 Loaded chunk with 10,000 rows
2025-08-28 17:00:50,790 - main - INFO - ➕ Appended 10,000 rows to table exchange_rate
2025-08-28 17:00:50,805 - main - INFO - 🔄 OVERALL PROGRESS: 512.5% | File: exchange_rate.parquet | File Progress: 91.2%
2025-08-28 17:00:50,826 - main - INFO -  Processing chunk 24/24: rows 230,000 to 231,031
2025-08-28 17:00:50,826 - main - INFO - ✅ Chunk 21/24 completed: 10,000 rows
2025-08-28 17:00:50,918 - main - INFO - ➕ Appended 10,000 rows to table exchange_rate
2025-08-28 17:00:50,949 - main - INFO - 🔄 OVERALL PROGRESS: 528.7% | File: exchange_rate.parquet | File Progress: 94.2%
2025-08-28 17:00:51,015 - main - INFO - ➕ Appended 10,000 rows to table exchange_rate
2025-08-28 17:00:51,015 - main - INFO - ✅ Chunk 22/24 completed: 10,000 rows
2025-08-28 17:00:51,015 - main - INFO - 📊 Loaded chunk with 1,031 rows
2025-08-28 17:00:51,015 - main - INFO - 🔄 OVERALL PROGRESS: 544.9% | File: exchange_rate.parquet | File Progress: 97.1%
2025-08-28 17:00:51,023 - main - INFO - ✅ Chunk 23/24 completed: 10,000 rows
2025-08-28 17:00:51,034 - main - INFO - ➕ Appended 1,031 rows to table exchange_rate
2025-08-28 17:00:51,035 - main - INFO - 🔄 OVERALL PROGRESS: 561.1% | File: exchange_rate.parquet | File Progress: 100.0%
2025-08-28 17:00:51,041 - main - INFO - ✅ Chunk 24/24 completed: 1,031 rows
2025-08-28 17:00:51,041 - main - INFO - ✅ Completed parallel processing: 211,031 total rows inserted
2025-08-28 17:00:51,041 - main - INFO - 🔄 OVERALL PROGRESS: 561.1% | File: exchange_rate.parquet | File Progress: 100.0%
2025-08-28 17:00:51,059 - main - INFO - 🧹 Cleaned up temporary file: /tmp/exchange_rate.parquet
2025-08-28 17:00:51,059 - main - INFO -  Processing file 3/18: stock_dividend_events.parquet
2025-08-28 17:00:51,059 - main - INFO - 📥 Starting chunked download: stock_dividend_events.parquet
2025-08-28 17:00:51,490 - main - INFO - 📊 File size: 0.51 MB
2025-08-28 17:00:52,059 - main - INFO - ✅ Download completed: 0.51 MB
2025-08-28 17:00:52,060 - main - INFO - 🔄 OVERALL PROGRESS: 177.8% | File: stock_dividend_events.parquet | File Progress: 30.0%
2025-08-28 17:00:52,066 - main - INFO - ✅ Successfully downloaded stock_dividend_events.parquet (0.51 MB)
2025-08-28 17:00:52,068 - main - INFO - ️ Processing table: stock_dividend_events
2025-08-28 17:00:52,068 - main - INFO - 🔄 Starting parallel processing: stock_dividend_events.parquet
2025-08-28 17:00:52,069 - main - INFO - 📊 File size: 0.51 MB
2025-08-28 17:00:52,131 - main - INFO -  Total rows: 260,553, Total columns: 3
2025-08-28 17:00:52,132 - main - INFO - 🔧 Using default chunk size: 10000
2025-08-28 17:00:52,132 - main - INFO - 🔧 Will process in 27 chunks of ~10000 rows each
2025-08-28 17:00:52,132 - main - INFO - 🚀 Starting parallel processing with 3 workers
2025-08-28 17:00:52,132 - main - INFO -  Processing chunk 1/27: rows 0 to 10,000
2025-08-28 17:00:52,132 - main - INFO -  Processing chunk 2/27: rows 10,000 to 20,000
2025-08-28 17:00:52,132 - main - INFO -  Processing chunk 3/27: rows 20,000 to 30,000
2025-08-28 17:00:52,177 - main - INFO - 📊 Loaded chunk with 10,000 rows
2025-08-28 17:00:52,252 - main - INFO - 📊 Loaded chunk with 10,000 rows
2025-08-28 17:00:52,258 - main - INFO - 📊 Loaded chunk with 10,000 rows
2025-08-28 17:00:52,294 - main - INFO - ➕ Appended 10,000 rows to table stock_dividend_events
2025-08-28 17:00:52,294 - main - INFO - 🔄 OVERALL PROGRESS: 221.0% | File: stock_dividend_events.parquet | File Progress: 37.8%
2025-08-28 17:00:52,294 - main - ERROR - ❌ Error processing chunk 2: (psycopg2.errors.UniqueViolation) duplicate key value violates unique constraint "pg_type_typname_nsp_index"
DETAIL:  Key (typname, typnamespace)=(stock_dividend_events, 2200) already exists.

[SQL: 
CREATE TABLE stock_dividend_events (
	symbol TEXT, 
	report_date TEXT, 
	amount TEXT
)

]
(Background on this error at: https://sqlalche.me/e/20/gkpj)
2025-08-28 17:00:52,294 - main - ERROR - ❌ Error processing chunk 1: (psycopg2.errors.UniqueViolation) duplicate key value violates unique constraint "pg_type_typname_nsp_index"
DETAIL:  Key (typname, typnamespace)=(stock_dividend_events, 2200) already exists.

[SQL: 
CREATE TABLE stock_dividend_events (
	symbol TEXT, 
	report_date TEXT, 
	amount TEXT
)

]
(Background on this error at: https://sqlalche.me/e/20/gkpj)
2025-08-28 17:00:52,297 - main - INFO -  Processing chunk 4/27: rows 30,000 to 40,000
2025-08-28 17:00:52,297 - main - INFO - ✅ Chunk 3/27 completed: 10,000 rows
2025-08-28 17:00:52,297 - main - INFO -  Processing chunk 5/27: rows 40,000 to 50,000
2025-08-28 17:00:52,297 - main - INFO -  Processing chunk 6/27: rows 50,000 to 60,000
2025-08-28 17:00:52,298 - main - ERROR - ❌ Chunk 2/27 failed: (psycopg2.errors.UniqueViolation) duplicate key value violates unique constraint "pg_type_typname_nsp_index"
DETAIL:  Key (typname, typnamespace)=(stock_dividend_events, 2200) already exists.

[SQL: 
CREATE TABLE stock_dividend_events (
	symbol TEXT, 
	report_date TEXT, 
	amount TEXT
)

]
(Background on this error at: https://sqlalche.me/e/20/gkpj)
2025-08-28 17:00:52,298 - main - ERROR - ❌ Chunk 1/27 failed: (psycopg2.errors.UniqueViolation) duplicate key value violates unique constraint "pg_type_typname_nsp_index"
DETAIL:  Key (typname, typnamespace)=(stock_dividend_events, 2200) already exists.

[SQL: 
CREATE TABLE stock_dividend_events (
	symbol TEXT, 
	report_date TEXT, 
	amount TEXT
)

]
(Background on this error at: https://sqlalche.me/e/20/gkpj)
2025-08-28 17:00:52,380 - main - INFO - 📊 Loaded chunk with 10,000 rows
2025-08-28 17:00:52,414 - main - INFO - 📊 Loaded chunk with 10,000 rows
2025-08-28 17:00:52,415 - main - INFO - 📊 Loaded chunk with 10,000 rows
2025-08-28 17:00:52,544 - main - INFO - ➕ Appended 10,000 rows to table stock_dividend_events
2025-08-28 17:00:52,544 - main - INFO - 🔄 OVERALL PROGRESS: 235.4% | File: stock_dividend_events.parquet | File Progress: 40.4%
2025-08-28 17:00:52,544 - main - INFO - ➕ Appended 10,000 rows to table stock_dividend_events
2025-08-28 17:00:52,547 - main - INFO - 🔄 OVERALL PROGRESS: 264.2% | File: stock_dividend_events.parquet | File Progress: 45.6%
2025-08-28 17:00:52,547 - main - INFO - ➕ Appended 10,000 rows to table stock_dividend_events
2025-08-28 17:00:52,547 - main - INFO - ✅ Chunk 4/27 completed: 10,000 rows
2025-08-28 17:00:52,547 - main - INFO -  Processing chunk 7/27: rows 60,000 to 70,000
2025-08-28 17:00:52,550 - main - INFO -  Processing chunk 8/27: rows 70,000 to 80,000
2025-08-28 17:00:52,551 - main - INFO - 🔄 OVERALL PROGRESS: 249.8% | File: stock_dividend_events.parquet | File Progress: 43.0%
2025-08-28 17:00:52,551 - main - INFO - ✅ Chunk 6/27 completed: 10,000 rows
2025-08-28 17:00:52,554 - main - INFO -  Processing chunk 9/27: rows 80,000 to 90,000
2025-08-28 17:00:52,554 - main - INFO - ✅ Chunk 5/27 completed: 10,000 rows
2025-08-28 17:00:52,631 - main - INFO - 📊 Loaded chunk with 10,000 rows
2025-08-28 17:00:52,688 - main - INFO - 📊 Loaded chunk with 10,000 rows
2025-08-28 17:00:52,695 - main - INFO - 📊 Loaded chunk with 10,000 rows
2025-08-28 17:00:52,780 - main - INFO - ➕ Appended 10,000 rows to table stock_dividend_events
2025-08-28 17:00:52,782 - main - INFO - 🔄 OVERALL PROGRESS: 293.0% | File: stock_dividend_events.parquet | File Progress: 50.7%
2025-08-28 17:00:52,785 - main - INFO -  Processing chunk 10/27: rows 90,000 to 100,000
2025-08-28 17:00:52,785 - main - INFO - ➕ Appended 10,000 rows to table stock_dividend_events
2025-08-28 17:00:52,786 - main - INFO - ✅ Chunk 8/27 completed: 10,000 rows
2025-08-28 17:00:52,788 - main - INFO - 🔄 OVERALL PROGRESS: 278.6% | File: stock_dividend_events.parquet | File Progress: 48.1%
2025-08-28 17:00:52,791 - main - INFO -  Processing chunk 11/27: rows 100,000 to 110,000
2025-08-28 17:00:52,792 - main - INFO - ✅ Chunk 7/27 completed: 10,000 rows
2025-08-28 17:00:52,792 - main - INFO - ➕ Appended 10,000 rows to table stock_dividend_events
2025-08-28 17:00:52,793 - main - INFO - 🔄 OVERALL PROGRESS: 307.4% | File: stock_dividend_events.parquet | File Progress: 53.3%
2025-08-28 17:00:52,796 - main - INFO -  Processing chunk 12/27: rows 110,000 to 120,000
2025-08-28 17:00:52,796 - main - INFO - ✅ Chunk 9/27 completed: 10,000 rows
2025-08-28 17:00:52,838 - main - INFO - 📊 Loaded chunk with 10,000 rows
2025-08-28 17:00:52,904 - main - INFO - 📊 Loaded chunk with 10,000 rows
2025-08-28 17:00:52,924 - main - INFO - 📊 Loaded chunk with 10,000 rows
2025-08-28 17:00:53,017 - main - INFO - ➕ Appended 10,000 rows to table stock_dividend_events
2025-08-28 17:00:53,018 - main - INFO - 🔄 OVERALL PROGRESS: 350.6% | File: stock_dividend_events.parquet | File Progress: 61.1%
2025-08-28 17:00:53,021 - main - INFO -  Processing chunk 13/27: rows 120,000 to 130,000
2025-08-28 17:00:53,021 - main - INFO - ➕ Appended 10,000 rows to table stock_dividend_events
2025-08-28 17:00:53,021 - main - INFO - ✅ Chunk 12/27 completed: 10,000 rows
2025-08-28 17:00:53,023 - main - INFO - 🔄 OVERALL PROGRESS: 321.8% | File: stock_dividend_events.parquet | File Progress: 55.9%
2025-08-28 17:00:53,026 - main - INFO -  Processing chunk 14/27: rows 130,000 to 140,000
2025-08-28 17:00:53,027 - main - INFO - ✅ Chunk 10/27 completed: 10,000 rows
2025-08-28 17:00:53,028 - main - INFO - ➕ Appended 10,000 rows to table stock_dividend_events
2025-08-28 17:00:53,028 - main - INFO - 🔄 OVERALL PROGRESS: 336.2% | File: stock_dividend_events.parquet | File Progress: 58.5%
2025-08-28 17:00:53,031 - main - INFO -  Processing chunk 15/27: rows 140,000 to 150,000
2025-08-28 17:00:53,031 - main - INFO - ✅ Chunk 11/27 completed: 10,000 rows
2025-08-28 17:00:53,075 - main - INFO - 📊 Loaded chunk with 10,000 rows
2025-08-28 17:00:53,166 - main - INFO - 📊 Loaded chunk with 10,000 rows
2025-08-28 17:00:53,167 - main - INFO - 📊 Loaded chunk with 10,000 rows
2025-08-28 17:00:53,252 - main - INFO - ➕ Appended 10,000 rows to table stock_dividend_events
2025-08-28 17:00:53,254 - main - INFO - 🔄 OVERALL PROGRESS: 379.4% | File: stock_dividend_events.parquet | File Progress: 66.3%
2025-08-28 17:00:53,259 - main - INFO -  Processing chunk 16/27: rows 150,000 to 160,000
2025-08-28 17:00:53,260 - main - INFO - ✅ Chunk 14/27 completed: 10,000 rows
2025-08-28 17:00:53,262 - main - INFO - ➕ Appended 10,000 rows to table stock_dividend_events
2025-08-28 17:00:53,263 - main - INFO - 🔄 OVERALL PROGRESS: 393.8% | File: stock_dividend_events.parquet | File Progress: 68.9%
2025-08-28 17:00:53,267 - main - INFO -  Processing chunk 17/27: rows 160,000 to 170,000
2025-08-28 17:00:53,268 - main - INFO - ✅ Chunk 15/27 completed: 10,000 rows
2025-08-28 17:00:53,268 - main - INFO - ➕ Appended 10,000 rows to table stock_dividend_events
2025-08-28 17:00:53,268 - main - INFO - 🔄 OVERALL PROGRESS: 365.0% | File: stock_dividend_events.parquet | File Progress: 63.7%
2025-08-28 17:00:53,274 - main - INFO -  Processing chunk 18/27: rows 170,000 to 180,000
2025-08-28 17:00:53,274 - main - INFO - ✅ Chunk 13/27 completed: 10,000 rows
2025-08-28 17:00:53,319 - main - INFO - 📊 Loaded chunk with 10,000 rows
2025-08-28 17:00:53,407 - main - INFO - 📊 Loaded chunk with 10,000 rows
2025-08-28 17:00:53,414 - main - INFO - 📊 Loaded chunk with 10,000 rows
2025-08-28 17:00:53,492 - main - INFO - ➕ Appended 10,000 rows to table stock_dividend_events
2025-08-28 17:00:53,494 - main - INFO - 🔄 OVERALL PROGRESS: 408.2% | File: stock_dividend_events.parquet | File Progress: 71.5%
2025-08-28 17:00:53,499 - main - INFO -  Processing chunk 19/27: rows 180,000 to 190,000
2025-08-28 17:00:53,501 - main - INFO - ✅ Chunk 16/27 completed: 10,000 rows
2025-08-28 17:00:53,508 - main - INFO - ➕ Appended 10,000 rows to table stock_dividend_events
2025-08-28 17:00:53,508 - main - INFO - 🔄 OVERALL PROGRESS: 422.6% | File: stock_dividend_events.parquet | File Progress: 74.1%
2025-08-28 17:00:53,511 - main - INFO -  Processing chunk 20/27: rows 190,000 to 200,000
2025-08-28 17:00:53,512 - main - INFO - ✅ Chunk 17/27 completed: 10,000 rows
2025-08-28 17:00:53,512 - main - INFO - ➕ Appended 10,000 rows to table stock_dividend_events
2025-08-28 17:00:53,513 - main - INFO - 🔄 OVERALL PROGRESS: 437.0% | File: stock_dividend_events.parquet | File Progress: 76.7%
2025-08-28 17:00:53,515 - main - INFO -  Processing chunk 21/27: rows 200,000 to 210,000
2025-08-28 17:00:53,515 - main - INFO - ✅ Chunk 18/27 completed: 10,000 rows
2025-08-28 17:00:53,556 - main - INFO - 📊 Loaded chunk with 10,000 rows
2025-08-28 17:00:53,641 - main - INFO - 📊 Loaded chunk with 10,000 rows
2025-08-28 17:00:53,648 - main - INFO - 📊 Loaded chunk with 10,000 rows
2025-08-28 17:00:53,725 - main - INFO - ➕ Appended 10,000 rows to table stock_dividend_events
2025-08-28 17:00:53,728 - main - INFO - 🔄 OVERALL PROGRESS: 451.4% | File: stock_dividend_events.parquet | File Progress: 79.3%
2025-08-28 17:00:53,734 - main - INFO -  Processing chunk 22/27: rows 210,000 to 220,000
2025-08-28 17:00:53,736 - main - INFO - ✅ Chunk 19/27 completed: 10,000 rows
2025-08-28 17:00:53,742 - main - INFO - ➕ Appended 10,000 rows to table stock_dividend_events
2025-08-28 17:00:53,742 - main - INFO - 🔄 OVERALL PROGRESS: 480.2% | File: stock_dividend_events.parquet | File Progress: 84.4%
2025-08-28 17:00:53,743 - main - INFO - ➕ Appended 10,000 rows to table stock_dividend_events
2025-08-28 17:00:53,746 - main - INFO -  Processing chunk 23/27: rows 220,000 to 230,000
2025-08-28 17:00:53,746 - main - INFO - 🔄 OVERALL PROGRESS: 465.8% | File: stock_dividend_events.parquet | File Progress: 81.9%
2025-08-28 17:00:53,746 - main - INFO - ✅ Chunk 21/27 completed: 10,000 rows
2025-08-28 17:00:53,749 - main - INFO -  Processing chunk 24/27: rows 230,000 to 240,000
2025-08-28 17:00:53,750 - main - INFO - ✅ Chunk 20/27 completed: 10,000 rows
2025-08-28 17:00:53,854 - main - INFO - 📊 Loaded chunk with 10,000 rows
2025-08-28 17:00:53,855 - main - INFO - 📊 Loaded chunk with 10,000 rows
2025-08-28 17:00:53,855 - main - INFO - 📊 Loaded chunk with 10,000 rows
2025-08-28 17:00:53,975 - main - INFO - ➕ Appended 10,000 rows to table stock_dividend_events
2025-08-28 17:00:53,978 - main - INFO - ➕ Appended 10,000 rows to table stock_dividend_events
2025-08-28 17:00:53,978 - main - INFO - 🔄 OVERALL PROGRESS: 494.7% | File: stock_dividend_events.parquet | File Progress: 87.0%
2025-08-28 17:00:53,981 - main - INFO -  Processing chunk 25/27: rows 240,000 to 250,000
2025-08-28 17:00:53,981 - main - INFO - 🔄 OVERALL PROGRESS: 523.5% | File: stock_dividend_events.parquet | File Progress: 92.2%
2025-08-28 17:00:53,981 - main - INFO - ✅ Chunk 22/27 completed: 10,000 rows
2025-08-28 17:00:53,984 - main - INFO -  Processing chunk 26/27: rows 250,000 to 260,000
2025-08-28 17:00:53,984 - main - INFO - ➕ Appended 10,000 rows to table stock_dividend_events
2025-08-28 17:00:53,985 - main - INFO - 🔄 OVERALL PROGRESS: 509.1% | File: stock_dividend_events.parquet | File Progress: 89.6%
2025-08-28 17:00:53,984 - main - INFO - ✅ Chunk 24/27 completed: 10,000 rows
2025-08-28 17:00:53,987 - main - INFO -  Processing chunk 27/27: rows 260,000 to 260,553
2025-08-28 17:00:53,988 - main - INFO - ✅ Chunk 23/27 completed: 10,000 rows
2025-08-28 17:00:54,064 - main - INFO - 📊 Loaded chunk with 553 rows
2025-08-28 17:00:54,097 - main - INFO - 📊 Loaded chunk with 10,000 rows
2025-08-28 17:00:54,100 - main - INFO - 📊 Loaded chunk with 10,000 rows
2025-08-28 17:00:54,101 - main - INFO - ➕ Appended 553 rows to table stock_dividend_events
2025-08-28 17:00:54,125 - main - INFO - 🔄 OVERALL PROGRESS: 566.7% | File: stock_dividend_events.parquet | File Progress: 100.0%
2025-08-28 17:00:54,135 - main - INFO - ✅ Chunk 27/27 completed: 553 rows
2025-08-28 17:00:54,195 - main - INFO - ➕ Appended 10,000 rows to table stock_dividend_events
2025-08-28 17:00:54,195 - main - INFO - ➕ Appended 10,000 rows to table stock_dividend_events
2025-08-28 17:00:54,195 - main - INFO - 🔄 OVERALL PROGRESS: 552.3% | File: stock_dividend_events.parquet | File Progress: 97.4%
2025-08-28 17:00:54,198 - main - INFO - ✅ Chunk 26/27 completed: 10,000 rows
2025-08-28 17:00:54,198 - main - INFO - 🔄 OVERALL PROGRESS: 537.9% | File: stock_dividend_events.parquet | File Progress: 94.8%
2025-08-28 17:00:54,201 - main - INFO - ✅ Chunk 25/27 completed: 10,000 rows
2025-08-28 17:00:54,201 - main - INFO - ✅ Completed parallel processing: 240,553 total rows inserted
2025-08-28 17:00:54,201 - main - INFO - 🔄 OVERALL PROGRESS: 566.7% | File: stock_dividend_events.parquet | File Progress: 100.0%
2025-08-28 17:00:54,205 - main - INFO - 🧹 Cleaned up temporary file: /tmp/stock_dividend_events.parquet
2025-08-28 17:00:54,205 - main - INFO -  Processing file 4/18: stock_earning_calendar.parquet
2025-08-28 17:00:54,205 - main - INFO - 📥 Starting chunked download: stock_earning_calendar.parquet
2025-08-28 17:00:54,648 - main - INFO - 📊 File size: 0.14 MB
2025-08-28 17:00:55,170 - main - INFO - ✅ Download completed: 0.14 MB
2025-08-28 17:00:55,170 - main - INFO - 🔄 OVERALL PROGRESS: 183.3% | File: stock_earning_calendar.parquet | File Progress: 30.0%
2025-08-28 17:00:55,177 - main - INFO - ✅ Successfully downloaded stock_earning_calendar.parquet (0.14 MB)
2025-08-28 17:00:55,179 - main - INFO - ️ Processing table: stock_earning_calendar
2025-08-28 17:00:55,180 - main - INFO - 🔄 Starting parallel processing: stock_earning_calendar.parquet
2025-08-28 17:00:55,180 - main - INFO - 📊 File size: 0.14 MB
2025-08-28 17:00:55,196 - main - INFO -  Total rows: 39,085, Total columns: 4
2025-08-28 17:00:55,196 - main - INFO - 🔧 Using default chunk size: 10000
2025-08-28 17:00:55,196 - main - INFO - 🔧 Will process in 4 chunks of ~10000 rows each
2025-08-28 17:00:55,196 - main - INFO - 🚀 Starting parallel processing with 3 workers
2025-08-28 17:00:55,197 - main - INFO -  Processing chunk 1/4: rows 0 to 10,000
2025-08-28 17:00:55,198 - main - INFO -  Processing chunk 2/4: rows 10,000 to 20,000
2025-08-28 17:00:55,198 - main - INFO -  Processing chunk 3/4: rows 20,000 to 30,000
2025-08-28 17:00:55,211 - main - INFO - 📊 Loaded chunk with 10,000 rows
2025-08-28 17:00:55,211 - main - INFO - 📊 Loaded chunk with 10,000 rows
2025-08-28 17:00:55,214 - main - INFO - 📊 Loaded chunk with 10,000 rows
2025-08-28 17:00:55,276 - main - INFO - 🗄️ Created table stock_earning_calendar with 10,000 rows
2025-08-28 17:00:55,277 - main - INFO - 🔄 OVERALL PROGRESS: 280.6% | File: stock_earning_calendar.parquet | File Progress: 47.5%
2025-08-28 17:00:55,277 - main - ERROR - ❌ Error processing chunk 2: (psycopg2.errors.UniqueViolation) duplicate key value violates unique constraint "pg_type_typname_nsp_index"
DETAIL:  Key (typname, typnamespace)=(stock_earning_calendar, 2200) already exists.

[SQL: 
CREATE TABLE stock_earning_calendar (
	symbol TEXT, 
	report_date TEXT, 
	name TEXT, 
	fiscal_quarter_ending TEXT
)

]
(Background on this error at: https://sqlalche.me/e/20/gkpj)
2025-08-28 17:00:55,277 - main - INFO -  Processing chunk 4/4: rows 30,000 to 39,085
2025-08-28 17:00:55,277 - main - ERROR - ❌ Error processing chunk 3: (psycopg2.errors.UniqueViolation) duplicate key value violates unique constraint "pg_type_typname_nsp_index"
DETAIL:  Key (typname, typnamespace)=(stock_earning_calendar, 2200) already exists.

[SQL: 
CREATE TABLE stock_earning_calendar (
	symbol TEXT, 
	report_date TEXT, 
	name TEXT, 
	fiscal_quarter_ending TEXT
)

]
(Background on this error at: https://sqlalche.me/e/20/gkpj)
2025-08-28 17:00:55,277 - main - INFO - ✅ Chunk 1/4 completed: 10,000 rows
2025-08-28 17:00:55,278 - main - ERROR - ❌ Chunk 2/4 failed: (psycopg2.errors.UniqueViolation) duplicate key value violates unique constraint "pg_type_typname_nsp_index"
DETAIL:  Key (typname, typnamespace)=(stock_earning_calendar, 2200) already exists.

[SQL: 
CREATE TABLE stock_earning_calendar (
	symbol TEXT, 
	report_date TEXT, 
	name TEXT, 
	fiscal_quarter_ending TEXT
)

]
(Background on this error at: https://sqlalche.me/e/20/gkpj)
2025-08-28 17:00:55,278 - main - ERROR - ❌ Chunk 3/4 failed: (psycopg2.errors.UniqueViolation) duplicate key value violates unique constraint "pg_type_typname_nsp_index"
DETAIL:  Key (typname, typnamespace)=(stock_earning_calendar, 2200) already exists.

[SQL: 
CREATE TABLE stock_earning_calendar (
	symbol TEXT, 
	report_date TEXT, 
	name TEXT, 
	fiscal_quarter_ending TEXT
)

]
(Background on this error at: https://sqlalche.me/e/20/gkpj)
2025-08-28 17:00:55,281 - main - INFO - 📊 Loaded chunk with 9,085 rows
2025-08-28 17:00:55,350 - main - INFO - ➕ Appended 9,085 rows to table stock_earning_calendar
2025-08-28 17:00:55,350 - main - INFO - 🔄 OVERALL PROGRESS: 572.2% | File: stock_earning_calendar.parquet | File Progress: 100.0%
2025-08-28 17:00:55,350 - main - INFO - ✅ Chunk 4/4 completed: 9,085 rows
2025-08-28 17:00:55,350 - main - INFO - ✅ Completed parallel processing: 19,085 total rows inserted
2025-08-28 17:00:55,350 - main - INFO - 🔄 OVERALL PROGRESS: 572.2% | File: stock_earning_calendar.parquet | File Progress: 100.0%
2025-08-28 17:00:55,351 - main - INFO - 🧹 Cleaned up temporary file: /tmp/stock_earning_calendar.parquet
2025-08-28 17:00:55,351 - main - INFO -  Processing file 5/18: stock_earning_call_transcripts.parquet
2025-08-28 17:00:55,351 - main - INFO - 📥 Starting chunked download: stock_earning_call_transcripts.parquet
2025-08-28 17:00:55,789 - main - INFO - 📊 File size: 1617.70 MB
2025-08-28 17:00:56,639 - main - INFO -  Download progress: 0.1% (1.0 MB)
2025-08-28 17:00:56,639 - main - INFO - 🔄 OVERALL PROGRESS: 22.3% | File: stock_earning_call_transcripts.parquet | File Progress: 0.0%
2025-08-28 17:00:56,950 - main - INFO -  Download progress: 0.1% (2.0 MB)
2025-08-28 17:00:56,950 - main - INFO - 🔄 OVERALL PROGRESS: 22.4% | File: stock_earning_call_transcripts.parquet | File Progress: 0.0%
2025-08-28 17:00:57,199 - main - INFO -  Download progress: 0.2% (3.0 MB)
2025-08-28 17:00:57,199 - main - INFO - 🔄 OVERALL PROGRESS: 22.5% | File: stock_earning_call_transcripts.parquet | File Progress: 0.1%
2025-08-28 17:00:57,418 - main - INFO -  Download progress: 0.2% (4.0 MB)
2025-08-28 17:00:57,418 - main - INFO - 🔄 OVERALL PROGRESS: 22.6% | File: stock_earning_call_transcripts.parquet | File Progress: 0.1%
2025-08-28 17:00:57,609 - main - INFO -  Download progress: 0.3% (5.0 MB)
2025-08-28 17:00:57,609 - main - INFO - 🔄 OVERALL PROGRESS: 22.7% | File: stock_earning_call_transcripts.parquet | File Progress: 0.1%
2025-08-28 17:00:57,800 - main - INFO -  Download progress: 0.4% (6.0 MB)
2025-08-28 17:00:57,800 - main - INFO - 🔄 OVERALL PROGRESS: 22.8% | File: stock_earning_call_transcripts.parquet | File Progress: 0.1%
2025-08-28 17:00:57,979 - main - INFO -  Download progress: 0.4% (7.0 MB)
2025-08-28 17:00:57,980 - main - INFO - 🔄 OVERALL PROGRESS: 22.9% | File: stock_earning_call_transcripts.parquet | File Progress: 0.1%
2025-08-28 17:00:58,180 - main - INFO -  Download progress: 0.5% (8.0 MB)
2025-08-28 17:00:58,180 - main - INFO - 🔄 OVERALL PROGRESS: 23.0% | File: stock_earning_call_transcripts.parquet | File Progress: 0.1%
2025-08-28 17:00:58,433 - main - INFO -  Download progress: 0.6% (9.0 MB)
2025-08-28 17:00:58,433 - main - INFO - 🔄 OVERALL PROGRESS: 23.1% | File: stock_earning_call_transcripts.parquet | File Progress: 0.2%
2025-08-28 17:00:58,616 - main - INFO -  Download progress: 0.6% (10.0 MB)
2025-08-28 17:00:58,617 - main - INFO - 🔄 OVERALL PROGRESS: 23.3% | File: stock_earning_call_transcripts.parquet | File Progress: 0.2%
2025-08-28 17:00:58,764 - main - INFO -  Download progress: 0.7% (11.0 MB)
2025-08-28 17:00:58,764 - main - INFO - 🔄 OVERALL PROGRESS: 23.4% | File: stock_earning_call_transcripts.parquet | File Progress: 0.2%
2025-08-28 17:00:58,960 - main - INFO -  Download progress: 0.7% (12.0 MB)
2025-08-28 17:00:58,961 - main - INFO - 🔄 OVERALL PROGRESS: 23.5% | File: stock_earning_call_transcripts.parquet | File Progress: 0.2%
2025-08-28 17:00:59,142 - main - INFO -  Download progress: 0.8% (13.0 MB)
2025-08-28 17:00:59,142 - main - INFO - 🔄 OVERALL PROGRESS: 23.6% | File: stock_earning_call_transcripts.parquet | File Progress: 0.2%
2025-08-28 17:00:59,311 - main - INFO -  Download progress: 0.9% (14.0 MB)
2025-08-28 17:00:59,311 - main - INFO - 🔄 OVERALL PROGRESS: 23.7% | File: stock_earning_call_transcripts.parquet | File Progress: 0.3%
2025-08-28 17:00:59,473 - main - INFO -  Download progress: 0.9% (15.0 MB)
2025-08-28 17:00:59,473 - main - INFO - 🔄 OVERALL PROGRESS: 23.8% | File: stock_earning_call_transcripts.parquet | File Progress: 0.3%
2025-08-28 17:00:59,638 - main - INFO -  Download progress: 1.0% (16.0 MB)
2025-08-28 17:00:59,638 - main - INFO - 🔄 OVERALL PROGRESS: 23.9% | File: stock_earning_call_transcripts.parquet | File Progress: 0.3%
2025-08-28 17:00:59,828 - main - INFO -  Download progress: 1.1% (17.0 MB)
2025-08-28 17:00:59,829 - main - INFO - 🔄 OVERALL PROGRESS: 24.0% | File: stock_earning_call_transcripts.parquet | File Progress: 0.3%
2025-08-28 17:00:59,984 - main - INFO -  Download progress: 1.1% (18.0 MB)
2025-08-28 17:00:59,985 - main - INFO - 🔄 OVERALL PROGRESS: 24.1% | File: stock_earning_call_transcripts.parquet | File Progress: 0.3%
2025-08-28 17:01:00,145 - main - INFO -  Download progress: 1.2% (19.0 MB)
2025-08-28 17:01:00,145 - main - INFO - 🔄 OVERALL PROGRESS: 24.2% | File: stock_earning_call_transcripts.parquet | File Progress: 0.4%
2025-08-28 17:01:00,331 - main - INFO -  Download progress: 1.2% (20.0 MB)
2025-08-28 17:01:00,331 - main - INFO - 🔄 OVERALL PROGRESS: 24.3% | File: stock_earning_call_transcripts.parquet | File Progress: 0.4%
2025-08-28 17:01:00,484 - main - INFO -  Download progress: 1.3% (21.0 MB)
2025-08-28 17:01:00,485 - main - INFO - 🔄 OVERALL PROGRESS: 24.4% | File: stock_earning_call_transcripts.parquet | File Progress: 0.4%
2025-08-28 17:01:00,647 - main - INFO -  Download progress: 1.4% (22.0 MB)
2025-08-28 17:01:00,647 - main - INFO - 🔄 OVERALL PROGRESS: 24.5% | File: stock_earning_call_transcripts.parquet | File Progress: 0.4%
2025-08-28 17:01:00,809 - main - INFO -  Download progress: 1.4% (23.0 MB)
2025-08-28 17:01:00,810 - main - INFO - 🔄 OVERALL PROGRESS: 24.6% | File: stock_earning_call_transcripts.parquet | File Progress: 0.4%
2025-08-28 17:01:00,973 - main - INFO -  Download progress: 1.5% (24.0 MB)
2025-08-28 17:01:00,973 - main - INFO - 🔄 OVERALL PROGRESS: 24.7% | File: stock_earning_call_transcripts.parquet | File Progress: 0.4%
2025-08-28 17:01:01,124 - main - INFO -  Download progress: 1.5% (25.0 MB)
2025-08-28 17:01:01,125 - main - INFO - 🔄 OVERALL PROGRESS: 24.8% | File: stock_earning_call_transcripts.parquet | File Progress: 0.5%
2025-08-28 17:01:01,291 - main - INFO -  Download progress: 1.6% (26.0 MB)
2025-08-28 17:01:01,291 - main - INFO - 🔄 OVERALL PROGRESS: 24.9% | File: stock_earning_call_transcripts.parquet | File Progress: 0.5%
2025-08-28 17:01:01,446 - main - INFO -  Download progress: 1.7% (27.0 MB)
2025-08-28 17:01:01,446 - main - INFO - 🔄 OVERALL PROGRESS: 25.0% | File: stock_earning_call_transcripts.parquet | File Progress: 0.5%
2025-08-28 17:01:01,608 - main - INFO -  Download progress: 1.7% (28.0 MB)
2025-08-28 17:01:01,608 - main - INFO - 🔄 OVERALL PROGRESS: 25.1% | File: stock_earning_call_transcripts.parquet | File Progress: 0.5%
2025-08-28 17:01:01,758 - main - INFO -  Download progress: 1.8% (29.0 MB)
2025-08-28 17:01:01,759 - main - INFO - 🔄 OVERALL PROGRESS: 25.2% | File: stock_earning_call_transcripts.parquet | File Progress: 0.5%
2025-08-28 17:01:01,913 - main - INFO -  Download progress: 1.9% (30.0 MB)
2025-08-28 17:01:01,913 - main - INFO - 🔄 OVERALL PROGRESS: 25.3% | File: stock_earning_call_transcripts.parquet | File Progress: 0.6%
2025-08-28 17:01:02,082 - main - INFO -  Download progress: 1.9% (31.0 MB)
2025-08-28 17:01:02,082 - main - INFO - 🔄 OVERALL PROGRESS: 25.4% | File: stock_earning_call_transcripts.parquet | File Progress: 0.6%
2025-08-28 17:01:02,258 - main - INFO -  Download progress: 2.0% (32.0 MB)
2025-08-28 17:01:02,258 - main - INFO - 🔄 OVERALL PROGRESS: 25.5% | File: stock_earning_call_transcripts.parquet | File Progress: 0.6%
2025-08-28 17:01:02,405 - main - INFO -  Download progress: 2.0% (33.0 MB)
2025-08-28 17:01:02,405 - main - INFO - 🔄 OVERALL PROGRESS: 25.6% | File: stock_earning_call_transcripts.parquet | File Progress: 0.6%
2025-08-28 17:01:02,545 - main - INFO -  Download progress: 2.1% (34.0 MB)
2025-08-28 17:01:02,545 - main - INFO - 🔄 OVERALL PROGRESS: 25.7% | File: stock_earning_call_transcripts.parquet | File Progress: 0.6%
2025-08-28 17:01:02,722 - main - INFO -  Download progress: 2.2% (35.0 MB)
2025-08-28 17:01:02,722 - main - INFO - 🔄 OVERALL PROGRESS: 25.8% | File: stock_earning_call_transcripts.parquet | File Progress: 0.6%
2025-08-28 17:01:02,870 - main - INFO -  Download progress: 2.2% (36.0 MB)
2025-08-28 17:01:02,870 - main - INFO - 🔄 OVERALL PROGRESS: 25.9% | File: stock_earning_call_transcripts.parquet | File Progress: 0.7%
2025-08-28 17:01:03,028 - main - INFO -  Download progress: 2.3% (37.0 MB)
2025-08-28 17:01:03,029 - main - INFO - 🔄 OVERALL PROGRESS: 26.0% | File: stock_earning_call_transcripts.parquet | File Progress: 0.7%
2025-08-28 17:01:03,174 - main - INFO -  Download progress: 2.3% (38.0 MB)
2025-08-28 17:01:03,174 - main - INFO - 🔄 OVERALL PROGRESS: 26.1% | File: stock_earning_call_transcripts.parquet | File Progress: 0.7%
2025-08-28 17:01:03,338 - main - INFO -  Download progress: 2.4% (39.0 MB)
2025-08-28 17:01:03,338 - main - INFO - 🔄 OVERALL PROGRESS: 26.2% | File: stock_earning_call_transcripts.parquet | File Progress: 0.7%
2025-08-28 17:01:03,476 - main - INFO -  Download progress: 2.5% (40.0 MB)
2025-08-28 17:01:03,476 - main - INFO - 🔄 OVERALL PROGRESS: 26.3% | File: stock_earning_call_transcripts.parquet | File Progress: 0.7%
2025-08-28 17:01:03,623 - main - INFO -  Download progress: 2.5% (41.0 MB)
2025-08-28 17:01:03,623 - main - INFO - 🔄 OVERALL PROGRESS: 26.4% | File: stock_earning_call_transcripts.parquet | File Progress: 0.8%
2025-08-28 17:01:03,769 - main - INFO -  Download progress: 2.6% (42.0 MB)
2025-08-28 17:01:03,770 - main - INFO - 🔄 OVERALL PROGRESS: 26.5% | File: stock_earning_call_transcripts.parquet | File Progress: 0.8%
2025-08-28 17:01:03,922 - main - INFO -  Download progress: 2.7% (43.0 MB)
2025-08-28 17:01:03,922 - main - INFO - 🔄 OVERALL PROGRESS: 26.7% | File: stock_earning_call_transcripts.parquet | File Progress: 0.8%
2025-08-28 17:01:04,078 - main - INFO -  Download progress: 2.7% (44.0 MB)
2025-08-28 17:01:04,078 - main - INFO - 🔄 OVERALL PROGRESS: 26.8% | File: stock_earning_call_transcripts.parquet | File Progress: 0.8%
2025-08-28 17:01:04,240 - main - INFO -  Download progress: 2.8% (45.0 MB)
2025-08-28 17:01:04,241 - main - INFO - 🔄 OVERALL PROGRESS: 26.9% | File: stock_earning_call_transcripts.parquet | File Progress: 0.8%
2025-08-28 17:01:04,402 - main - INFO -  Download progress: 2.8% (46.0 MB)
2025-08-28 17:01:04,402 - main - INFO - 🔄 OVERALL PROGRESS: 27.0% | File: stock_earning_call_transcripts.parquet | File Progress: 0.9%
2025-08-28 17:01:04,537 - main - INFO -  Download progress: 2.9% (47.0 MB)
2025-08-28 17:01:04,538 - main - INFO - 🔄 OVERALL PROGRESS: 27.1% | File: stock_earning_call_transcripts.parquet | File Progress: 0.9%
2025-08-28 17:01:04,675 - main - INFO -  Download progress: 3.0% (48.0 MB)
2025-08-28 17:01:04,675 - main - INFO - 🔄 OVERALL PROGRESS: 27.2% | File: stock_earning_call_transcripts.parquet | File Progress: 0.9%
2025-08-28 17:01:04,799 - main - INFO -  Download progress: 3.0% (49.0 MB)
2025-08-28 17:01:04,800 - main - INFO - 🔄 OVERALL PROGRESS: 27.3% | File: stock_earning_call_transcripts.parquet | File Progress: 0.9%
2025-08-28 17:01:05,029 - main - INFO -  Download progress: 3.1% (50.0 MB)
2025-08-28 17:01:05,029 - main - INFO - 🔄 OVERALL PROGRESS: 27.4% | File: stock_earning_call_transcripts.parquet | File Progress: 0.9%
2025-08-28 17:01:05,242 - main - INFO -  Download progress: 3.2% (51.0 MB)
2025-08-28 17:01:05,242 - main - INFO - 🔄 OVERALL PROGRESS: 27.5% | File: stock_earning_call_transcripts.parquet | File Progress: 0.9%
2025-08-28 17:01:05,372 - main - INFO -  Download progress: 3.2% (52.0 MB)
2025-08-28 17:01:05,373 - main - INFO - 🔄 OVERALL PROGRESS: 27.6% | File: stock_earning_call_transcripts.parquet | File Progress: 1.0%
2025-08-28 17:01:05,502 - main - INFO -  Download progress: 3.3% (53.0 MB)
2025-08-28 17:01:05,502 - main - INFO - 🔄 OVERALL PROGRESS: 27.7% | File: stock_earning_call_transcripts.parquet | File Progress: 1.0%
2025-08-28 17:01:05,642 - main - INFO -  Download progress: 3.3% (54.0 MB)
2025-08-28 17:01:05,642 - main - INFO - 🔄 OVERALL PROGRESS: 27.8% | File: stock_earning_call_transcripts.parquet | File Progress: 1.0%
2025-08-28 17:01:05,815 - main - INFO -  Download progress: 3.4% (55.0 MB)
2025-08-28 17:01:05,816 - main - INFO - 🔄 OVERALL PROGRESS: 27.9% | File: stock_earning_call_transcripts.parquet | File Progress: 1.0%
2025-08-28 17:01:05,996 - main - INFO -  Download progress: 3.5% (56.0 MB)
2025-08-28 17:01:05,996 - main - INFO - 🔄 OVERALL PROGRESS: 28.0% | File: stock_earning_call_transcripts.parquet | File Progress: 1.0%
2025-08-28 17:01:06,175 - main - INFO -  Download progress: 3.5% (57.0 MB)
2025-08-28 17:01:06,175 - main - INFO - 🔄 OVERALL PROGRESS: 28.1% | File: stock_earning_call_transcripts.parquet | File Progress: 1.1%
2025-08-28 17:01:06,338 - main - INFO -  Download progress: 3.6% (58.0 MB)
2025-08-28 17:01:06,338 - main - INFO - 🔄 OVERALL PROGRESS: 28.2% | File: stock_earning_call_transcripts.parquet | File Progress: 1.1%
2025-08-28 17:01:06,530 - main - INFO -  Download progress: 3.6% (59.0 MB)
2025-08-28 17:01:06,530 - main - INFO - 🔄 OVERALL PROGRESS: 28.3% | File: stock_earning_call_transcripts.parquet | File Progress: 1.1%
2025-08-28 17:01:06,733 - main - INFO -  Download progress: 3.7% (60.0 MB)
2025-08-28 17:01:06,733 - main - INFO - 🔄 OVERALL PROGRESS: 28.4% | File: stock_earning_call_transcripts.parquet | File Progress: 1.1%
2025-08-28 17:01:06,897 - main - INFO -  Download progress: 3.8% (61.0 MB)
2025-08-28 17:01:06,897 - main - INFO - 🔄 OVERALL PROGRESS: 28.5% | File: stock_earning_call_transcripts.parquet | File Progress: 1.1%
2025-08-28 17:01:07,276 - main - INFO -  Download progress: 3.8% (62.0 MB)
2025-08-28 17:01:07,276 - main - INFO - 🔄 OVERALL PROGRESS: 28.6% | File: stock_earning_call_transcripts.parquet | File Progress: 1.1%
2025-08-28 17:01:07,436 - main - INFO -  Download progress: 3.9% (63.0 MB)
2025-08-28 17:01:07,436 - main - INFO - 🔄 OVERALL PROGRESS: 28.7% | File: stock_earning_call_transcripts.parquet | File Progress: 1.2%
2025-08-28 17:01:07,604 - main - INFO -  Download progress: 4.0% (64.0 MB)
2025-08-28 17:01:07,604 - main - INFO - 🔄 OVERALL PROGRESS: 28.8% | File: stock_earning_call_transcripts.parquet | File Progress: 1.2%
2025-08-28 17:01:07,784 - main - INFO -  Download progress: 4.0% (65.0 MB)
2025-08-28 17:01:07,784 - main - INFO - 🔄 OVERALL PROGRESS: 28.9% | File: stock_earning_call_transcripts.parquet | File Progress: 1.2%
2025-08-28 17:01:07,933 - main - INFO -  Download progress: 4.1% (66.0 MB)
2025-08-28 17:01:07,933 - main - INFO - 🔄 OVERALL PROGRESS: 29.0% | File: stock_earning_call_transcripts.parquet | File Progress: 1.2%
2025-08-28 17:01:08,108 - main - INFO -  Download progress: 4.1% (67.0 MB)
2025-08-28 17:01:08,109 - main - INFO - 🔄 OVERALL PROGRESS: 29.1% | File: stock_earning_call_transcripts.parquet | File Progress: 1.2%
2025-08-28 17:01:08,300 - main - INFO -  Download progress: 4.2% (68.0 MB)
2025-08-28 17:01:08,301 - main - INFO - 🔄 OVERALL PROGRESS: 29.2% | File: stock_earning_call_transcripts.parquet | File Progress: 1.3%
2025-08-28 17:01:08,476 - main - INFO -  Download progress: 4.3% (69.0 MB)
2025-08-28 17:01:08,476 - main - INFO - 🔄 OVERALL PROGRESS: 29.3% | File: stock_earning_call_transcripts.parquet | File Progress: 1.3%
2025-08-28 17:01:08,662 - main - INFO -  Download progress: 4.3% (70.0 MB)
2025-08-28 17:01:08,662 - main - INFO - 🔄 OVERALL PROGRESS: 29.4% | File: stock_earning_call_transcripts.parquet | File Progress: 1.3%
2025-08-28 17:01:08,849 - main - INFO -  Download progress: 4.4% (71.0 MB)
2025-08-28 17:01:08,849 - main - INFO - 🔄 OVERALL PROGRESS: 29.5% | File: stock_earning_call_transcripts.parquet | File Progress: 1.3%
2025-08-28 17:01:09,034 - main - INFO -  Download progress: 4.5% (72.0 MB)
2025-08-28 17:01:09,034 - main - INFO - 🔄 OVERALL PROGRESS: 29.6% | File: stock_earning_call_transcripts.parquet | File Progress: 1.3%
2025-08-28 17:01:09,150 - main - INFO - Health check requested
2025-08-28 17:01:09,151 - main - ERROR - Health check failed: Not an executable object: 'SELECT 1'
2025-08-28 17:01:09,197 - main - INFO -  Download progress: 4.5% (73.0 MB)
2025-08-28 17:01:09,197 - main - INFO - 🔄 OVERALL PROGRESS: 29.7% | File: stock_earning_call_transcripts.parquet | File Progress: 1.4%
2025-08-28 17:01:09,396 - main - INFO -  Download progress: 4.6% (74.0 MB)
2025-08-28 17:01:09,396 - main - INFO - 🔄 OVERALL PROGRESS: 29.8% | File: stock_earning_call_transcripts.parquet | File Progress: 1.4%
2025-08-28 17:01:09,580 - main - INFO -  Download progress: 4.6% (75.0 MB)
2025-08-28 17:01:09,581 - main - INFO - 🔄 OVERALL PROGRESS: 29.9% | File: stock_earning_call_transcripts.parquet | File Progress: 1.4%
2025-08-28 17:01:09,785 - main - INFO -  Download progress: 4.7% (76.0 MB)
2025-08-28 17:01:09,786 - main - INFO - 🔄 OVERALL PROGRESS: 30.1% | File: stock_earning_call_transcripts.parquet | File Progress: 1.4%
2025-08-28 17:01:09,969 - main - INFO -  Download progress: 4.8% (77.0 MB)
2025-08-28 17:01:09,969 - main - INFO - 🔄 OVERALL PROGRESS: 30.2% | File: stock_earning_call_transcripts.parquet | File Progress: 1.4%
2025-08-28 17:01:10,102 - main - INFO -  Download progress: 4.8% (78.0 MB)
2025-08-28 17:01:10,102 - main - INFO - 🔄 OVERALL PROGRESS: 30.3% | File: stock_earning_call_transcripts.parquet | File Progress: 1.4%
2025-08-28 17:01:10,276 - main - INFO -  Download progress: 4.9% (79.0 MB)
2025-08-28 17:01:10,276 - main - INFO - 🔄 OVERALL PROGRESS: 30.4% | File: stock_earning_call_transcripts.parquet | File Progress: 1.5%
2025-08-28 17:01:10,440 - main - INFO -  Download progress: 4.9% (80.0 MB)
2025-08-28 17:01:10,440 - main - INFO - 🔄 OVERALL PROGRESS: 30.5% | File: stock_earning_call_transcripts.parquet | File Progress: 1.5%
2025-08-28 17:01:10,570 - main - INFO -  Download progress: 5.0% (81.0 MB)
2025-08-28 17:01:10,570 - main - INFO - 🔄 OVERALL PROGRESS: 30.6% | File: stock_earning_call_transcripts.parquet | File Progress: 1.5%
2025-08-28 17:01:10,698 - main - INFO -  Download progress: 5.1% (82.0 MB)
2025-08-28 17:01:10,699 - main - INFO - 🔄 OVERALL PROGRESS: 30.7% | File: stock_earning_call_transcripts.parquet | File Progress: 1.5%
2025-08-28 17:01:10,828 - main - INFO -  Download progress: 5.1% (83.0 MB)
2025-08-28 17:01:10,828 - main - INFO - 🔄 OVERALL PROGRESS: 30.8% | File: stock_earning_call_transcripts.parquet | File Progress: 1.5%
2025-08-28 17:01:10,970 - main - INFO -  Download progress: 5.2% (84.0 MB)
2025-08-28 17:01:10,971 - main - INFO - 🔄 OVERALL PROGRESS: 30.9% | File: stock_earning_call_transcripts.parquet | File Progress: 1.6%
2025-08-28 17:01:11,210 - main - INFO -  Download progress: 5.3% (85.0 MB)
2025-08-28 17:01:11,210 - main - INFO - 🔄 OVERALL PROGRESS: 31.0% | File: stock_earning_call_transcripts.parquet | File Progress: 1.6%
2025-08-28 17:01:11,260 - main - INFO -  Download progress: 5.3% (86.0 MB)
2025-08-28 17:01:11,260 - main - INFO - 🔄 OVERALL PROGRESS: 31.1% | File: stock_earning_call_transcripts.parquet | File Progress: 1.6%
2025-08-28 17:01:11,406 - main - INFO -  Download progress: 5.4% (87.0 MB)
2025-08-28 17:01:11,407 - main - INFO - 🔄 OVERALL PROGRESS: 31.2% | File: stock_earning_call_transcripts.parquet | File Progress: 1.6%
2025-08-28 17:01:11,543 - main - INFO -  Download progress: 5.4% (88.0 MB)
2025-08-28 17:01:11,543 - main - INFO - 🔄 OVERALL PROGRESS: 31.3% | File: stock_earning_call_transcripts.parquet | File Progress: 1.6%
2025-08-28 17:01:11,678 - main - INFO -  Download progress: 5.5% (89.0 MB)
2025-08-28 17:01:11,679 - main - INFO - 🔄 OVERALL PROGRESS: 31.4% | File: stock_earning_call_transcripts.parquet | File Progress: 1.7%
2025-08-28 17:01:11,811 - main - INFO -  Download progress: 5.6% (90.0 MB)
2025-08-28 17:01:11,811 - main - INFO - 🔄 OVERALL PROGRESS: 31.5% | File: stock_earning_call_transcripts.parquet | File Progress: 1.7%
2025-08-28 17:01:11,957 - main - INFO -  Download progress: 5.6% (91.0 MB)
2025-08-28 17:01:11,957 - main - INFO - 🔄 OVERALL PROGRESS: 31.6% | File: stock_earning_call_transcripts.parquet | File Progress: 1.7%
2025-08-28 17:01:12,151 - main - INFO -  Download progress: 5.7% (92.0 MB)
2025-08-28 17:01:12,152 - main - INFO - 🔄 OVERALL PROGRESS: 31.7% | File: stock_earning_call_transcripts.parquet | File Progress: 1.7%
2025-08-28 17:01:12,300 - main - INFO -  Download progress: 5.7% (93.0 MB)
2025-08-28 17:01:12,300 - main - INFO - 🔄 OVERALL PROGRESS: 31.8% | File: stock_earning_call_transcripts.parquet | File Progress: 1.7%
2025-08-28 17:01:12,484 - main - INFO -  Download progress: 5.8% (94.0 MB)
2025-08-28 17:01:12,485 - main - INFO - 🔄 OVERALL PROGRESS: 31.9% | File: stock_earning_call_transcripts.parquet | File Progress: 1.7%
2025-08-28 17:01:12,788 - main - INFO -  Download progress: 5.9% (95.0 MB)
2025-08-28 17:01:12,788 - main - INFO - 🔄 OVERALL PROGRESS: 32.0% | File: stock_earning_call_transcripts.parquet | File Progress: 1.8%
2025-08-28 17:01:13,066 - main - INFO -  Download progress: 5.9% (96.0 MB)
2025-08-28 17:01:13,067 - main - INFO - 🔄 OVERALL PROGRESS: 32.1% | File: stock_earning_call_transcripts.parquet | File Progress: 1.8%
2025-08-28 17:01:13,276 - main - INFO -  Download progress: 6.0% (97.0 MB)
2025-08-28 17:01:13,276 - main - INFO - 🔄 OVERALL PROGRESS: 32.2% | File: stock_earning_call_transcripts.parquet | File Progress: 1.8%
2025-08-28 17:01:13,457 - main - INFO -  Download progress: 6.1% (98.0 MB)
2025-08-28 17:01:13,457 - main - INFO - 🔄 OVERALL PROGRESS: 32.3% | File: stock_earning_call_transcripts.parquet | File Progress: 1.8%
2025-08-28 17:01:13,621 - main - INFO -  Download progress: 6.1% (99.0 MB)
2025-08-28 17:01:13,621 - main - INFO - 🔄 OVERALL PROGRESS: 32.4% | File: stock_earning_call_transcripts.parquet | File Progress: 1.8%
2025-08-28 17:01:13,809 - main - INFO -  Download progress: 6.2% (100.0 MB)
2025-08-28 17:01:13,809 - main - INFO - 🔄 OVERALL PROGRESS: 32.5% | File: stock_earning_call_transcripts.parquet | File Progress: 1.9%
2025-08-28 17:01:13,997 - main - INFO -  Download progress: 6.2% (101.0 MB)
2025-08-28 17:01:13,997 - main - INFO - 🔄 OVERALL PROGRESS: 32.6% | File: stock_earning_call_transcripts.parquet | File Progress: 1.9%
2025-08-28 17:01:14,189 - main - INFO -  Download progress: 6.3% (102.0 MB)
2025-08-28 17:01:14,189 - main - INFO - 🔄 OVERALL PROGRESS: 32.7% | File: stock_earning_call_transcripts.parquet | File Progress: 1.9%
2025-08-28 17:01:14,342 - main - INFO -  Download progress: 6.4% (103.0 MB)
2025-08-28 17:01:14,342 - main - INFO - 🔄 OVERALL PROGRESS: 32.8% | File: stock_earning_call_transcripts.parquet | File Progress: 1.9%
2025-08-28 17:01:14,521 - main - INFO -  Download progress: 6.4% (104.0 MB)
2025-08-28 17:01:14,522 - main - INFO - 🔄 OVERALL PROGRESS: 32.9% | File: stock_earning_call_transcripts.parquet | File Progress: 1.9%
2025-08-28 17:01:14,684 - main - INFO -  Download progress: 6.5% (105.0 MB)
2025-08-28 17:01:14,684 - main - INFO - 🔄 OVERALL PROGRESS: 33.0% | File: stock_earning_call_transcripts.parquet | File Progress: 1.9%
2025-08-28 17:01:14,848 - main - INFO -  Download progress: 6.6% (106.0 MB)
2025-08-28 17:01:14,848 - main - INFO - 🔄 OVERALL PROGRESS: 33.1% | File: stock_earning_call_transcripts.parquet | File Progress: 2.0%
2025-08-28 17:01:15,007 - main - INFO -  Download progress: 6.6% (107.0 MB)
2025-08-28 17:01:15,008 - main - INFO - 🔄 OVERALL PROGRESS: 33.2% | File: stock_earning_call_transcripts.parquet | File Progress: 2.0%
2025-08-28 17:01:15,187 - main - INFO -  Download progress: 6.7% (108.0 MB)
2025-08-28 17:01:15,187 - main - INFO - 🔄 OVERALL PROGRESS: 33.3% | File: stock_earning_call_transcripts.parquet | File Progress: 2.0%
2025-08-28 17:01:15,358 - main - INFO -  Download progress: 6.7% (109.0 MB)
2025-08-28 17:01:15,358 - main - INFO - 🔄 OVERALL PROGRESS: 33.5% | File: stock_earning_call_transcripts.parquet | File Progress: 2.0%
2025-08-28 17:01:15,602 - main - INFO -  Download progress: 6.8% (110.0 MB)
2025-08-28 17:01:15,603 - main - INFO - 🔄 OVERALL PROGRESS: 33.6% | File: stock_earning_call_transcripts.parquet | File Progress: 2.0%
2025-08-28 17:01:15,807 - main - INFO -  Download progress: 6.9% (111.0 MB)
2025-08-28 17:01:15,807 - main - INFO - 🔄 OVERALL PROGRESS: 33.7% | File: stock_earning_call_transcripts.parquet | File Progress: 2.1%
2025-08-28 17:01:16,004 - main - INFO -  Download progress: 6.9% (112.0 MB)
2025-08-28 17:01:16,005 - main - INFO - 🔄 OVERALL PROGRESS: 33.8% | File: stock_earning_call_transcripts.parquet | File Progress: 2.1%
2025-08-28 17:01:16,214 - main - INFO -  Download progress: 7.0% (113.0 MB)
2025-08-28 17:01:16,214 - main - INFO - 🔄 OVERALL PROGRESS: 33.9% | File: stock_earning_call_transcripts.parquet | File Progress: 2.1%
2025-08-28 17:01:16,449 - main - INFO -  Download progress: 7.0% (114.0 MB)
2025-08-28 17:01:16,450 - main - INFO - 🔄 OVERALL PROGRESS: 34.0% | File: stock_earning_call_transcripts.parquet | File Progress: 2.1%
2025-08-28 17:01:16,661 - main - INFO -  Download progress: 7.1% (115.0 MB)
2025-08-28 17:01:16,662 - main - INFO - 🔄 OVERALL PROGRESS: 34.1% | File: stock_earning_call_transcripts.parquet | File Progress: 2.1%
2025-08-28 17:01:16,875 - main - INFO -  Download progress: 7.2% (116.0 MB)
2025-08-28 17:01:16,876 - main - INFO - 🔄 OVERALL PROGRESS: 34.2% | File: stock_earning_call_transcripts.parquet | File Progress: 2.2%
2025-08-28 17:01:17,083 - main - INFO -  Download progress: 7.2% (117.0 MB)
2025-08-28 17:01:17,084 - main - INFO - 🔄 OVERALL PROGRESS: 34.3% | File: stock_earning_call_transcripts.parquet | File Progress: 2.2%
2025-08-28 17:01:17,292 - main - INFO -  Download progress: 7.3% (118.0 MB)
2025-08-28 17:01:17,292 - main - INFO - 🔄 OVERALL PROGRESS: 34.4% | File: stock_earning_call_transcripts.parquet | File Progress: 2.2%
2025-08-28 17:01:17,772 - main - INFO -  Download progress: 7.4% (119.0 MB)
2025-08-28 17:01:17,772 - main - INFO - 🔄 OVERALL PROGRESS: 34.5% | File: stock_earning_call_transcripts.parquet | File Progress: 2.2%
2025-08-28 17:01:17,988 - main - INFO -  Download progress: 7.4% (120.0 MB)
2025-08-28 17:01:17,988 - main - INFO - 🔄 OVERALL PROGRESS: 34.6% | File: stock_earning_call_transcripts.parquet | File Progress: 2.2%
2025-08-28 17:01:18,245 - main - INFO -  Download progress: 7.5% (121.0 MB)
2025-08-28 17:01:18,246 - main - INFO - 🔄 OVERALL PROGRESS: 34.7% | File: stock_earning_call_transcripts.parquet | File Progress: 2.2%
2025-08-28 17:01:18,478 - main - INFO -  Download progress: 7.5% (122.0 MB)
2025-08-28 17:01:18,479 - main - INFO - 🔄 OVERALL PROGRESS: 34.8% | File: stock_earning_call_transcripts.parquet | File Progress: 2.3%
2025-08-28 17:01:18,781 - main - INFO -  Download progress: 7.6% (123.0 MB)
2025-08-28 17:01:18,782 - main - INFO - 🔄 OVERALL PROGRESS: 34.9% | File: stock_earning_call_transcripts.parquet | File Progress: 2.3%
2025-08-28 17:01:18,985 - main - INFO -  Download progress: 7.7% (124.0 MB)
2025-08-28 17:01:18,986 - main - INFO - 🔄 OVERALL PROGRESS: 35.0% | File: stock_earning_call_transcripts.parquet | File Progress: 2.3%
2025-08-28 17:01:19,196 - main - INFO -  Download progress: 7.7% (125.0 MB)
2025-08-28 17:01:19,196 - main - INFO - 🔄 OVERALL PROGRESS: 35.1% | File: stock_earning_call_transcripts.parquet | File Progress: 2.3%
2025-08-28 17:01:19,439 - main - INFO -  Download progress: 7.8% (126.0 MB)
2025-08-28 17:01:19,439 - main - INFO - 🔄 OVERALL PROGRESS: 35.2% | File: stock_earning_call_transcripts.parquet | File Progress: 2.3%
2025-08-28 17:01:19,701 - main - INFO -  Download progress: 7.9% (127.0 MB)
2025-08-28 17:01:19,701 - main - INFO - 🔄 OVERALL PROGRESS: 35.3% | File: stock_earning_call_transcripts.parquet | File Progress: 2.4%
2025-08-28 17:01:19,896 - main - INFO -  Download progress: 7.9% (128.0 MB)
2025-08-28 17:01:19,896 - main - INFO - 🔄 OVERALL PROGRESS: 35.4% | File: stock_earning_call_transcripts.parquet | File Progress: 2.4%
2025-08-28 17:01:20,072 - main - INFO -  Download progress: 8.0% (129.0 MB)
2025-08-28 17:01:20,073 - main - INFO - 🔄 OVERALL PROGRESS: 35.5% | File: stock_earning_call_transcripts.parquet | File Progress: 2.4%
2025-08-28 17:01:20,259 - main - INFO -  Download progress: 8.0% (130.0 MB)
2025-08-28 17:01:20,260 - main - INFO - 🔄 OVERALL PROGRESS: 35.6% | File: stock_earning_call_transcripts.parquet | File Progress: 2.4%
2025-08-28 17:01:20,419 - main - INFO -  Download progress: 8.1% (131.0 MB)
2025-08-28 17:01:20,420 - main - INFO - 🔄 OVERALL PROGRESS: 35.7% | File: stock_earning_call_transcripts.parquet | File Progress: 2.4%
2025-08-28 17:01:20,587 - main - INFO -  Download progress: 8.2% (132.0 MB)
2025-08-28 17:01:20,587 - main - INFO - 🔄 OVERALL PROGRESS: 35.8% | File: stock_earning_call_transcripts.parquet | File Progress: 2.4%
2025-08-28 17:01:20,743 - main - INFO -  Download progress: 8.2% (133.0 MB)
2025-08-28 17:01:20,744 - main - INFO - 🔄 OVERALL PROGRESS: 35.9% | File: stock_earning_call_transcripts.parquet | File Progress: 2.5%
2025-08-28 17:01:20,912 - main - INFO -  Download progress: 8.3% (134.0 MB)
2025-08-28 17:01:20,913 - main - INFO - 🔄 OVERALL PROGRESS: 36.0% | File: stock_earning_call_transcripts.parquet | File Progress: 2.5%
2025-08-28 17:01:21,054 - main - INFO -  Download progress: 8.3% (135.0 MB)
2025-08-28 17:01:21,054 - main - INFO - 🔄 OVERALL PROGRESS: 36.1% | File: stock_earning_call_transcripts.parquet | File Progress: 2.5%
2025-08-28 17:01:21,245 - main - INFO -  Download progress: 8.4% (136.0 MB)
2025-08-28 17:01:21,245 - main - INFO - 🔄 OVERALL PROGRESS: 36.2% | File: stock_earning_call_transcripts.parquet | File Progress: 2.5%
2025-08-28 17:01:21,383 - main - INFO -  Download progress: 8.5% (137.0 MB)
2025-08-28 17:01:21,384 - main - INFO - 🔄 OVERALL PROGRESS: 36.3% | File: stock_earning_call_transcripts.parquet | File Progress: 2.5%
2025-08-28 17:01:21,547 - main - INFO -  Download progress: 8.5% (138.0 MB)
2025-08-28 17:01:21,548 - main - INFO - 🔄 OVERALL PROGRESS: 36.4% | File: stock_earning_call_transcripts.parquet | File Progress: 2.6%
2025-08-28 17:01:21,709 - main - INFO -  Download progress: 8.6% (139.0 MB)
2025-08-28 17:01:21,710 - main - INFO - 🔄 OVERALL PROGRESS: 36.5% | File: stock_earning_call_transcripts.parquet | File Progress: 2.6%
2025-08-28 17:01:21,875 - main - INFO -  Download progress: 8.7% (140.0 MB)
2025-08-28 17:01:21,876 - main - INFO - 🔄 OVERALL PROGRESS: 36.6% | File: stock_earning_call_transcripts.parquet | File Progress: 2.6%
2025-08-28 17:01:22,047 - main - INFO -  Download progress: 8.7% (141.0 MB)
2025-08-28 17:01:22,048 - main - INFO - 🔄 OVERALL PROGRESS: 36.7% | File: stock_earning_call_transcripts.parquet | File Progress: 2.6%
2025-08-28 17:01:22,202 - main - INFO -  Download progress: 8.8% (142.0 MB)
2025-08-28 17:01:22,202 - main - INFO - 🔄 OVERALL PROGRESS: 36.9% | File: stock_earning_call_transcripts.parquet | File Progress: 2.6%
2025-08-28 17:01:22,326 - main - INFO -  Download progress: 8.8% (143.0 MB)
2025-08-28 17:01:22,327 - main - INFO - 🔄 OVERALL PROGRESS: 37.0% | File: stock_earning_call_transcripts.parquet | File Progress: 2.7%
2025-08-28 17:01:22,466 - main - INFO -  Download progress: 8.9% (144.0 MB)
2025-08-28 17:01:22,467 - main - INFO - 🔄 OVERALL PROGRESS: 37.1% | File: stock_earning_call_transcripts.parquet | File Progress: 2.7%
2025-08-28 17:01:22,614 - main - INFO -  Download progress: 9.0% (145.0 MB)
2025-08-28 17:01:22,615 - main - INFO - 🔄 OVERALL PROGRESS: 37.2% | File: stock_earning_call_transcripts.parquet | File Progress: 2.7%
2025-08-28 17:01:22,752 - main - INFO -  Download progress: 9.0% (146.0 MB)
2025-08-28 17:01:22,753 - main - INFO - 🔄 OVERALL PROGRESS: 37.3% | File: stock_earning_call_transcripts.parquet | File Progress: 2.7%
2025-08-28 17:01:22,893 - main - INFO -  Download progress: 9.1% (147.0 MB)
2025-08-28 17:01:22,893 - main - INFO - 🔄 OVERALL PROGRESS: 37.4% | File: stock_earning_call_transcripts.parquet | File Progress: 2.7%
2025-08-28 17:01:23,032 - main - INFO -  Download progress: 9.1% (148.0 MB)
2025-08-28 17:01:23,032 - main - INFO - 🔄 OVERALL PROGRESS: 37.5% | File: stock_earning_call_transcripts.parquet | File Progress: 2.7%
2025-08-28 17:01:23,177 - main - INFO -  Download progress: 9.2% (149.0 MB)
2025-08-28 17:01:23,177 - main - INFO - 🔄 OVERALL PROGRESS: 37.6% | File: stock_earning_call_transcripts.parquet | File Progress: 2.8%
2025-08-28 17:01:23,310 - main - INFO -  Download progress: 9.3% (150.0 MB)
2025-08-28 17:01:23,310 - main - INFO - 🔄 OVERALL PROGRESS: 37.7% | File: stock_earning_call_transcripts.parquet | File Progress: 2.8%
2025-08-28 17:01:23,456 - main - INFO -  Download progress: 9.3% (151.0 MB)
2025-08-28 17:01:23,456 - main - INFO - 🔄 OVERALL PROGRESS: 37.8% | File: stock_earning_call_transcripts.parquet | File Progress: 2.8%
2025-08-28 17:01:23,601 - main - INFO -  Download progress: 9.4% (152.0 MB)
2025-08-28 17:01:23,602 - main - INFO - 🔄 OVERALL PROGRESS: 37.9% | File: stock_earning_call_transcripts.parquet | File Progress: 2.8%
2025-08-28 17:01:23,758 - main - INFO -  Download progress: 9.5% (153.0 MB)
2025-08-28 17:01:23,758 - main - INFO - 🔄 OVERALL PROGRESS: 38.0% | File: stock_earning_call_transcripts.parquet | File Progress: 2.8%
2025-08-28 17:01:23,940 - main - INFO -  Download progress: 9.5% (154.0 MB)
2025-08-28 17:01:23,941 - main - INFO - 🔄 OVERALL PROGRESS: 38.1% | File: stock_earning_call_transcripts.parquet | File Progress: 2.9%
2025-08-28 17:01:24,099 - main - INFO -  Download progress: 9.6% (155.0 MB)
2025-08-28 17:01:24,099 - main - INFO - 🔄 OVERALL PROGRESS: 38.2% | File: stock_earning_call_transcripts.parquet | File Progress: 2.9%
2025-08-28 17:01:24,242 - main - INFO -  Download progress: 9.6% (156.0 MB)
2025-08-28 17:01:24,242 - main - INFO - 🔄 OVERALL PROGRESS: 38.3% | File: stock_earning_call_transcripts.parquet | File Progress: 2.9%
2025-08-28 17:01:24,383 - main - INFO -  Download progress: 9.7% (157.0 MB)
2025-08-28 17:01:24,384 - main - INFO - 🔄 OVERALL PROGRESS: 38.4% | File: stock_earning_call_transcripts.parquet | File Progress: 2.9%
2025-08-28 17:01:24,531 - main - INFO -  Download progress: 9.8% (158.0 MB)
2025-08-28 17:01:24,532 - main - INFO - 🔄 OVERALL PROGRESS: 38.5% | File: stock_earning_call_transcripts.parquet | File Progress: 2.9%
2025-08-28 17:01:24,683 - main - INFO -  Download progress: 9.8% (159.0 MB)
2025-08-28 17:01:24,683 - main - INFO - 🔄 OVERALL PROGRESS: 38.6% | File: stock_earning_call_transcripts.parquet | File Progress: 2.9%
2025-08-28 17:01:24,832 - main - INFO -  Download progress: 9.9% (160.0 MB)
2025-08-28 17:01:24,832 - main - INFO - 🔄 OVERALL PROGRESS: 38.7% | File: stock_earning_call_transcripts.parquet | File Progress: 3.0%
2025-08-28 17:01:24,987 - main - INFO -  Download progress: 10.0% (161.0 MB)
2025-08-28 17:01:24,987 - main - INFO - 🔄 OVERALL PROGRESS: 38.8% | File: stock_earning_call_transcripts.parquet | File Progress: 3.0%
2025-08-28 17:01:25,156 - main - INFO -  Download progress: 10.0% (162.0 MB)
2025-08-28 17:01:25,157 - main - INFO - 🔄 OVERALL PROGRESS: 38.9% | File: stock_earning_call_transcripts.parquet | File Progress: 3.0%
2025-08-28 17:01:25,325 - main - INFO -  Download progress: 10.1% (163.0 MB)
2025-08-28 17:01:25,325 - main - INFO - 🔄 OVERALL PROGRESS: 39.0% | File: stock_earning_call_transcripts.parquet | File Progress: 3.0%
2025-08-28 17:01:25,489 - main - INFO -  Download progress: 10.1% (164.0 MB)
2025-08-28 17:01:25,490 - main - INFO - 🔄 OVERALL PROGRESS: 39.1% | File: stock_earning_call_transcripts.parquet | File Progress: 3.0%
2025-08-28 17:01:25,652 - main - INFO -  Download progress: 10.2% (165.0 MB)
2025-08-28 17:01:25,652 - main - INFO - 🔄 OVERALL PROGRESS: 39.2% | File: stock_earning_call_transcripts.parquet | File Progress: 3.1%
2025-08-28 17:01:25,804 - main - INFO -  Download progress: 10.3% (166.0 MB)
2025-08-28 17:01:25,805 - main - INFO - 🔄 OVERALL PROGRESS: 39.3% | File: stock_earning_call_transcripts.parquet | File Progress: 3.1%
2025-08-28 17:01:25,944 - main - INFO -  Download progress: 10.3% (167.0 MB)
2025-08-28 17:01:25,945 - main - INFO - 🔄 OVERALL PROGRESS: 39.4% | File: stock_earning_call_transcripts.parquet | File Progress: 3.1%
2025-08-28 17:01:26,071 - main - INFO -  Download progress: 10.4% (168.0 MB)
2025-08-28 17:01:26,072 - main - INFO - 🔄 OVERALL PROGRESS: 39.5% | File: stock_earning_call_transcripts.parquet | File Progress: 3.1%
2025-08-28 17:01:26,197 - main - INFO -  Download progress: 10.4% (169.0 MB)
2025-08-28 17:01:26,197 - main - INFO - 🔄 OVERALL PROGRESS: 39.6% | File: stock_earning_call_transcripts.parquet | File Progress: 3.1%
2025-08-28 17:01:26,383 - main - INFO -  Download progress: 10.5% (170.0 MB)
2025-08-28 17:01:26,383 - main - INFO - 🔄 OVERALL PROGRESS: 39.7% | File: stock_earning_call_transcripts.parquet | File Progress: 3.2%
2025-08-28 17:01:26,525 - main - INFO -  Download progress: 10.6% (171.0 MB)
2025-08-28 17:01:26,525 - main - INFO - 🔄 OVERALL PROGRESS: 39.8% | File: stock_earning_call_transcripts.parquet | File Progress: 3.2%
2025-08-28 17:01:26,564 - main - INFO -  Download progress: 10.6% (172.0 MB)
2025-08-28 17:01:26,564 - main - INFO - 🔄 OVERALL PROGRESS: 39.9% | File: stock_earning_call_transcripts.parquet | File Progress: 3.2%
2025-08-28 17:01:26,680 - main - INFO -  Download progress: 10.7% (173.0 MB)
2025-08-28 17:01:26,681 - main - INFO - 🔄 OVERALL PROGRESS: 40.0% | File: stock_earning_call_transcripts.parquet | File Progress: 3.2%
2025-08-28 17:01:26,800 - main - INFO -  Download progress: 10.8% (174.0 MB)
2025-08-28 17:01:26,801 - main - INFO - 🔄 OVERALL PROGRESS: 40.1% | File: stock_earning_call_transcripts.parquet | File Progress: 3.2%
2025-08-28 17:01:26,921 - main - INFO -  Download progress: 10.8% (175.0 MB)
2025-08-28 17:01:26,921 - main - INFO - 🔄 OVERALL PROGRESS: 40.3% | File: stock_earning_call_transcripts.parquet | File Progress: 3.2%
2025-08-28 17:01:27,033 - main - INFO -  Download progress: 10.9% (176.0 MB)
2025-08-28 17:01:27,033 - main - INFO - 🔄 OVERALL PROGRESS: 40.4% | File: stock_earning_call_transcripts.parquet | File Progress: 3.3%
2025-08-28 17:01:27,142 - main - INFO -  Download progress: 10.9% (177.0 MB)
2025-08-28 17:01:27,142 - main - INFO - 🔄 OVERALL PROGRESS: 40.5% | File: stock_earning_call_transcripts.parquet | File Progress: 3.3%
2025-08-28 17:01:27,246 - main - INFO -  Download progress: 11.0% (178.0 MB)
2025-08-28 17:01:27,247 - main - INFO - 🔄 OVERALL PROGRESS: 40.6% | File: stock_earning_call_transcripts.parquet | File Progress: 3.3%
2025-08-28 17:01:27,345 - main - INFO -  Download progress: 11.1% (179.0 MB)
2025-08-28 17:01:27,346 - main - INFO - 🔄 OVERALL PROGRESS: 40.7% | File: stock_earning_call_transcripts.parquet | File Progress: 3.3%
2025-08-28 17:01:27,449 - main - INFO -  Download progress: 11.1% (180.0 MB)
2025-08-28 17:01:27,449 - main - INFO - 🔄 OVERALL PROGRESS: 40.8% | File: stock_earning_call_transcripts.parquet | File Progress: 3.3%
2025-08-28 17:01:27,534 - main - INFO -  Download progress: 11.2% (181.0 MB)
2025-08-28 17:01:27,534 - main - INFO - 🔄 OVERALL PROGRESS: 40.9% | File: stock_earning_call_transcripts.parquet | File Progress: 3.4%
2025-08-28 17:01:27,639 - main - INFO -  Download progress: 11.3% (182.0 MB)
2025-08-28 17:01:27,639 - main - INFO - 🔄 OVERALL PROGRESS: 41.0% | File: stock_earning_call_transcripts.parquet | File Progress: 3.4%
2025-08-28 17:01:27,732 - main - INFO -  Download progress: 11.3% (183.0 MB)
2025-08-28 17:01:27,733 - main - INFO - 🔄 OVERALL PROGRESS: 41.1% | File: stock_earning_call_transcripts.parquet | File Progress: 3.4%
2025-08-28 17:01:27,915 - main - INFO -  Download progress: 11.4% (184.0 MB)
2025-08-28 17:01:27,915 - main - INFO - 🔄 OVERALL PROGRESS: 41.2% | File: stock_earning_call_transcripts.parquet | File Progress: 3.4%
2025-08-28 17:01:28,220 - main - INFO -  Download progress: 11.4% (185.0 MB)
2025-08-28 17:01:28,221 - main - INFO - 🔄 OVERALL PROGRESS: 41.3% | File: stock_earning_call_transcripts.parquet | File Progress: 3.4%
2025-08-28 17:01:28,501 - main - INFO -  Download progress: 11.5% (186.0 MB)
2025-08-28 17:01:28,501 - main - INFO - 🔄 OVERALL PROGRESS: 41.4% | File: stock_earning_call_transcripts.parquet | File Progress: 3.4%
2025-08-28 17:01:28,778 - main - INFO -  Download progress: 11.6% (187.0 MB)
2025-08-28 17:01:28,778 - main - INFO - 🔄 OVERALL PROGRESS: 41.5% | File: stock_earning_call_transcripts.parquet | File Progress: 3.5%
2025-08-28 17:01:29,054 - main - INFO -  Download progress: 11.6% (188.0 MB)
2025-08-28 17:01:29,055 - main - INFO - 🔄 OVERALL PROGRESS: 41.6% | File: stock_earning_call_transcripts.parquet | File Progress: 3.5%
2025-08-28 17:01:29,364 - main - INFO -  Download progress: 11.7% (189.0 MB)
2025-08-28 17:01:29,365 - main - INFO - 🔄 OVERALL PROGRESS: 41.7% | File: stock_earning_call_transcripts.parquet | File Progress: 3.5%
2025-08-28 17:01:29,638 - main - INFO -  Download progress: 11.7% (190.0 MB)
2025-08-28 17:01:29,638 - main - INFO - 🔄 OVERALL PROGRESS: 41.8% | File: stock_earning_call_transcripts.parquet | File Progress: 3.5%
2025-08-28 17:01:29,840 - main - INFO -  Download progress: 11.8% (191.0 MB)
2025-08-28 17:01:29,841 - main - INFO - 🔄 OVERALL PROGRESS: 41.9% | File: stock_earning_call_transcripts.parquet | File Progress: 3.5%
2025-08-28 17:01:30,083 - main - INFO -  Download progress: 11.9% (192.0 MB)
2025-08-28 17:01:30,084 - main - INFO - 🔄 OVERALL PROGRESS: 42.0% | File: stock_earning_call_transcripts.parquet | File Progress: 3.6%
2025-08-28 17:01:30,275 - main - INFO -  Download progress: 11.9% (193.0 MB)
2025-08-28 17:01:30,275 - main - INFO - 🔄 OVERALL PROGRESS: 42.1% | File: stock_earning_call_transcripts.parquet | File Progress: 3.6%
2025-08-28 17:01:30,480 - main - INFO -  Download progress: 12.0% (194.0 MB)
2025-08-28 17:01:30,480 - main - INFO - 🔄 OVERALL PROGRESS: 42.2% | File: stock_earning_call_transcripts.parquet | File Progress: 3.6%
2025-08-28 17:01:30,666 - main - INFO -  Download progress: 12.1% (195.0 MB)
2025-08-28 17:01:30,667 - main - INFO - 🔄 OVERALL PROGRESS: 42.3% | File: stock_earning_call_transcripts.parquet | File Progress: 3.6%
2025-08-28 17:01:30,879 - main - INFO -  Download progress: 12.1% (196.0 MB)
2025-08-28 17:01:30,879 - main - INFO - 🔄 OVERALL PROGRESS: 42.4% | File: stock_earning_call_transcripts.parquet | File Progress: 3.6%
2025-08-28 17:01:30,981 - main - INFO -  Download progress: 12.2% (197.0 MB)
2025-08-28 17:01:30,981 - main - INFO - 🔄 OVERALL PROGRESS: 42.5% | File: stock_earning_call_transcripts.parquet | File Progress: 3.7%
2025-08-28 17:01:31,133 - main - INFO -  Download progress: 12.2% (198.0 MB)
2025-08-28 17:01:31,134 - main - INFO - 🔄 OVERALL PROGRESS: 42.6% | File: stock_earning_call_transcripts.parquet | File Progress: 3.7%
2025-08-28 17:01:31,288 - main - INFO -  Download progress: 12.3% (199.0 MB)
2025-08-28 17:01:31,289 - main - INFO - 🔄 OVERALL PROGRESS: 42.7% | File: stock_earning_call_transcripts.parquet | File Progress: 3.7%
2025-08-28 17:01:31,447 - main - INFO -  Download progress: 12.4% (200.0 MB)
2025-08-28 17:01:31,448 - main - INFO - 🔄 OVERALL PROGRESS: 42.8% | File: stock_earning_call_transcripts.parquet | File Progress: 3.7%
2025-08-28 17:01:31,623 - main - INFO -  Download progress: 12.4% (201.0 MB)
2025-08-28 17:01:31,623 - main - INFO - 🔄 OVERALL PROGRESS: 42.9% | File: stock_earning_call_transcripts.parquet | File Progress: 3.7%
2025-08-28 17:01:31,785 - main - INFO -  Download progress: 12.5% (202.0 MB)
2025-08-28 17:01:31,785 - main - INFO - 🔄 OVERALL PROGRESS: 43.0% | File: stock_earning_call_transcripts.parquet | File Progress: 3.7%
2025-08-28 17:01:31,945 - main - INFO -  Download progress: 12.5% (203.0 MB)
2025-08-28 17:01:31,946 - main - INFO - 🔄 OVERALL PROGRESS: 43.1% | File: stock_earning_call_transcripts.parquet | File Progress: 3.8%
2025-08-28 17:01:32,123 - main - INFO -  Download progress: 12.6% (204.0 MB)
2025-08-28 17:01:32,123 - main - INFO - 🔄 OVERALL PROGRESS: 43.2% | File: stock_earning_call_transcripts.parquet | File Progress: 3.8%
2025-08-28 17:01:32,274 - main - INFO -  Download progress: 12.7% (205.0 MB)
2025-08-28 17:01:32,274 - main - INFO - 🔄 OVERALL PROGRESS: 43.3% | File: stock_earning_call_transcripts.parquet | File Progress: 3.8%
2025-08-28 17:01:32,452 - main - INFO -  Download progress: 12.7% (206.0 MB)
2025-08-28 17:01:32,452 - main - INFO - 🔄 OVERALL PROGRESS: 43.4% | File: stock_earning_call_transcripts.parquet | File Progress: 3.8%
2025-08-28 17:01:32,616 - main - INFO -  Download progress: 12.8% (207.0 MB)
2025-08-28 17:01:32,617 - main - INFO - 🔄 OVERALL PROGRESS: 43.5% | File: stock_earning_call_transcripts.parquet | File Progress: 3.8%
2025-08-28 17:01:32,781 - main - INFO -  Download progress: 12.9% (208.0 MB)
2025-08-28 17:01:32,782 - main - INFO - 🔄 OVERALL PROGRESS: 43.7% | File: stock_earning_call_transcripts.parquet | File Progress: 3.9%
2025-08-28 17:01:32,988 - main - INFO -  Download progress: 12.9% (209.0 MB)
2025-08-28 17:01:32,989 - main - INFO - 🔄 OVERALL PROGRESS: 43.8% | File: stock_earning_call_transcripts.parquet | File Progress: 3.9%
2025-08-28 17:01:33,139 - main - INFO -  Download progress: 13.0% (210.0 MB)
2025-08-28 17:01:33,140 - main - INFO - 🔄 OVERALL PROGRESS: 43.9% | File: stock_earning_call_transcripts.parquet | File Progress: 3.9%
2025-08-28 17:01:33,327 - main - INFO -  Download progress: 13.0% (211.0 MB)
2025-08-28 17:01:33,327 - main - INFO - 🔄 OVERALL PROGRESS: 44.0% | File: stock_earning_call_transcripts.parquet | File Progress: 3.9%
2025-08-28 17:01:33,482 - main - INFO -  Download progress: 13.1% (212.0 MB)
2025-08-28 17:01:33,482 - main - INFO - 🔄 OVERALL PROGRESS: 44.1% | File: stock_earning_call_transcripts.parquet | File Progress: 3.9%
2025-08-28 17:01:33,664 - main - INFO -  Download progress: 13.2% (213.0 MB)
2025-08-28 17:01:33,665 - main - INFO - 🔄 OVERALL PROGRESS: 44.2% | File: stock_earning_call_transcripts.parquet | File Progress: 4.0%
2025-08-28 17:01:33,833 - main - INFO -  Download progress: 13.2% (214.0 MB)
2025-08-28 17:01:33,833 - main - INFO - 🔄 OVERALL PROGRESS: 44.3% | File: stock_earning_call_transcripts.parquet | File Progress: 4.0%
2025-08-28 17:01:34,006 - main - INFO -  Download progress: 13.3% (215.0 MB)
2025-08-28 17:01:34,006 - main - INFO - 🔄 OVERALL PROGRESS: 44.4% | File: stock_earning_call_transcripts.parquet | File Progress: 4.0%
2025-08-28 17:01:34,158 - main - INFO -  Download progress: 13.4% (216.0 MB)
2025-08-28 17:01:34,158 - main - INFO - 🔄 OVERALL PROGRESS: 44.5% | File: stock_earning_call_transcripts.parquet | File Progress: 4.0%
2025-08-28 17:01:34,358 - main - INFO -  Download progress: 13.4% (217.0 MB)
2025-08-28 17:01:34,359 - main - INFO - 🔄 OVERALL PROGRESS: 44.6% | File: stock_earning_call_transcripts.parquet | File Progress: 4.0%
2025-08-28 17:01:34,550 - main - INFO -  Download progress: 13.5% (218.0 MB)
2025-08-28 17:01:34,551 - main - INFO - 🔄 OVERALL PROGRESS: 44.7% | File: stock_earning_call_transcripts.parquet | File Progress: 4.0%
2025-08-28 17:01:34,708 - main - INFO -  Download progress: 13.5% (219.0 MB)
2025-08-28 17:01:34,709 - main - INFO - 🔄 OVERALL PROGRESS: 44.8% | File: stock_earning_call_transcripts.parquet | File Progress: 4.1%
2025-08-28 17:01:34,872 - main - INFO -  Download progress: 13.6% (220.0 MB)
2025-08-28 17:01:34,872 - main - INFO - 🔄 OVERALL PROGRESS: 44.9% | File: stock_earning_call_transcripts.parquet | File Progress: 4.1%
2025-08-28 17:01:35,101 - main - INFO -  Download progress: 13.7% (221.0 MB)
2025-08-28 17:01:35,101 - main - INFO - 🔄 OVERALL PROGRESS: 45.0% | File: stock_earning_call_transcripts.parquet | File Progress: 4.1%
2025-08-28 17:01:35,317 - main - INFO -  Download progress: 13.7% (222.0 MB)
2025-08-28 17:01:35,318 - main - INFO - 🔄 OVERALL PROGRESS: 45.1% | File: stock_earning_call_transcripts.parquet | File Progress: 4.1%
2025-08-28 17:01:35,517 - main - INFO -  Download progress: 13.8% (223.0 MB)
2025-08-28 17:01:35,518 - main - INFO - 🔄 OVERALL PROGRESS: 45.2% | File: stock_earning_call_transcripts.parquet | File Progress: 4.1%
2025-08-28 17:01:35,708 - main - INFO -  Download progress: 13.8% (224.0 MB)
2025-08-28 17:01:35,709 - main - INFO - 🔄 OVERALL PROGRESS: 45.3% | File: stock_earning_call_transcripts.parquet | File Progress: 4.2%
2025-08-28 17:01:35,933 - main - INFO -  Download progress: 13.9% (225.0 MB)
2025-08-28 17:01:35,934 - main - INFO - 🔄 OVERALL PROGRESS: 45.4% | File: stock_earning_call_transcripts.parquet | File Progress: 4.2%
2025-08-28 17:01:36,150 - main - INFO -  Download progress: 14.0% (226.0 MB)
2025-08-28 17:01:36,150 - main - INFO - 🔄 OVERALL PROGRESS: 45.5% | File: stock_earning_call_transcripts.parquet | File Progress: 4.2%
2025-08-28 17:01:36,404 - main - INFO -  Download progress: 14.0% (227.0 MB)
2025-08-28 17:01:36,404 - main - INFO - 🔄 OVERALL PROGRESS: 45.6% | File: stock_earning_call_transcripts.parquet | File Progress: 4.2%
2025-08-28 17:01:36,626 - main - INFO -  Download progress: 14.1% (228.0 MB)
2025-08-28 17:01:36,627 - main - INFO - 🔄 OVERALL PROGRESS: 45.7% | File: stock_earning_call_transcripts.parquet | File Progress: 4.2%
2025-08-28 17:01:36,812 - main - INFO -  Download progress: 14.2% (229.0 MB)
2025-08-28 17:01:36,812 - main - INFO - 🔄 OVERALL PROGRESS: 45.8% | File: stock_earning_call_transcripts.parquet | File Progress: 4.2%
2025-08-28 17:01:37,051 - main - INFO -  Download progress: 14.2% (230.0 MB)
2025-08-28 17:01:37,051 - main - INFO - 🔄 OVERALL PROGRESS: 45.9% | File: stock_earning_call_transcripts.parquet | File Progress: 4.3%
2025-08-28 17:01:37,274 - main - INFO -  Download progress: 14.3% (231.0 MB)
2025-08-28 17:01:37,274 - main - INFO - 🔄 OVERALL PROGRESS: 46.0% | File: stock_earning_call_transcripts.parquet | File Progress: 4.3%
2025-08-28 17:01:37,465 - main - INFO -  Download progress: 14.3% (232.0 MB)
2025-08-28 17:01:37,465 - main - INFO - 🔄 OVERALL PROGRESS: 46.1% | File: stock_earning_call_transcripts.parquet | File Progress: 4.3%
2025-08-28 17:01:37,700 - main - INFO -  Download progress: 14.4% (233.0 MB)
2025-08-28 17:01:37,700 - main - INFO - 🔄 OVERALL PROGRESS: 46.2% | File: stock_earning_call_transcripts.parquet | File Progress: 4.3%
2025-08-28 17:01:37,922 - main - INFO -  Download progress: 14.5% (234.0 MB)
2025-08-28 17:01:37,923 - main - INFO - 🔄 OVERALL PROGRESS: 46.3% | File: stock_earning_call_transcripts.parquet | File Progress: 4.3%
2025-08-28 17:01:38,123 - main - INFO -  Download progress: 14.5% (235.0 MB)
2025-08-28 17:01:38,123 - main - INFO - 🔄 OVERALL PROGRESS: 46.4% | File: stock_earning_call_transcripts.parquet | File Progress: 4.4%
2025-08-28 17:01:38,354 - main - INFO -  Download progress: 14.6% (236.0 MB)
2025-08-28 17:01:38,354 - main - INFO - 🔄 OVERALL PROGRESS: 46.5% | File: stock_earning_call_transcripts.parquet | File Progress: 4.4%
2025-08-28 17:01:38,589 - main - INFO -  Download progress: 14.7% (237.0 MB)
2025-08-28 17:01:38,590 - main - INFO - 🔄 OVERALL PROGRESS: 46.6% | File: stock_earning_call_transcripts.parquet | File Progress: 4.4%
2025-08-28 17:01:38,792 - main - INFO -  Download progress: 14.7% (238.0 MB)
2025-08-28 17:01:38,792 - main - INFO - 🔄 OVERALL PROGRESS: 46.7% | File: stock_earning_call_transcripts.parquet | File Progress: 4.4%
2025-08-28 17:01:39,023 - main - INFO -  Download progress: 14.8% (239.0 MB)
2025-08-28 17:01:39,024 - main - INFO - 🔄 OVERALL PROGRESS: 46.8% | File: stock_earning_call_transcripts.parquet | File Progress: 4.4%
2025-08-28 17:01:39,223 - main - INFO - Health check requested
2025-08-28 17:01:39,224 - main - ERROR - Health check failed: Not an executable object: 'SELECT 1'
2025-08-28 17:01:39,224 - main - INFO -  Download progress: 14.8% (240.0 MB)
2025-08-28 17:01:39,224 - main - INFO - 🔄 OVERALL PROGRESS: 46.9% | File: stock_earning_call_transcripts.parquet | File Progress: 4.5%
2025-08-28 17:01:39,390 - main - INFO -  Download progress: 14.9% (241.0 MB)
2025-08-28 17:01:39,390 - main - INFO - 🔄 OVERALL PROGRESS: 47.1% | File: stock_earning_call_transcripts.parquet | File Progress: 4.5%
2025-08-28 17:01:39,549 - main - INFO -  Download progress: 15.0% (242.0 MB)
2025-08-28 17:01:39,550 - main - INFO - 🔄 OVERALL PROGRESS: 47.2% | File: stock_earning_call_transcripts.parquet | File Progress: 4.5%
2025-08-28 17:01:39,737 - main - INFO -  Download progress: 15.0% (243.0 MB)
2025-08-28 17:01:39,738 - main - INFO - 🔄 OVERALL PROGRESS: 47.3% | File: stock_earning_call_transcripts.parquet | File Progress: 4.5%
2025-08-28 17:01:39,895 - main - INFO -  Download progress: 15.1% (244.0 MB)
2025-08-28 17:01:39,895 - main - INFO - 🔄 OVERALL PROGRESS: 47.4% | File: stock_earning_call_transcripts.parquet | File Progress: 4.5%
2025-08-28 17:01:40,063 - main - INFO -  Download progress: 15.1% (245.0 MB)
2025-08-28 17:01:40,064 - main - INFO - 🔄 OVERALL PROGRESS: 47.5% | File: stock_earning_call_transcripts.parquet | File Progress: 4.5%
2025-08-28 17:01:40,235 - main - INFO -  Download progress: 15.2% (246.0 MB)
2025-08-28 17:01:40,235 - main - INFO - 🔄 OVERALL PROGRESS: 47.6% | File: stock_earning_call_transcripts.parquet | File Progress: 4.6%
2025-08-28 17:01:40,405 - main - INFO -  Download progress: 15.3% (247.0 MB)
2025-08-28 17:01:40,405 - main - INFO - 🔄 OVERALL PROGRESS: 47.7% | File: stock_earning_call_transcripts.parquet | File Progress: 4.6%
2025-08-28 17:01:40,563 - main - INFO -  Download progress: 15.3% (248.0 MB)
2025-08-28 17:01:40,563 - main - INFO - 🔄 OVERALL PROGRESS: 47.8% | File: stock_earning_call_transcripts.parquet | File Progress: 4.6%
2025-08-28 17:01:40,725 - main - INFO -  Download progress: 15.4% (249.0 MB)
2025-08-28 17:01:40,726 - main - INFO - 🔄 OVERALL PROGRESS: 47.9% | File: stock_earning_call_transcripts.parquet | File Progress: 4.6%
2025-08-28 17:01:40,883 - main - INFO -  Download progress: 15.5% (250.0 MB)
2025-08-28 17:01:40,883 - main - INFO - 🔄 OVERALL PROGRESS: 48.0% | File: stock_earning_call_transcripts.parquet | File Progress: 4.6%
2025-08-28 17:01:41,035 - main - INFO -  Download progress: 15.5% (251.0 MB)
2025-08-28 17:01:41,036 - main - INFO - 🔄 OVERALL PROGRESS: 48.1% | File: stock_earning_call_transcripts.parquet | File Progress: 4.7%
2025-08-28 17:01:41,206 - main - INFO -  Download progress: 15.6% (252.0 MB)
2025-08-28 17:01:41,206 - main - INFO - 🔄 OVERALL PROGRESS: 48.2% | File: stock_earning_call_transcripts.parquet | File Progress: 4.7%
2025-08-28 17:01:41,365 - main - INFO -  Download progress: 15.6% (253.0 MB)
2025-08-28 17:01:41,365 - main - INFO - 🔄 OVERALL PROGRESS: 48.3% | File: stock_earning_call_transcripts.parquet | File Progress: 4.7%
2025-08-28 17:01:41,631 - main - INFO -  Download progress: 15.7% (254.0 MB)
2025-08-28 17:01:41,631 - main - INFO - 🔄 OVERALL PROGRESS: 48.4% | File: stock_earning_call_transcripts.parquet | File Progress: 4.7%
2025-08-28 17:01:41,671 - main - INFO -  Download progress: 15.8% (255.0 MB)
2025-08-28 17:01:41,672 - main - INFO - 🔄 OVERALL PROGRESS: 48.5% | File: stock_earning_call_transcripts.parquet | File Progress: 4.7%
2025-08-28 17:01:41,841 - main - INFO -  Download progress: 15.8% (256.0 MB)
2025-08-28 17:01:41,841 - main - INFO - 🔄 OVERALL PROGRESS: 48.6% | File: stock_earning_call_transcripts.parquet | File Progress: 4.7%
2025-08-28 17:01:41,996 - main - INFO -  Download progress: 15.9% (257.0 MB)
2025-08-28 17:01:41,997 - main - INFO - 🔄 OVERALL PROGRESS: 48.7% | File: stock_earning_call_transcripts.parquet | File Progress: 4.8%
2025-08-28 17:01:42,203 - main - INFO -  Download progress: 15.9% (258.0 MB)
2025-08-28 17:01:42,204 - main - INFO - 🔄 OVERALL PROGRESS: 48.8% | File: stock_earning_call_transcripts.parquet | File Progress: 4.8%
2025-08-28 17:01:42,348 - main - INFO -  Download progress: 16.0% (259.0 MB)
2025-08-28 17:01:42,348 - main - INFO - 🔄 OVERALL PROGRESS: 48.9% | File: stock_earning_call_transcripts.parquet | File Progress: 4.8%
2025-08-28 17:01:42,501 - main - INFO -  Download progress: 16.1% (260.0 MB)
2025-08-28 17:01:42,502 - main - INFO - 🔄 OVERALL PROGRESS: 49.0% | File: stock_earning_call_transcripts.parquet | File Progress: 4.8%
2025-08-28 17:01:42,664 - main - INFO -  Download progress: 16.1% (261.0 MB)
2025-08-28 17:01:42,664 - main - INFO - 🔄 OVERALL PROGRESS: 49.1% | File: stock_earning_call_transcripts.parquet | File Progress: 4.8%
2025-08-28 17:01:42,835 - main - INFO -  Download progress: 16.2% (262.0 MB)
2025-08-28 17:01:42,836 - main - INFO - 🔄 OVERALL PROGRESS: 49.2% | File: stock_earning_call_transcripts.parquet | File Progress: 4.9%
2025-08-28 17:01:42,993 - main - INFO -  Download progress: 16.3% (263.0 MB)
2025-08-28 17:01:42,993 - main - INFO - 🔄 OVERALL PROGRESS: 49.3% | File: stock_earning_call_transcripts.parquet | File Progress: 4.9%
2025-08-28 17:01:43,156 - main - INFO -  Download progress: 16.3% (264.0 MB)
2025-08-28 17:01:43,157 - main - INFO - 🔄 OVERALL PROGRESS: 49.4% | File: stock_earning_call_transcripts.parquet | File Progress: 4.9%
2025-08-28 17:01:43,306 - main - INFO -  Download progress: 16.4% (265.0 MB)
2025-08-28 17:01:43,307 - main - INFO - 🔄 OVERALL PROGRESS: 49.5% | File: stock_earning_call_transcripts.parquet | File Progress: 4.9%
2025-08-28 17:01:43,476 - main - INFO -  Download progress: 16.4% (266.0 MB)
2025-08-28 17:01:43,476 - main - INFO - 🔄 OVERALL PROGRESS: 49.6% | File: stock_earning_call_transcripts.parquet | File Progress: 4.9%
2025-08-28 17:01:43,634 - main - INFO -  Download progress: 16.5% (267.0 MB)
2025-08-28 17:01:43,635 - main - INFO - 🔄 OVERALL PROGRESS: 49.7% | File: stock_earning_call_transcripts.parquet | File Progress: 5.0%
2025-08-28 17:01:43,811 - main - INFO -  Download progress: 16.6% (268.0 MB)
2025-08-28 17:01:43,811 - main - INFO - 🔄 OVERALL PROGRESS: 49.8% | File: stock_earning_call_transcripts.parquet | File Progress: 5.0%
2025-08-28 17:01:44,014 - main - INFO -  Download progress: 16.6% (269.0 MB)
2025-08-28 17:01:44,014 - main - INFO - 🔄 OVERALL PROGRESS: 49.9% | File: stock_earning_call_transcripts.parquet | File Progress: 5.0%
2025-08-28 17:01:44,231 - main - INFO -  Download progress: 16.7% (270.0 MB)
2025-08-28 17:01:44,231 - main - INFO - 🔄 OVERALL PROGRESS: 50.0% | File: stock_earning_call_transcripts.parquet | File Progress: 5.0%
2025-08-28 17:01:44,436 - main - INFO -  Download progress: 16.8% (271.0 MB)
2025-08-28 17:01:44,437 - main - INFO - 🔄 OVERALL PROGRESS: 50.1% | File: stock_earning_call_transcripts.parquet | File Progress: 5.0%
2025-08-28 17:01:44,638 - main - INFO -  Download progress: 16.8% (272.0 MB)
2025-08-28 17:01:44,645 - main - INFO - 🔄 OVERALL PROGRESS: 50.2% | File: stock_earning_call_transcripts.parquet | File Progress: 5.0%
2025-08-28 17:01:44,861 - main - INFO -  Download progress: 16.9% (273.0 MB)
2025-08-28 17:01:44,861 - main - INFO - 🔄 OVERALL PROGRESS: 50.3% | File: stock_earning_call_transcripts.parquet | File Progress: 5.1%
2025-08-28 17:01:45,085 - main - INFO -  Download progress: 16.9% (274.0 MB)
2025-08-28 17:01:45,086 - main - INFO - 🔄 OVERALL PROGRESS: 50.5% | File: stock_earning_call_transcripts.parquet | File Progress: 5.1%
2025-08-28 17:01:45,260 - main - INFO -  Download progress: 17.0% (275.0 MB)
2025-08-28 17:01:45,261 - main - INFO - 🔄 OVERALL PROGRESS: 50.6% | File: stock_earning_call_transcripts.parquet | File Progress: 5.1%
2025-08-28 17:01:45,487 - main - INFO -  Download progress: 17.1% (276.0 MB)
2025-08-28 17:01:45,488 - main - INFO - 🔄 OVERALL PROGRESS: 50.7% | File: stock_earning_call_transcripts.parquet | File Progress: 5.1%
2025-08-28 17:01:45,704 - main - INFO -  Download progress: 17.1% (277.0 MB)
2025-08-28 17:01:45,704 - main - INFO - 🔄 OVERALL PROGRESS: 50.8% | File: stock_earning_call_transcripts.parquet | File Progress: 5.1%
2025-08-28 17:01:45,923 - main - INFO -  Download progress: 17.2% (278.0 MB)
2025-08-28 17:01:45,923 - main - INFO - 🔄 OVERALL PROGRESS: 50.9% | File: stock_earning_call_transcripts.parquet | File Progress: 5.2%
2025-08-28 17:01:46,133 - main - INFO -  Download progress: 17.2% (279.0 MB)
2025-08-28 17:01:46,133 - main - INFO - 🔄 OVERALL PROGRESS: 51.0% | File: stock_earning_call_transcripts.parquet | File Progress: 5.2%
2025-08-28 17:01:46,345 - main - INFO -  Download progress: 17.3% (280.0 MB)
2025-08-28 17:01:46,345 - main - INFO - 🔄 OVERALL PROGRESS: 51.1% | File: stock_earning_call_transcripts.parquet | File Progress: 5.2%
2025-08-28 17:01:46,560 - main - INFO -  Download progress: 17.4% (281.0 MB)
2025-08-28 17:01:46,561 - main - INFO - 🔄 OVERALL PROGRESS: 51.2% | File: stock_earning_call_transcripts.parquet | File Progress: 5.2%
2025-08-28 17:01:46,776 - main - INFO -  Download progress: 17.4% (282.0 MB)
2025-08-28 17:01:46,777 - main - INFO - 🔄 OVERALL PROGRESS: 51.3% | File: stock_earning_call_transcripts.parquet | File Progress: 5.2%
2025-08-28 17:01:46,974 - main - INFO -  Download progress: 17.5% (283.0 MB)
2025-08-28 17:01:46,974 - main - INFO - 🔄 OVERALL PROGRESS: 51.4% | File: stock_earning_call_transcripts.parquet | File Progress: 5.2%
2025-08-28 17:01:47,401 - main - INFO -  Download progress: 17.6% (284.0 MB)
2025-08-28 17:01:47,401 - main - INFO - 🔄 OVERALL PROGRESS: 51.5% | File: stock_earning_call_transcripts.parquet | File Progress: 5.3%
2025-08-28 17:01:47,594 - main - INFO -  Download progress: 17.6% (285.0 MB)
2025-08-28 17:01:47,594 - main - INFO - 🔄 OVERALL PROGRESS: 51.6% | File: stock_earning_call_transcripts.parquet | File Progress: 5.3%
2025-08-28 17:01:47,786 - main - INFO -  Download progress: 17.7% (286.0 MB)
2025-08-28 17:01:47,786 - main - INFO - 🔄 OVERALL PROGRESS: 51.7% | File: stock_earning_call_transcripts.parquet | File Progress: 5.3%
2025-08-28 17:01:47,983 - main - INFO -  Download progress: 17.7% (287.0 MB)
2025-08-28 17:01:47,983 - main - INFO - 🔄 OVERALL PROGRESS: 51.8% | File: stock_earning_call_transcripts.parquet | File Progress: 5.3%
2025-08-28 17:01:48,142 - main - INFO -  Download progress: 17.8% (288.0 MB)
2025-08-28 17:01:48,143 - main - INFO - 🔄 OVERALL PROGRESS: 51.9% | File: stock_earning_call_transcripts.parquet | File Progress: 5.3%
2025-08-28 17:01:48,318 - main - INFO -  Download progress: 17.9% (289.0 MB)
2025-08-28 17:01:48,318 - main - INFO - 🔄 OVERALL PROGRESS: 52.0% | File: stock_earning_call_transcripts.parquet | File Progress: 5.4%
2025-08-28 17:01:48,498 - main - INFO -  Download progress: 17.9% (290.0 MB)
2025-08-28 17:01:48,498 - main - INFO - 🔄 OVERALL PROGRESS: 52.1% | File: stock_earning_call_transcripts.parquet | File Progress: 5.4%
2025-08-28 17:01:48,618 - main - INFO -  Download progress: 18.0% (291.0 MB)
2025-08-28 17:01:48,619 - main - INFO - 🔄 OVERALL PROGRESS: 52.2% | File: stock_earning_call_transcripts.parquet | File Progress: 5.4%
2025-08-28 17:01:48,737 - main - INFO -  Download progress: 18.1% (292.0 MB)
2025-08-28 17:01:48,737 - main - INFO - 🔄 OVERALL PROGRESS: 52.3% | File: stock_earning_call_transcripts.parquet | File Progress: 5.4%
2025-08-28 17:01:48,915 - main - INFO -  Download progress: 18.1% (293.0 MB)
2025-08-28 17:01:48,916 - main - INFO - 🔄 OVERALL PROGRESS: 52.4% | File: stock_earning_call_transcripts.parquet | File Progress: 5.4%
2025-08-28 17:01:49,049 - main - INFO -  Download progress: 18.2% (294.0 MB)
2025-08-28 17:01:49,049 - main - INFO - 🔄 OVERALL PROGRESS: 52.5% | File: stock_earning_call_transcripts.parquet | File Progress: 5.5%
2025-08-28 17:01:49,227 - main - INFO -  Download progress: 18.2% (295.0 MB)
2025-08-28 17:01:49,228 - main - INFO - 🔄 OVERALL PROGRESS: 52.6% | File: stock_earning_call_transcripts.parquet | File Progress: 5.5%
2025-08-28 17:01:49,373 - main - INFO -  Download progress: 18.3% (296.0 MB)
2025-08-28 17:01:49,374 - main - INFO - 🔄 OVERALL PROGRESS: 52.7% | File: stock_earning_call_transcripts.parquet | File Progress: 5.5%
2025-08-28 17:01:49,508 - main - INFO -  Download progress: 18.4% (297.0 MB)
2025-08-28 17:01:49,509 - main - INFO - 🔄 OVERALL PROGRESS: 52.8% | File: stock_earning_call_transcripts.parquet | File Progress: 5.5%
2025-08-28 17:01:49,657 - main - INFO -  Download progress: 18.4% (298.0 MB)
2025-08-28 17:01:49,658 - main - INFO - 🔄 OVERALL PROGRESS: 52.9% | File: stock_earning_call_transcripts.parquet | File Progress: 5.5%
2025-08-28 17:01:49,814 - main - INFO -  Download progress: 18.5% (299.0 MB)
2025-08-28 17:01:49,816 - main - INFO - 🔄 OVERALL PROGRESS: 53.0% | File: stock_earning_call_transcripts.parquet | File Progress: 5.5%
2025-08-28 17:01:49,960 - main - INFO -  Download progress: 18.5% (300.0 MB)
2025-08-28 17:01:49,960 - main - INFO - 🔄 OVERALL PROGRESS: 53.1% | File: stock_earning_call_transcripts.parquet | File Progress: 5.6%
2025-08-28 17:01:50,134 - main - INFO -  Download progress: 18.6% (301.0 MB)
2025-08-28 17:01:50,134 - main - INFO - 🔄 OVERALL PROGRESS: 53.2% | File: stock_earning_call_transcripts.parquet | File Progress: 5.6%
2025-08-28 17:01:50,300 - main - INFO -  Download progress: 18.7% (302.0 MB)
2025-08-28 17:01:50,300 - main - INFO - 🔄 OVERALL PROGRESS: 53.3% | File: stock_earning_call_transcripts.parquet | File Progress: 5.6%
2025-08-28 17:01:50,471 - main - INFO -  Download progress: 18.7% (303.0 MB)
2025-08-28 17:01:50,471 - main - INFO - 🔄 OVERALL PROGRESS: 53.4% | File: stock_earning_call_transcripts.parquet | File Progress: 5.6%
2025-08-28 17:01:50,614 - main - INFO -  Download progress: 18.8% (304.0 MB)
2025-08-28 17:01:50,614 - main - INFO - 🔄 OVERALL PROGRESS: 53.5% | File: stock_earning_call_transcripts.parquet | File Progress: 5.6%
2025-08-28 17:01:50,780 - main - INFO -  Download progress: 18.9% (305.0 MB)
2025-08-28 17:01:50,780 - main - INFO - 🔄 OVERALL PROGRESS: 53.6% | File: stock_earning_call_transcripts.parquet | File Progress: 5.7%
2025-08-28 17:01:50,927 - main - INFO -  Download progress: 18.9% (306.0 MB)
2025-08-28 17:01:50,927 - main - INFO - 🔄 OVERALL PROGRESS: 53.7% | File: stock_earning_call_transcripts.parquet | File Progress: 5.7%
2025-08-28 17:01:51,176 - main - INFO -  Download progress: 19.0% (307.0 MB)
2025-08-28 17:01:51,177 - main - INFO - 🔄 OVERALL PROGRESS: 53.9% | File: stock_earning_call_transcripts.parquet | File Progress: 5.7%
2025-08-28 17:01:51,202 - main - INFO -  Download progress: 19.0% (308.0 MB)
2025-08-28 17:01:51,202 - main - INFO - 🔄 OVERALL PROGRESS: 54.0% | File: stock_earning_call_transcripts.parquet | File Progress: 5.7%
2025-08-28 17:01:51,383 - main - INFO -  Download progress: 19.1% (309.0 MB)
2025-08-28 17:01:51,383 - main - INFO - 🔄 OVERALL PROGRESS: 54.1% | File: stock_earning_call_transcripts.parquet | File Progress: 5.7%
2025-08-28 17:01:51,519 - main - INFO -  Download progress: 19.2% (310.0 MB)
2025-08-28 17:01:51,520 - main - INFO - 🔄 OVERALL PROGRESS: 54.2% | File: stock_earning_call_transcripts.parquet | File Progress: 5.7%
2025-08-28 17:01:51,690 - main - INFO -  Download progress: 19.2% (311.0 MB)
2025-08-28 17:01:51,690 - main - INFO - 🔄 OVERALL PROGRESS: 54.3% | File: stock_earning_call_transcripts.parquet | File Progress: 5.8%
2025-08-28 17:01:51,817 - main - INFO -  Download progress: 19.3% (312.0 MB)
2025-08-28 17:01:51,817 - main - INFO - 🔄 OVERALL PROGRESS: 54.4% | File: stock_earning_call_transcripts.parquet | File Progress: 5.8%
2025-08-28 17:01:51,962 - main - INFO -  Download progress: 19.3% (313.0 MB)
2025-08-28 17:01:51,962 - main - INFO - 🔄 OVERALL PROGRESS: 54.5% | File: stock_earning_call_transcripts.parquet | File Progress: 5.8%
2025-08-28 17:01:52,091 - main - INFO -  Download progress: 19.4% (314.0 MB)
2025-08-28 17:01:52,091 - main - INFO - 🔄 OVERALL PROGRESS: 54.6% | File: stock_earning_call_transcripts.parquet | File Progress: 5.8%
2025-08-28 17:01:52,230 - main - INFO -  Download progress: 19.5% (315.0 MB)
2025-08-28 17:01:52,230 - main - INFO - 🔄 OVERALL PROGRESS: 54.7% | File: stock_earning_call_transcripts.parquet | File Progress: 5.8%
2025-08-28 17:01:52,460 - main - INFO -  Download progress: 19.5% (316.0 MB)
2025-08-28 17:01:52,461 - main - INFO - 🔄 OVERALL PROGRESS: 54.8% | File: stock_earning_call_transcripts.parquet | File Progress: 5.9%
2025-08-28 17:01:52,874 - main - INFO -  Download progress: 19.6% (317.0 MB)
2025-08-28 17:01:52,875 - main - INFO - 🔄 OVERALL PROGRESS: 54.9% | File: stock_earning_call_transcripts.parquet | File Progress: 5.9%
2025-08-28 17:01:53,326 - main - INFO -  Download progress: 19.7% (318.0 MB)
2025-08-28 17:01:53,327 - main - INFO - 🔄 OVERALL PROGRESS: 55.0% | File: stock_earning_call_transcripts.parquet | File Progress: 5.9%
2025-08-28 17:01:53,739 - main - INFO -  Download progress: 19.7% (319.0 MB)
2025-08-28 17:01:53,740 - main - INFO - 🔄 OVERALL PROGRESS: 55.1% | File: stock_earning_call_transcripts.parquet | File Progress: 5.9%
2025-08-28 17:01:54,116 - main - INFO -  Download progress: 19.8% (320.0 MB)
2025-08-28 17:01:54,117 - main - INFO - 🔄 OVERALL PROGRESS: 55.2% | File: stock_earning_call_transcripts.parquet | File Progress: 5.9%
2025-08-28 17:01:54,405 - main - INFO -  Download progress: 19.8% (321.0 MB)
2025-08-28 17:01:54,405 - main - INFO - 🔄 OVERALL PROGRESS: 55.3% | File: stock_earning_call_transcripts.parquet | File Progress: 6.0%
2025-08-28 17:01:54,684 - main - INFO -  Download progress: 19.9% (322.0 MB)
2025-08-28 17:01:54,685 - main - INFO - 🔄 OVERALL PROGRESS: 55.4% | File: stock_earning_call_transcripts.parquet | File Progress: 6.0%
2025-08-28 17:01:54,922 - main - INFO -  Download progress: 20.0% (323.0 MB)
2025-08-28 17:01:54,923 - main - INFO - 🔄 OVERALL PROGRESS: 55.5% | File: stock_earning_call_transcripts.parquet | File Progress: 6.0%
2025-08-28 17:01:55,150 - main - INFO -  Download progress: 20.0% (324.0 MB)
2025-08-28 17:01:55,150 - main - INFO - 🔄 OVERALL PROGRESS: 55.6% | File: stock_earning_call_transcripts.parquet | File Progress: 6.0%
2025-08-28 17:01:55,379 - main - INFO -  Download progress: 20.1% (325.0 MB)
2025-08-28 17:01:55,379 - main - INFO - 🔄 OVERALL PROGRESS: 55.7% | File: stock_earning_call_transcripts.parquet | File Progress: 6.0%
2025-08-28 17:01:55,586 - main - INFO -  Download progress: 20.2% (326.0 MB)
2025-08-28 17:01:55,587 - main - INFO - 🔄 OVERALL PROGRESS: 55.8% | File: stock_earning_call_transcripts.parquet | File Progress: 6.0%
2025-08-28 17:01:55,795 - main - INFO -  Download progress: 20.2% (327.0 MB)
2025-08-28 17:01:55,796 - main - INFO - 🔄 OVERALL PROGRESS: 55.9% | File: stock_earning_call_transcripts.parquet | File Progress: 6.1%
2025-08-28 17:01:55,990 - main - INFO -  Download progress: 20.3% (328.0 MB)
2025-08-28 17:01:55,991 - main - INFO - 🔄 OVERALL PROGRESS: 56.0% | File: stock_earning_call_transcripts.parquet | File Progress: 6.1%
2025-08-28 17:01:56,217 - main - INFO -  Download progress: 20.3% (329.0 MB)
2025-08-28 17:01:56,217 - main - INFO - 🔄 OVERALL PROGRESS: 56.1% | File: stock_earning_call_transcripts.parquet | File Progress: 6.1%
2025-08-28 17:01:56,484 - main - INFO -  Download progress: 20.4% (330.0 MB)
2025-08-28 17:01:56,484 - main - INFO - 🔄 OVERALL PROGRESS: 56.2% | File: stock_earning_call_transcripts.parquet | File Progress: 6.1%
2025-08-28 17:01:56,705 - main - INFO -  Download progress: 20.5% (331.0 MB)
2025-08-28 17:01:56,705 - main - INFO - 🔄 OVERALL PROGRESS: 56.3% | File: stock_earning_call_transcripts.parquet | File Progress: 6.1%
2025-08-28 17:01:56,910 - main - INFO -  Download progress: 20.5% (332.0 MB)
2025-08-28 17:01:56,910 - main - INFO - 🔄 OVERALL PROGRESS: 56.4% | File: stock_earning_call_transcripts.parquet | File Progress: 6.2%
2025-08-28 17:01:57,241 - main - INFO -  Download progress: 20.6% (333.0 MB)
2025-08-28 17:01:57,241 - main - INFO - 🔄 OVERALL PROGRESS: 56.5% | File: stock_earning_call_transcripts.parquet | File Progress: 6.2%
2025-08-28 17:01:57,742 - main - INFO -  Download progress: 20.6% (334.0 MB)
2025-08-28 17:01:57,743 - main - INFO - 🔄 OVERALL PROGRESS: 56.6% | File: stock_earning_call_transcripts.parquet | File Progress: 6.2%
2025-08-28 17:01:57,923 - main - INFO -  Download progress: 20.7% (335.0 MB)
2025-08-28 17:01:57,923 - main - INFO - 🔄 OVERALL PROGRESS: 56.7% | File: stock_earning_call_transcripts.parquet | File Progress: 6.2%
2025-08-28 17:01:58,534 - main - INFO -  Download progress: 20.8% (336.0 MB)
2025-08-28 17:01:58,534 - main - INFO - 🔄 OVERALL PROGRESS: 56.8% | File: stock_earning_call_transcripts.parquet | File Progress: 6.2%
2025-08-28 17:01:58,933 - main - INFO -  Download progress: 20.8% (337.0 MB)
2025-08-28 17:01:58,934 - main - INFO - 🔄 OVERALL PROGRESS: 56.9% | File: stock_earning_call_transcripts.parquet | File Progress: 6.2%
2025-08-28 17:01:59,382 - main - INFO -  Download progress: 20.9% (338.0 MB)
2025-08-28 17:01:59,382 - main - INFO - 🔄 OVERALL PROGRESS: 57.0% | File: stock_earning_call_transcripts.parquet | File Progress: 6.3%
2025-08-28 17:01:59,791 - main - INFO -  Download progress: 21.0% (339.0 MB)
2025-08-28 17:01:59,792 - main - INFO - 🔄 OVERALL PROGRESS: 57.1% | File: stock_earning_call_transcripts.parquet | File Progress: 6.3%
2025-08-28 17:02:00,561 - main - INFO -  Download progress: 21.0% (340.0 MB)
2025-08-28 17:02:00,562 - main - INFO - 🔄 OVERALL PROGRESS: 57.3% | File: stock_earning_call_transcripts.parquet | File Progress: 6.3%
2025-08-28 17:02:00,984 - main - INFO -  Download progress: 21.1% (341.0 MB)
2025-08-28 17:02:00,984 - main - INFO - 🔄 OVERALL PROGRESS: 57.4% | File: stock_earning_call_transcripts.parquet | File Progress: 6.3%
2025-08-28 17:02:01,414 - main - INFO -  Download progress: 21.1% (342.0 MB)
2025-08-28 17:02:01,414 - main - INFO - 🔄 OVERALL PROGRESS: 57.5% | File: stock_earning_call_transcripts.parquet | File Progress: 6.3%
2025-08-28 17:02:01,715 - main - INFO -  Download progress: 21.2% (343.0 MB)
2025-08-28 17:02:01,716 - main - INFO - 🔄 OVERALL PROGRESS: 57.6% | File: stock_earning_call_transcripts.parquet | File Progress: 6.4%
2025-08-28 17:02:01,984 - main - INFO -  Download progress: 21.3% (344.0 MB)
2025-08-28 17:02:01,985 - main - INFO - 🔄 OVERALL PROGRESS: 57.7% | File: stock_earning_call_transcripts.parquet | File Progress: 6.4%
2025-08-28 17:02:02,377 - main - INFO -  Download progress: 21.3% (345.0 MB)
2025-08-28 17:02:02,377 - main - INFO - 🔄 OVERALL PROGRESS: 57.8% | File: stock_earning_call_transcripts.parquet | File Progress: 6.4%
2025-08-28 17:02:02,625 - main - INFO -  Download progress: 21.4% (346.0 MB)
2025-08-28 17:02:02,626 - main - INFO - 🔄 OVERALL PROGRESS: 57.9% | File: stock_earning_call_transcripts.parquet | File Progress: 6.4%
2025-08-28 17:02:02,915 - main - INFO -  Download progress: 21.5% (347.0 MB)
2025-08-28 17:02:02,916 - main - INFO - 🔄 OVERALL PROGRESS: 58.0% | File: stock_earning_call_transcripts.parquet | File Progress: 6.4%
2025-08-28 17:02:03,171 - main - INFO -  Download progress: 21.5% (348.0 MB)
2025-08-28 17:02:03,172 - main - INFO - 🔄 OVERALL PROGRESS: 58.1% | File: stock_earning_call_transcripts.parquet | File Progress: 6.5%
2025-08-28 17:02:03,594 - main - INFO -  Download progress: 21.6% (349.0 MB)
2025-08-28 17:02:03,595 - main - INFO - 🔄 OVERALL PROGRESS: 58.2% | File: stock_earning_call_transcripts.parquet | File Progress: 6.5%
2025-08-28 17:02:04,111 - main - INFO -  Download progress: 21.6% (350.0 MB)
2025-08-28 17:02:04,111 - main - INFO - 🔄 OVERALL PROGRESS: 58.3% | File: stock_earning_call_transcripts.parquet | File Progress: 6.5%
2025-08-28 17:02:04,737 - main - INFO -  Download progress: 21.7% (351.0 MB)
2025-08-28 17:02:04,738 - main - INFO - 🔄 OVERALL PROGRESS: 58.4% | File: stock_earning_call_transcripts.parquet | File Progress: 6.5%
2025-08-28 17:02:04,962 - main - INFO -  Download progress: 21.8% (352.0 MB)
2025-08-28 17:02:04,963 - main - INFO - 🔄 OVERALL PROGRESS: 58.5% | File: stock_earning_call_transcripts.parquet | File Progress: 6.5%
2025-08-28 17:02:05,498 - main - INFO -  Download progress: 21.8% (353.0 MB)
2025-08-28 17:02:05,498 - main - INFO - 🔄 OVERALL PROGRESS: 58.6% | File: stock_earning_call_transcripts.parquet | File Progress: 6.5%
2025-08-28 17:02:05,787 - main - INFO -  Download progress: 21.9% (354.0 MB)
2025-08-28 17:02:05,787 - main - INFO - 🔄 OVERALL PROGRESS: 58.7% | File: stock_earning_call_transcripts.parquet | File Progress: 6.6%
2025-08-28 17:02:06,135 - main - INFO -  Download progress: 21.9% (355.0 MB)
2025-08-28 17:02:06,136 - main - INFO - 🔄 OVERALL PROGRESS: 58.8% | File: stock_earning_call_transcripts.parquet | File Progress: 6.6%
2025-08-28 17:02:06,501 - main - INFO -  Download progress: 22.0% (356.0 MB)
2025-08-28 17:02:06,501 - main - INFO - 🔄 OVERALL PROGRESS: 58.9% | File: stock_earning_call_transcripts.parquet | File Progress: 6.6%
2025-08-28 17:02:06,816 - main - INFO -  Download progress: 22.1% (357.0 MB)
2025-08-28 17:02:06,816 - main - INFO - 🔄 OVERALL PROGRESS: 59.0% | File: stock_earning_call_transcripts.parquet | File Progress: 6.6%
2025-08-28 17:02:07,150 - main - INFO -  Download progress: 22.1% (358.0 MB)
2025-08-28 17:02:07,150 - main - INFO - 🔄 OVERALL PROGRESS: 59.1% | File: stock_earning_call_transcripts.parquet | File Progress: 6.6%
2025-08-28 17:02:07,518 - main - INFO -  Download progress: 22.2% (359.0 MB)
2025-08-28 17:02:07,518 - main - INFO - 🔄 OVERALL PROGRESS: 59.2% | File: stock_earning_call_transcripts.parquet | File Progress: 6.7%
2025-08-28 17:02:07,903 - main - INFO -  Download progress: 22.3% (360.0 MB)
2025-08-28 17:02:07,903 - main - INFO - 🔄 OVERALL PROGRESS: 59.3% | File: stock_earning_call_transcripts.parquet | File Progress: 6.7%
2025-08-28 17:02:07,964 - main - INFO -  Download progress: 22.3% (361.0 MB)
2025-08-28 17:02:07,965 - main - INFO - 🔄 OVERALL PROGRESS: 59.4% | File: stock_earning_call_transcripts.parquet | File Progress: 6.7%
2025-08-28 17:02:08,345 - main - INFO -  Download progress: 22.4% (362.0 MB)
2025-08-28 17:02:08,346 - main - INFO - 🔄 OVERALL PROGRESS: 59.5% | File: stock_earning_call_transcripts.parquet | File Progress: 6.7%
2025-08-28 17:02:08,424 - main - INFO -  Download progress: 22.4% (363.0 MB)
2025-08-28 17:02:08,425 - main - INFO - 🔄 OVERALL PROGRESS: 59.6% | File: stock_earning_call_transcripts.parquet | File Progress: 6.7%
2025-08-28 17:02:08,962 - main - INFO -  Download progress: 22.5% (364.0 MB)
2025-08-28 17:02:08,962 - main - INFO - 🔄 OVERALL PROGRESS: 59.7% | File: stock_earning_call_transcripts.parquet | File Progress: 6.8%
2025-08-28 17:02:09,022 - main - INFO -  Download progress: 22.6% (365.0 MB)
2025-08-28 17:02:09,022 - main - INFO - 🔄 OVERALL PROGRESS: 59.8% | File: stock_earning_call_transcripts.parquet | File Progress: 6.8%
2025-08-28 17:02:09,286 - main - INFO - Health check requested
2025-08-28 17:02:09,287 - main - ERROR - Health check failed: Not an executable object: 'SELECT 1'
2025-08-28 17:02:09,322 - main - INFO -  Download progress: 22.6% (366.0 MB)
2025-08-28 17:02:09,322 - main - INFO - 🔄 OVERALL PROGRESS: 59.9% | File: stock_earning_call_transcripts.parquet | File Progress: 6.8%
2025-08-28 17:02:09,696 - main - INFO -  Download progress: 22.7% (367.0 MB)
2025-08-28 17:02:09,696 - main - INFO - 🔄 OVERALL PROGRESS: 60.0% | File: stock_earning_call_transcripts.parquet | File Progress: 6.8%
2025-08-28 17:02:09,810 - main - INFO -  Download progress: 22.7% (368.0 MB)
2025-08-28 17:02:09,810 - main - INFO - 🔄 OVERALL PROGRESS: 60.1% | File: stock_earning_call_transcripts.parquet | File Progress: 6.8%
2025-08-28 17:02:10,165 - main - INFO -  Download progress: 22.8% (369.0 MB)
2025-08-28 17:02:10,165 - main - INFO - 🔄 OVERALL PROGRESS: 60.2% | File: stock_earning_call_transcripts.parquet | File Progress: 6.8%
2025-08-28 17:02:10,436 - main - INFO -  Download progress: 22.9% (370.0 MB)
2025-08-28 17:02:10,436 - main - INFO - 🔄 OVERALL PROGRESS: 60.3% | File: stock_earning_call_transcripts.parquet | File Progress: 6.9%
2025-08-28 17:02:10,805 - main - INFO -  Download progress: 22.9% (371.0 MB)
2025-08-28 17:02:10,806 - main - INFO - 🔄 OVERALL PROGRESS: 60.4% | File: stock_earning_call_transcripts.parquet | File Progress: 6.9%
2025-08-28 17:02:10,878 - main - INFO -  Download progress: 23.0% (372.0 MB)
2025-08-28 17:02:10,878 - main - INFO - 🔄 OVERALL PROGRESS: 60.5% | File: stock_earning_call_transcripts.parquet | File Progress: 6.9%
2025-08-28 17:02:11,132 - main - INFO -  Download progress: 23.1% (373.0 MB)
2025-08-28 17:02:11,132 - main - INFO - 🔄 OVERALL PROGRESS: 60.7% | File: stock_earning_call_transcripts.parquet | File Progress: 6.9%
2025-08-28 17:02:11,327 - main - INFO -  Download progress: 23.1% (374.0 MB)
2025-08-28 17:02:11,329 - main - INFO - 🔄 OVERALL PROGRESS: 60.8% | File: stock_earning_call_transcripts.parquet | File Progress: 6.9%
2025-08-28 17:02:11,777 - main - INFO -  Download progress: 23.2% (375.0 MB)
2025-08-28 17:02:11,778 - main - INFO - 🔄 OVERALL PROGRESS: 60.9% | File: stock_earning_call_transcripts.parquet | File Progress: 7.0%
2025-08-28 17:02:12,044 - main - INFO -  Download progress: 23.2% (376.0 MB)
2025-08-28 17:02:12,044 - main - INFO - 🔄 OVERALL PROGRESS: 61.0% | File: stock_earning_call_transcripts.parquet | File Progress: 7.0%
2025-08-28 17:02:12,263 - main - INFO -  Download progress: 23.3% (377.0 MB)
2025-08-28 17:02:12,263 - main - INFO - 🔄 OVERALL PROGRESS: 61.1% | File: stock_earning_call_transcripts.parquet | File Progress: 7.0%
2025-08-28 17:02:12,835 - main - INFO -  Download progress: 23.4% (378.0 MB)
2025-08-28 17:02:12,835 - main - INFO - 🔄 OVERALL PROGRESS: 61.2% | File: stock_earning_call_transcripts.parquet | File Progress: 7.0%
2025-08-28 17:02:12,879 - main - INFO -  Download progress: 23.4% (379.0 MB)
2025-08-28 17:02:12,880 - main - INFO - 🔄 OVERALL PROGRESS: 61.3% | File: stock_earning_call_transcripts.parquet | File Progress: 7.0%
2025-08-28 17:02:13,398 - main - INFO -  Download progress: 23.5% (380.0 MB)
2025-08-28 17:02:13,398 - main - INFO - 🔄 OVERALL PROGRESS: 61.4% | File: stock_earning_call_transcripts.parquet | File Progress: 7.0%
2025-08-28 17:02:13,556 - main - INFO -  Download progress: 23.6% (381.0 MB)
2025-08-28 17:02:13,557 - main - INFO - 🔄 OVERALL PROGRESS: 61.5% | File: stock_earning_call_transcripts.parquet | File Progress: 7.1%
2025-08-28 17:02:13,982 - main - INFO -  Download progress: 23.6% (382.0 MB)
2025-08-28 17:02:13,982 - main - INFO - 🔄 OVERALL PROGRESS: 61.6% | File: stock_earning_call_transcripts.parquet | File Progress: 7.1%
2025-08-28 17:02:14,301 - main - INFO -  Download progress: 23.7% (383.0 MB)
2025-08-28 17:02:14,302 - main - INFO - 🔄 OVERALL PROGRESS: 61.7% | File: stock_earning_call_transcripts.parquet | File Progress: 7.1%
2025-08-28 17:02:14,663 - main - INFO -  Download progress: 23.7% (384.0 MB)
2025-08-28 17:02:14,664 - main - INFO - 🔄 OVERALL PROGRESS: 61.8% | File: stock_earning_call_transcripts.parquet | File Progress: 7.1%
2025-08-28 17:02:15,207 - main - INFO -  Download progress: 23.8% (385.0 MB)
2025-08-28 17:02:15,208 - main - INFO - 🔄 OVERALL PROGRESS: 61.9% | File: stock_earning_call_transcripts.parquet | File Progress: 7.1%
2025-08-28 17:02:15,361 - main - INFO -  Download progress: 23.9% (386.0 MB)
2025-08-28 17:02:15,361 - main - INFO - 🔄 OVERALL PROGRESS: 62.0% | File: stock_earning_call_transcripts.parquet | File Progress: 7.2%
2025-08-28 17:02:16,031 - main - INFO -  Download progress: 23.9% (387.0 MB)
2025-08-28 17:02:16,032 - main - INFO - 🔄 OVERALL PROGRESS: 62.1% | File: stock_earning_call_transcripts.parquet | File Progress: 7.2%
2025-08-28 17:02:16,325 - main - INFO -  Download progress: 24.0% (388.0 MB)
2025-08-28 17:02:16,325 - main - INFO - 🔄 OVERALL PROGRESS: 62.2% | File: stock_earning_call_transcripts.parquet | File Progress: 7.2%
2025-08-28 17:02:16,689 - main - INFO -  Download progress: 24.0% (389.0 MB)
2025-08-28 17:02:16,690 - main - INFO - 🔄 OVERALL PROGRESS: 62.3% | File: stock_earning_call_transcripts.parquet | File Progress: 7.2%
2025-08-28 17:02:17,425 - main - INFO -  Download progress: 24.1% (390.0 MB)
2025-08-28 17:02:17,425 - main - INFO - 🔄 OVERALL PROGRESS: 62.4% | File: stock_earning_call_transcripts.parquet | File Progress: 7.2%
2025-08-28 17:02:17,599 - main - INFO -  Download progress: 24.2% (391.0 MB)
2025-08-28 17:02:17,600 - main - INFO - 🔄 OVERALL PROGRESS: 62.5% | File: stock_earning_call_transcripts.parquet | File Progress: 7.3%
2025-08-28 17:02:17,813 - main - INFO -  Download progress: 24.2% (392.0 MB)
2025-08-28 17:02:17,814 - main - INFO - 🔄 OVERALL PROGRESS: 62.6% | File: stock_earning_call_transcripts.parquet | File Progress: 7.3%
2025-08-28 17:02:18,137 - main - INFO -  Download progress: 24.3% (393.0 MB)
2025-08-28 17:02:18,137 - main - INFO - 🔄 OVERALL PROGRESS: 62.7% | File: stock_earning_call_transcripts.parquet | File Progress: 7.3%
2025-08-28 17:02:18,292 - main - INFO -  Download progress: 24.4% (394.0 MB)
2025-08-28 17:02:18,292 - main - INFO - 🔄 OVERALL PROGRESS: 62.8% | File: stock_earning_call_transcripts.parquet | File Progress: 7.3%
2025-08-28 17:02:18,454 - main - INFO -  Download progress: 24.4% (395.0 MB)
2025-08-28 17:02:18,454 - main - INFO - 🔄 OVERALL PROGRESS: 62.9% | File: stock_earning_call_transcripts.parquet | File Progress: 7.3%
2025-08-28 17:02:18,669 - main - INFO -  Download progress: 24.5% (396.0 MB)
2025-08-28 17:02:18,670 - main - INFO - 🔄 OVERALL PROGRESS: 63.0% | File: stock_earning_call_transcripts.parquet | File Progress: 7.3%
2025-08-28 17:02:18,839 - main - INFO -  Download progress: 24.5% (397.0 MB)
2025-08-28 17:02:18,839 - main - INFO - 🔄 OVERALL PROGRESS: 63.1% | File: stock_earning_call_transcripts.parquet | File Progress: 7.4%
2025-08-28 17:02:19,156 - main - INFO -  Download progress: 24.6% (398.0 MB)
2025-08-28 17:02:19,157 - main - INFO - 🔄 OVERALL PROGRESS: 63.2% | File: stock_earning_call_transcripts.parquet | File Progress: 7.4%
2025-08-28 17:02:19,291 - main - INFO -  Download progress: 24.7% (399.0 MB)
2025-08-28 17:02:19,291 - main - INFO - 🔄 OVERALL PROGRESS: 63.3% | File: stock_earning_call_transcripts.parquet | File Progress: 7.4%
2025-08-28 17:02:19,430 - main - INFO -  Download progress: 24.7% (400.0 MB)
2025-08-28 17:02:19,430 - main - INFO - 🔄 OVERALL PROGRESS: 63.4% | File: stock_earning_call_transcripts.parquet | File Progress: 7.4%
2025-08-28 17:02:19,602 - main - INFO -  Download progress: 24.8% (401.0 MB)
2025-08-28 17:02:19,603 - main - INFO - 🔄 OVERALL PROGRESS: 63.5% | File: stock_earning_call_transcripts.parquet | File Progress: 7.4%
2025-08-28 17:02:19,751 - main - INFO -  Download progress: 24.9% (402.0 MB)
2025-08-28 17:02:19,752 - main - INFO - 🔄 OVERALL PROGRESS: 63.6% | File: stock_earning_call_transcripts.parquet | File Progress: 7.5%
2025-08-28 17:02:19,863 - main - INFO -  Download progress: 24.9% (403.0 MB)
2025-08-28 17:02:19,863 - main - INFO - 🔄 OVERALL PROGRESS: 63.7% | File: stock_earning_call_transcripts.parquet | File Progress: 7.5%
2025-08-28 17:02:20,276 - main - INFO -  Download progress: 25.0% (404.0 MB)
2025-08-28 17:02:20,276 - main - INFO - 🔄 OVERALL PROGRESS: 63.8% | File: stock_earning_call_transcripts.parquet | File Progress: 7.5%
2025-08-28 17:02:20,409 - main - INFO -  Download progress: 25.0% (405.0 MB)
2025-08-28 17:02:20,410 - main - INFO - 🔄 OVERALL PROGRESS: 63.9% | File: stock_earning_call_transcripts.parquet | File Progress: 7.5%
2025-08-28 17:02:20,549 - main - INFO -  Download progress: 25.1% (406.0 MB)
2025-08-28 17:02:20,550 - main - INFO - 🔄 OVERALL PROGRESS: 64.1% | File: stock_earning_call_transcripts.parquet | File Progress: 7.5%
2025-08-28 17:02:20,698 - main - INFO -  Download progress: 25.2% (407.0 MB)
2025-08-28 17:02:20,698 - main - INFO - 🔄 OVERALL PROGRESS: 64.2% | File: stock_earning_call_transcripts.parquet | File Progress: 7.5%
2025-08-28 17:02:20,934 - main - INFO -  Download progress: 25.2% (408.0 MB)
2025-08-28 17:02:20,935 - main - INFO - 🔄 OVERALL PROGRESS: 64.3% | File: stock_earning_call_transcripts.parquet | File Progress: 7.6%
2025-08-28 17:02:20,969 - main - INFO -  Download progress: 25.3% (409.0 MB)
2025-08-28 17:02:20,969 - main - INFO - 🔄 OVERALL PROGRESS: 64.4% | File: stock_earning_call_transcripts.parquet | File Progress: 7.6%
2025-08-28 17:02:21,315 - main - INFO -  Download progress: 25.3% (410.0 MB)
2025-08-28 17:02:21,315 - main - INFO - 🔄 OVERALL PROGRESS: 64.5% | File: stock_earning_call_transcripts.parquet | File Progress: 7.6%
2025-08-28 17:02:21,404 - main - INFO -  Download progress: 25.4% (411.0 MB)
2025-08-28 17:02:21,405 - main - INFO - 🔄 OVERALL PROGRESS: 64.6% | File: stock_earning_call_transcripts.parquet | File Progress: 7.6%
2025-08-28 17:02:21,602 - main - INFO -  Download progress: 25.5% (412.0 MB)
2025-08-28 17:02:21,602 - main - INFO - 🔄 OVERALL PROGRESS: 64.7% | File: stock_earning_call_transcripts.parquet | File Progress: 7.6%
2025-08-28 17:02:21,835 - main - INFO -  Download progress: 25.5% (413.0 MB)
2025-08-28 17:02:21,835 - main - INFO - 🔄 OVERALL PROGRESS: 64.8% | File: stock_earning_call_transcripts.parquet | File Progress: 7.7%
2025-08-28 17:02:21,990 - main - INFO -  Download progress: 25.6% (414.0 MB)
2025-08-28 17:02:21,990 - main - INFO - 🔄 OVERALL PROGRESS: 64.9% | File: stock_earning_call_transcripts.parquet | File Progress: 7.7%
2025-08-28 17:02:22,032 - main - INFO -  Download progress: 25.7% (415.0 MB)
2025-08-28 17:02:22,032 - main - INFO - 🔄 OVERALL PROGRESS: 65.0% | File: stock_earning_call_transcripts.parquet | File Progress: 7.7%
2025-08-28 17:02:22,315 - main - INFO -  Download progress: 25.7% (416.0 MB)
2025-08-28 17:02:22,316 - main - INFO - 🔄 OVERALL PROGRESS: 65.1% | File: stock_earning_call_transcripts.parquet | File Progress: 7.7%
2025-08-28 17:02:22,521 - main - INFO -  Download progress: 25.8% (417.0 MB)
2025-08-28 17:02:22,521 - main - INFO - 🔄 OVERALL PROGRESS: 65.2% | File: stock_earning_call_transcripts.parquet | File Progress: 7.7%
2025-08-28 17:02:22,713 - main - INFO -  Download progress: 25.8% (418.0 MB)
2025-08-28 17:02:22,713 - main - INFO - 🔄 OVERALL PROGRESS: 65.3% | File: stock_earning_call_transcripts.parquet | File Progress: 7.8%
2025-08-28 17:02:22,857 - main - INFO -  Download progress: 25.9% (419.0 MB)
2025-08-28 17:02:22,857 - main - INFO - 🔄 OVERALL PROGRESS: 65.4% | File: stock_earning_call_transcripts.parquet | File Progress: 7.8%
2025-08-28 17:02:23,314 - main - INFO -  Download progress: 26.0% (420.0 MB)
2025-08-28 17:02:23,314 - main - INFO - 🔄 OVERALL PROGRESS: 65.5% | File: stock_earning_call_transcripts.parquet | File Progress: 7.8%
2025-08-28 17:02:23,354 - main - INFO -  Download progress: 26.0% (421.0 MB)
2025-08-28 17:02:23,355 - main - INFO - 🔄 OVERALL PROGRESS: 65.6% | File: stock_earning_call_transcripts.parquet | File Progress: 7.8%
2025-08-28 17:02:23,659 - main - INFO -  Download progress: 26.1% (422.0 MB)
2025-08-28 17:02:23,660 - main - INFO - 🔄 OVERALL PROGRESS: 65.7% | File: stock_earning_call_transcripts.parquet | File Progress: 7.8%
2025-08-28 17:02:23,693 - main - INFO -  Download progress: 26.1% (423.0 MB)
2025-08-28 17:02:23,693 - main - INFO - 🔄 OVERALL PROGRESS: 65.8% | File: stock_earning_call_transcripts.parquet | File Progress: 7.8%
2025-08-28 17:02:24,036 - main - INFO -  Download progress: 26.2% (424.0 MB)
2025-08-28 17:02:24,037 - main - INFO - 🔄 OVERALL PROGRESS: 65.9% | File: stock_earning_call_transcripts.parquet | File Progress: 7.9%
2025-08-28 17:02:24,543 - main - INFO -  Download progress: 26.3% (425.0 MB)
2025-08-28 17:02:24,544 - main - INFO - 🔄 OVERALL PROGRESS: 66.0% | File: stock_earning_call_transcripts.parquet | File Progress: 7.9%
2025-08-28 17:02:24,559 - main - INFO -  Download progress: 26.3% (426.0 MB)
2025-08-28 17:02:24,560 - main - INFO - 🔄 OVERALL PROGRESS: 66.1% | File: stock_earning_call_transcripts.parquet | File Progress: 7.9%
2025-08-28 17:02:24,754 - main - INFO -  Download progress: 26.4% (427.0 MB)
2025-08-28 17:02:24,754 - main - INFO - 🔄 OVERALL PROGRESS: 66.2% | File: stock_earning_call_transcripts.parquet | File Progress: 7.9%
2025-08-28 17:02:25,113 - main - INFO -  Download progress: 26.5% (428.0 MB)
2025-08-28 17:02:25,114 - main - INFO - 🔄 OVERALL PROGRESS: 66.3% | File: stock_earning_call_transcripts.parquet | File Progress: 7.9%
2025-08-28 17:02:25,792 - main - INFO -  Download progress: 26.5% (429.0 MB)
2025-08-28 17:02:25,793 - main - INFO - 🔄 OVERALL PROGRESS: 66.4% | File: stock_earning_call_transcripts.parquet | File Progress: 8.0%
2025-08-28 17:02:25,981 - main - INFO -  Download progress: 26.6% (430.0 MB)
2025-08-28 17:02:25,981 - main - INFO - 🔄 OVERALL PROGRESS: 66.5% | File: stock_earning_call_transcripts.parquet | File Progress: 8.0%
2025-08-28 17:02:26,247 - main - INFO -  Download progress: 26.6% (431.0 MB)
2025-08-28 17:02:26,248 - main - INFO - 🔄 OVERALL PROGRESS: 66.6% | File: stock_earning_call_transcripts.parquet | File Progress: 8.0%
2025-08-28 17:02:26,887 - main - INFO -  Download progress: 26.7% (432.0 MB)
2025-08-28 17:02:26,889 - main - INFO - 🔄 OVERALL PROGRESS: 66.7% | File: stock_earning_call_transcripts.parquet | File Progress: 8.0%
2025-08-28 17:02:26,910 - main - INFO -  Download progress: 26.8% (433.0 MB)
2025-08-28 17:02:26,910 - main - INFO - 🔄 OVERALL PROGRESS: 66.8% | File: stock_earning_call_transcripts.parquet | File Progress: 8.0%
2025-08-28 17:02:27,432 - main - INFO -  Download progress: 26.8% (434.0 MB)
2025-08-28 17:02:27,432 - main - INFO - 🔄 OVERALL PROGRESS: 66.9% | File: stock_earning_call_transcripts.parquet | File Progress: 8.0%
2025-08-28 17:02:27,696 - main - INFO -  Download progress: 26.9% (435.0 MB)
2025-08-28 17:02:27,696 - main - INFO - 🔄 OVERALL PROGRESS: 67.0% | File: stock_earning_call_transcripts.parquet | File Progress: 8.1%
2025-08-28 17:02:28,024 - main - INFO -  Download progress: 27.0% (436.0 MB)
2025-08-28 17:02:28,024 - main - INFO - 🔄 OVERALL PROGRESS: 67.1% | File: stock_earning_call_transcripts.parquet | File Progress: 8.1%
2025-08-28 17:02:28,721 - main - INFO -  Download progress: 27.0% (437.0 MB)
2025-08-28 17:02:28,721 - main - INFO - 🔄 OVERALL PROGRESS: 67.2% | File: stock_earning_call_transcripts.parquet | File Progress: 8.1%
2025-08-28 17:02:29,069 - main - INFO -  Download progress: 27.1% (438.0 MB)
2025-08-28 17:02:29,069 - main - INFO - 🔄 OVERALL PROGRESS: 67.3% | File: stock_earning_call_transcripts.parquet | File Progress: 8.1%
2025-08-28 17:02:29,307 - main - INFO -  Download progress: 27.1% (439.0 MB)
2025-08-28 17:02:29,307 - main - INFO - 🔄 OVERALL PROGRESS: 67.5% | File: stock_earning_call_transcripts.parquet | File Progress: 8.1%
2025-08-28 17:02:29,685 - main - INFO -  Download progress: 27.2% (440.0 MB)
2025-08-28 17:02:29,685 - main - INFO - 🔄 OVERALL PROGRESS: 67.6% | File: stock_earning_call_transcripts.parquet | File Progress: 8.2%
2025-08-28 17:02:29,971 - main - INFO -  Download progress: 27.3% (441.0 MB)
2025-08-28 17:02:29,972 - main - INFO - 🔄 OVERALL PROGRESS: 67.7% | File: stock_earning_call_transcripts.parquet | File Progress: 8.2%
2025-08-28 17:02:30,224 - main - INFO -  Download progress: 27.3% (442.0 MB)
2025-08-28 17:02:30,224 - main - INFO - 🔄 OVERALL PROGRESS: 67.8% | File: stock_earning_call_transcripts.parquet | File Progress: 8.2%
2025-08-28 17:02:30,601 - main - INFO -  Download progress: 27.4% (443.0 MB)
2025-08-28 17:02:30,601 - main - INFO - 🔄 OVERALL PROGRESS: 67.9% | File: stock_earning_call_transcripts.parquet | File Progress: 8.2%
2025-08-28 17:02:30,716 - main - INFO -  Download progress: 27.4% (444.0 MB)
2025-08-28 17:02:30,717 - main - INFO - 🔄 OVERALL PROGRESS: 68.0% | File: stock_earning_call_transcripts.parquet | File Progress: 8.2%
2025-08-28 17:02:30,990 - main - INFO -  Download progress: 27.5% (445.0 MB)
2025-08-28 17:02:30,990 - main - INFO - 🔄 OVERALL PROGRESS: 68.1% | File: stock_earning_call_transcripts.parquet | File Progress: 8.3%
2025-08-28 17:02:31,245 - main - INFO -  Download progress: 27.6% (446.0 MB)
2025-08-28 17:02:31,245 - main - INFO - 🔄 OVERALL PROGRESS: 68.2% | File: stock_earning_call_transcripts.parquet | File Progress: 8.3%
2025-08-28 17:02:31,388 - main - INFO -  Download progress: 27.6% (447.0 MB)
2025-08-28 17:02:31,389 - main - INFO - 🔄 OVERALL PROGRESS: 68.3% | File: stock_earning_call_transcripts.parquet | File Progress: 8.3%
2025-08-28 17:02:31,716 - main - INFO -  Download progress: 27.7% (448.0 MB)
2025-08-28 17:02:31,716 - main - INFO - 🔄 OVERALL PROGRESS: 68.4% | File: stock_earning_call_transcripts.parquet | File Progress: 8.3%
2025-08-28 17:02:31,838 - main - INFO -  Download progress: 27.8% (449.0 MB)
2025-08-28 17:02:31,838 - main - INFO - 🔄 OVERALL PROGRESS: 68.5% | File: stock_earning_call_transcripts.parquet | File Progress: 8.3%
2025-08-28 17:02:31,993 - main - INFO -  Download progress: 27.8% (450.0 MB)
2025-08-28 17:02:31,993 - main - INFO - 🔄 OVERALL PROGRESS: 68.6% | File: stock_earning_call_transcripts.parquet | File Progress: 8.3%
2025-08-28 17:02:32,314 - main - INFO -  Download progress: 27.9% (451.0 MB)
2025-08-28 17:02:32,314 - main - INFO - 🔄 OVERALL PROGRESS: 68.7% | File: stock_earning_call_transcripts.parquet | File Progress: 8.4%
2025-08-28 17:02:32,339 - main - INFO -  Download progress: 27.9% (452.0 MB)
2025-08-28 17:02:32,339 - main - INFO - 🔄 OVERALL PROGRESS: 68.8% | File: stock_earning_call_transcripts.parquet | File Progress: 8.4%
2025-08-28 17:02:32,570 - main - INFO -  Download progress: 28.0% (453.0 MB)
2025-08-28 17:02:32,570 - main - INFO - 🔄 OVERALL PROGRESS: 68.9% | File: stock_earning_call_transcripts.parquet | File Progress: 8.4%
2025-08-28 17:02:32,789 - main - INFO -  Download progress: 28.1% (454.0 MB)
2025-08-28 17:02:32,789 - main - INFO - 🔄 OVERALL PROGRESS: 69.0% | File: stock_earning_call_transcripts.parquet | File Progress: 8.4%
2025-08-28 17:02:33,029 - main - INFO -  Download progress: 28.1% (455.0 MB)
2025-08-28 17:02:33,029 - main - INFO - 🔄 OVERALL PROGRESS: 69.1% | File: stock_earning_call_transcripts.parquet | File Progress: 8.4%
2025-08-28 17:02:33,126 - main - INFO -  Download progress: 28.2% (456.0 MB)
2025-08-28 17:02:33,126 - main - INFO - 🔄 OVERALL PROGRESS: 69.2% | File: stock_earning_call_transcripts.parquet | File Progress: 8.5%
2025-08-28 17:02:33,368 - main - INFO -  Download progress: 28.2% (457.0 MB)
2025-08-28 17:02:33,368 - main - INFO - 🔄 OVERALL PROGRESS: 69.3% | File: stock_earning_call_transcripts.parquet | File Progress: 8.5%
2025-08-28 17:02:33,798 - main - INFO -  Download progress: 28.3% (458.0 MB)
2025-08-28 17:02:33,799 - main - INFO - 🔄 OVERALL PROGRESS: 69.4% | File: stock_earning_call_transcripts.parquet | File Progress: 8.5%
2025-08-28 17:02:34,474 - main - INFO -  Download progress: 28.4% (459.0 MB)
2025-08-28 17:02:34,474 - main - INFO - 🔄 OVERALL PROGRESS: 69.5% | File: stock_earning_call_transcripts.parquet | File Progress: 8.5%
2025-08-28 17:02:34,770 - main - INFO -  Download progress: 28.4% (460.0 MB)
2025-08-28 17:02:34,770 - main - INFO - 🔄 OVERALL PROGRESS: 69.6% | File: stock_earning_call_transcripts.parquet | File Progress: 8.5%
2025-08-28 17:02:35,389 - main - INFO -  Download progress: 28.5% (461.0 MB)
2025-08-28 17:02:35,389 - main - INFO - 🔄 OVERALL PROGRESS: 69.7% | File: stock_earning_call_transcripts.parquet | File Progress: 8.5%
2025-08-28 17:02:35,556 - main - INFO -  Download progress: 28.6% (462.0 MB)
2025-08-28 17:02:35,556 - main - INFO - 🔄 OVERALL PROGRESS: 69.8% | File: stock_earning_call_transcripts.parquet | File Progress: 8.6%
2025-08-28 17:02:35,826 - main - INFO -  Download progress: 28.6% (463.0 MB)
2025-08-28 17:02:35,827 - main - INFO - 🔄 OVERALL PROGRESS: 69.9% | File: stock_earning_call_transcripts.parquet | File Progress: 8.6%
2025-08-28 17:02:36,046 - main - INFO -  Download progress: 28.7% (464.0 MB)
2025-08-28 17:02:36,046 - main - INFO - 🔄 OVERALL PROGRESS: 70.0% | File: stock_earning_call_transcripts.parquet | File Progress: 8.6%
2025-08-28 17:02:36,345 - main - INFO -  Download progress: 28.7% (465.0 MB)
2025-08-28 17:02:36,346 - main - INFO - 🔄 OVERALL PROGRESS: 70.1% | File: stock_earning_call_transcripts.parquet | File Progress: 8.6%
2025-08-28 17:02:36,537 - main - INFO -  Download progress: 28.8% (466.0 MB)
2025-08-28 17:02:36,537 - main - INFO - 🔄 OVERALL PROGRESS: 70.2% | File: stock_earning_call_transcripts.parquet | File Progress: 8.6%
2025-08-28 17:02:36,749 - main - INFO -  Download progress: 28.9% (467.0 MB)
2025-08-28 17:02:36,749 - main - INFO - 🔄 OVERALL PROGRESS: 70.3% | File: stock_earning_call_transcripts.parquet | File Progress: 8.7%
2025-08-28 17:02:37,014 - main - INFO -  Download progress: 28.9% (468.0 MB)
2025-08-28 17:02:37,014 - main - INFO - 🔄 OVERALL PROGRESS: 70.4% | File: stock_earning_call_transcripts.parquet | File Progress: 8.7%
2025-08-28 17:02:37,434 - main - INFO -  Download progress: 29.0% (469.0 MB)
2025-08-28 17:02:37,434 - main - INFO - 🔄 OVERALL PROGRESS: 70.5% | File: stock_earning_call_transcripts.parquet | File Progress: 8.7%
2025-08-28 17:02:37,698 - main - INFO -  Download progress: 29.1% (470.0 MB)
2025-08-28 17:02:37,699 - main - INFO - 🔄 OVERALL PROGRESS: 70.6% | File: stock_earning_call_transcripts.parquet | File Progress: 8.7%
2025-08-28 17:02:37,984 - main - INFO -  Download progress: 29.1% (471.0 MB)
2025-08-28 17:02:37,985 - main - INFO - 🔄 OVERALL PROGRESS: 70.7% | File: stock_earning_call_transcripts.parquet | File Progress: 8.7%
2025-08-28 17:02:38,310 - main - INFO -  Download progress: 29.2% (472.0 MB)
2025-08-28 17:02:38,311 - main - INFO - 🔄 OVERALL PROGRESS: 70.9% | File: stock_earning_call_transcripts.parquet | File Progress: 8.8%
2025-08-28 17:02:38,996 - main - INFO -  Download progress: 29.2% (473.0 MB)
2025-08-28 17:02:38,996 - main - INFO - 🔄 OVERALL PROGRESS: 71.0% | File: stock_earning_call_transcripts.parquet | File Progress: 8.8%
2025-08-28 17:02:39,282 - main - INFO -  Download progress: 29.3% (474.0 MB)
2025-08-28 17:02:39,282 - main - INFO - 🔄 OVERALL PROGRESS: 71.1% | File: stock_earning_call_transcripts.parquet | File Progress: 8.8%
2025-08-28 17:02:39,353 - main - INFO - Health check requested
2025-08-28 17:02:39,355 - main - ERROR - Health check failed: Not an executable object: 'SELECT 1'
2025-08-28 17:02:39,513 - main - INFO -  Download progress: 29.4% (475.0 MB)
2025-08-28 17:02:39,514 - main - INFO - 🔄 OVERALL PROGRESS: 71.2% | File: stock_earning_call_transcripts.parquet | File Progress: 8.8%
2025-08-28 17:02:39,718 - main - INFO -  Download progress: 29.4% (476.0 MB)
2025-08-28 17:02:39,718 - main - INFO - 🔄 OVERALL PROGRESS: 71.3% | File: stock_earning_call_transcripts.parquet | File Progress: 8.8%
2025-08-28 17:02:39,914 - main - INFO -  Download progress: 29.5% (477.0 MB)
2025-08-28 17:02:39,915 - main - INFO - 🔄 OVERALL PROGRESS: 71.4% | File: stock_earning_call_transcripts.parquet | File Progress: 8.8%
2025-08-28 17:02:40,108 - main - INFO -  Download progress: 29.5% (478.0 MB)
2025-08-28 17:02:40,109 - main - INFO - 🔄 OVERALL PROGRESS: 71.5% | File: stock_earning_call_transcripts.parquet | File Progress: 8.9%
2025-08-28 17:02:40,313 - main - INFO -  Download progress: 29.6% (479.0 MB)
2025-08-28 17:02:40,313 - main - INFO - 🔄 OVERALL PROGRESS: 71.6% | File: stock_earning_call_transcripts.parquet | File Progress: 8.9%
2025-08-28 17:02:40,525 - main - INFO -  Download progress: 29.7% (480.0 MB)
2025-08-28 17:02:40,525 - main - INFO - 🔄 OVERALL PROGRESS: 71.7% | File: stock_earning_call_transcripts.parquet | File Progress: 8.9%
2025-08-28 17:02:40,710 - main - INFO -  Download progress: 29.7% (481.0 MB)
2025-08-28 17:02:40,711 - main - INFO - 🔄 OVERALL PROGRESS: 71.8% | File: stock_earning_call_transcripts.parquet | File Progress: 8.9%
2025-08-28 17:02:40,902 - main - INFO -  Download progress: 29.8% (482.0 MB)
2025-08-28 17:02:40,903 - main - INFO - 🔄 OVERALL PROGRESS: 71.9% | File: stock_earning_call_transcripts.parquet | File Progress: 8.9%
2025-08-28 17:02:41,062 - main - INFO -  Download progress: 29.9% (483.0 MB)
2025-08-28 17:02:41,063 - main - INFO - 🔄 OVERALL PROGRESS: 72.0% | File: stock_earning_call_transcripts.parquet | File Progress: 9.0%
2025-08-28 17:02:41,248 - main - INFO -  Download progress: 29.9% (484.0 MB)
2025-08-28 17:02:41,249 - main - INFO - 🔄 OVERALL PROGRESS: 72.1% | File: stock_earning_call_transcripts.parquet | File Progress: 9.0%
2025-08-28 17:02:41,422 - main - INFO -  Download progress: 30.0% (485.0 MB)
2025-08-28 17:02:41,423 - main - INFO - 🔄 OVERALL PROGRESS: 72.2% | File: stock_earning_call_transcripts.parquet | File Progress: 9.0%
2025-08-28 17:02:41,563 - main - INFO -  Download progress: 30.0% (486.0 MB)
2025-08-28 17:02:41,563 - main - INFO - 🔄 OVERALL PROGRESS: 72.3% | File: stock_earning_call_transcripts.parquet | File Progress: 9.0%
2025-08-28 17:02:41,716 - main - INFO -  Download progress: 30.1% (487.0 MB)
2025-08-28 17:02:41,716 - main - INFO - 🔄 OVERALL PROGRESS: 72.4% | File: stock_earning_call_transcripts.parquet | File Progress: 9.0%
2025-08-28 17:02:41,904 - main - INFO -  Download progress: 30.2% (488.0 MB)
2025-08-28 17:02:41,904 - main - INFO - 🔄 OVERALL PROGRESS: 72.5% | File: stock_earning_call_transcripts.parquet | File Progress: 9.0%
2025-08-28 17:02:42,040 - main - INFO -  Download progress: 30.2% (489.0 MB)
2025-08-28 17:02:42,041 - main - INFO - 🔄 OVERALL PROGRESS: 72.6% | File: stock_earning_call_transcripts.parquet | File Progress: 9.1%
2025-08-28 17:02:42,217 - main - INFO -  Download progress: 30.3% (490.0 MB)
2025-08-28 17:02:42,218 - main - INFO - 🔄 OVERALL PROGRESS: 72.7% | File: stock_earning_call_transcripts.parquet | File Progress: 9.1%
2025-08-28 17:02:42,396 - main - INFO -  Download progress: 30.4% (491.0 MB)
2025-08-28 17:02:42,396 - main - INFO - 🔄 OVERALL PROGRESS: 72.8% | File: stock_earning_call_transcripts.parquet | File Progress: 9.1%
2025-08-28 17:02:42,577 - main - INFO -  Download progress: 30.4% (492.0 MB)
2025-08-28 17:02:42,577 - main - INFO - 🔄 OVERALL PROGRESS: 72.9% | File: stock_earning_call_transcripts.parquet | File Progress: 9.1%
2025-08-28 17:02:42,769 - main - INFO -  Download progress: 30.5% (493.0 MB)
2025-08-28 17:02:42,769 - main - INFO - 🔄 OVERALL PROGRESS: 73.0% | File: stock_earning_call_transcripts.parquet | File Progress: 9.1%
2025-08-28 17:02:42,932 - main - INFO -  Download progress: 30.5% (494.0 MB)
2025-08-28 17:02:42,932 - main - INFO - 🔄 OVERALL PROGRESS: 73.1% | File: stock_earning_call_transcripts.parquet | File Progress: 9.2%
2025-08-28 17:02:43,106 - main - INFO -  Download progress: 30.6% (495.0 MB)
2025-08-28 17:02:43,106 - main - INFO - 🔄 OVERALL PROGRESS: 73.2% | File: stock_earning_call_transcripts.parquet | File Progress: 9.2%
2025-08-28 17:02:43,292 - main - INFO -  Download progress: 30.7% (496.0 MB)
2025-08-28 17:02:43,292 - main - INFO - 🔄 OVERALL PROGRESS: 73.3% | File: stock_earning_call_transcripts.parquet | File Progress: 9.2%
2025-08-28 17:02:43,474 - main - INFO -  Download progress: 30.7% (497.0 MB)
2025-08-28 17:02:43,475 - main - INFO - 🔄 OVERALL PROGRESS: 73.4% | File: stock_earning_call_transcripts.parquet | File Progress: 9.2%
2025-08-28 17:02:43,649 - main - INFO -  Download progress: 30.8% (498.0 MB)
2025-08-28 17:02:43,649 - main - INFO - 🔄 OVERALL PROGRESS: 73.5% | File: stock_earning_call_transcripts.parquet | File Progress: 9.2%
2025-08-28 17:02:43,818 - main - INFO -  Download progress: 30.8% (499.0 MB)
2025-08-28 17:02:43,819 - main - INFO - 🔄 OVERALL PROGRESS: 73.6% | File: stock_earning_call_transcripts.parquet | File Progress: 9.3%
2025-08-28 17:02:44,046 - main - INFO -  Download progress: 30.9% (500.0 MB)
2025-08-28 17:02:44,046 - main - INFO - 🔄 OVERALL PROGRESS: 73.7% | File: stock_earning_call_transcripts.parquet | File Progress: 9.3%
2025-08-28 17:02:44,238 - main - INFO -  Download progress: 31.0% (501.0 MB)
2025-08-28 17:02:44,238 - main - INFO - 🔄 OVERALL PROGRESS: 73.8% | File: stock_earning_call_transcripts.parquet | File Progress: 9.3%
2025-08-28 17:02:44,467 - main - INFO -  Download progress: 31.0% (502.0 MB)
2025-08-28 17:02:44,468 - main - INFO - 🔄 OVERALL PROGRESS: 73.9% | File: stock_earning_call_transcripts.parquet | File Progress: 9.3%
2025-08-28 17:02:44,719 - main - INFO -  Download progress: 31.1% (503.0 MB)
2025-08-28 17:02:44,719 - main - INFO - 🔄 OVERALL PROGRESS: 74.0% | File: stock_earning_call_transcripts.parquet | File Progress: 9.3%
2025-08-28 17:02:44,957 - main - INFO -  Download progress: 31.2% (504.0 MB)
2025-08-28 17:02:44,957 - main - INFO - 🔄 OVERALL PROGRESS: 74.1% | File: stock_earning_call_transcripts.parquet | File Progress: 9.3%
2025-08-28 17:02:45,187 - main - INFO -  Download progress: 31.2% (505.0 MB)
2025-08-28 17:02:45,187 - main - INFO - 🔄 OVERALL PROGRESS: 74.3% | File: stock_earning_call_transcripts.parquet | File Progress: 9.4%
2025-08-28 17:02:45,431 - main - INFO -  Download progress: 31.3% (506.0 MB)
2025-08-28 17:02:45,431 - main - INFO - 🔄 OVERALL PROGRESS: 74.4% | File: stock_earning_call_transcripts.parquet | File Progress: 9.4%
2025-08-28 17:02:45,672 - main - INFO -  Download progress: 31.3% (507.0 MB)
2025-08-28 17:02:45,673 - main - INFO - 🔄 OVERALL PROGRESS: 74.5% | File: stock_earning_call_transcripts.parquet | File Progress: 9.4%
2025-08-28 17:02:45,933 - main - INFO -  Download progress: 31.4% (508.0 MB)
2025-08-28 17:02:45,934 - main - INFO - 🔄 OVERALL PROGRESS: 74.6% | File: stock_earning_call_transcripts.parquet | File Progress: 9.4%
2025-08-28 17:02:46,130 - main - INFO -  Download progress: 31.5% (509.0 MB)
2025-08-28 17:02:46,131 - main - INFO - 🔄 OVERALL PROGRESS: 74.7% | File: stock_earning_call_transcripts.parquet | File Progress: 9.4%
2025-08-28 17:02:46,315 - main - INFO -  Download progress: 31.5% (510.0 MB)
2025-08-28 17:02:46,316 - main - INFO - 🔄 OVERALL PROGRESS: 74.8% | File: stock_earning_call_transcripts.parquet | File Progress: 9.5%
2025-08-28 17:02:46,486 - main - INFO -  Download progress: 31.6% (511.0 MB)
2025-08-28 17:02:46,486 - main - INFO - 🔄 OVERALL PROGRESS: 74.9% | File: stock_earning_call_transcripts.parquet | File Progress: 9.5%
2025-08-28 17:02:46,667 - main - INFO -  Download progress: 31.6% (512.0 MB)
2025-08-28 17:02:46,667 - main - INFO - 🔄 OVERALL PROGRESS: 75.0% | File: stock_earning_call_transcripts.parquet | File Progress: 9.5%
2025-08-28 17:02:46,953 - main - INFO -  Download progress: 31.7% (513.0 MB)
2025-08-28 17:02:46,953 - main - INFO - 🔄 OVERALL PROGRESS: 75.1% | File: stock_earning_call_transcripts.parquet | File Progress: 9.5%
2025-08-28 17:02:47,117 - main - INFO -  Download progress: 31.8% (514.0 MB)
2025-08-28 17:02:47,117 - main - INFO - 🔄 OVERALL PROGRESS: 75.2% | File: stock_earning_call_transcripts.parquet | File Progress: 9.5%
2025-08-28 17:02:47,300 - main - INFO -  Download progress: 31.8% (515.0 MB)
2025-08-28 17:02:47,300 - main - INFO - 🔄 OVERALL PROGRESS: 75.3% | File: stock_earning_call_transcripts.parquet | File Progress: 9.6%
2025-08-28 17:02:47,474 - main - INFO -  Download progress: 31.9% (516.0 MB)
2025-08-28 17:02:47,474 - main - INFO - 🔄 OVERALL PROGRESS: 75.4% | File: stock_earning_call_transcripts.parquet | File Progress: 9.6%
2025-08-28 17:02:47,626 - main - INFO -  Download progress: 32.0% (517.0 MB)
2025-08-28 17:02:47,626 - main - INFO - 🔄 OVERALL PROGRESS: 75.5% | File: stock_earning_call_transcripts.parquet | File Progress: 9.6%
2025-08-28 17:02:47,796 - main - INFO -  Download progress: 32.0% (518.0 MB)
2025-08-28 17:02:47,796 - main - INFO - 🔄 OVERALL PROGRESS: 75.6% | File: stock_earning_call_transcripts.parquet | File Progress: 9.6%
2025-08-28 17:02:47,954 - main - INFO -  Download progress: 32.1% (519.0 MB)
2025-08-28 17:02:47,955 - main - INFO - 🔄 OVERALL PROGRESS: 75.7% | File: stock_earning_call_transcripts.parquet | File Progress: 9.6%
2025-08-28 17:02:48,134 - main - INFO -  Download progress: 32.1% (520.0 MB)
2025-08-28 17:02:48,134 - main - INFO - 🔄 OVERALL PROGRESS: 75.8% | File: stock_earning_call_transcripts.parquet | File Progress: 9.6%
2025-08-28 17:02:48,316 - main - INFO -  Download progress: 32.2% (521.0 MB)
2025-08-28 17:02:48,316 - main - INFO - 🔄 OVERALL PROGRESS: 75.9% | File: stock_earning_call_transcripts.parquet | File Progress: 9.7%
2025-08-28 17:02:48,484 - main - INFO -  Download progress: 32.3% (522.0 MB)
2025-08-28 17:02:48,484 - main - INFO - 🔄 OVERALL PROGRESS: 76.0% | File: stock_earning_call_transcripts.parquet | File Progress: 9.7%
2025-08-28 17:02:48,671 - main - INFO -  Download progress: 32.3% (523.0 MB)
2025-08-28 17:02:48,671 - main - INFO - 🔄 OVERALL PROGRESS: 76.1% | File: stock_earning_call_transcripts.parquet | File Progress: 9.7%
2025-08-28 17:02:48,864 - main - INFO -  Download progress: 32.4% (524.0 MB)
2025-08-28 17:02:48,864 - main - INFO - 🔄 OVERALL PROGRESS: 76.2% | File: stock_earning_call_transcripts.parquet | File Progress: 9.7%
2025-08-28 17:02:49,059 - main - INFO -  Download progress: 32.5% (525.0 MB)
2025-08-28 17:02:49,060 - main - INFO - 🔄 OVERALL PROGRESS: 76.3% | File: stock_earning_call_transcripts.parquet | File Progress: 9.7%
2025-08-28 17:02:49,259 - main - INFO -  Download progress: 32.5% (526.0 MB)
2025-08-28 17:02:49,260 - main - INFO - 🔄 OVERALL PROGRESS: 76.4% | File: stock_earning_call_transcripts.parquet | File Progress: 9.8%
2025-08-28 17:02:49,430 - main - INFO -  Download progress: 32.6% (527.0 MB)
2025-08-28 17:02:49,430 - main - INFO - 🔄 OVERALL PROGRESS: 76.5% | File: stock_earning_call_transcripts.parquet | File Progress: 9.8%
2025-08-28 17:02:49,612 - main - INFO -  Download progress: 32.6% (528.0 MB)
2025-08-28 17:02:49,612 - main - INFO - 🔄 OVERALL PROGRESS: 76.6% | File: stock_earning_call_transcripts.parquet | File Progress: 9.8%
2025-08-28 17:02:49,847 - main - INFO -  Download progress: 32.7% (529.0 MB)
2025-08-28 17:02:49,848 - main - INFO - 🔄 OVERALL PROGRESS: 76.7% | File: stock_earning_call_transcripts.parquet | File Progress: 9.8%
2025-08-28 17:02:50,042 - main - INFO -  Download progress: 32.8% (530.0 MB)
2025-08-28 17:02:50,043 - main - INFO - 🔄 OVERALL PROGRESS: 76.8% | File: stock_earning_call_transcripts.parquet | File Progress: 9.8%
2025-08-28 17:02:50,250 - main - INFO -  Download progress: 32.8% (531.0 MB)
2025-08-28 17:02:50,250 - main - INFO - 🔄 OVERALL PROGRESS: 76.9% | File: stock_earning_call_transcripts.parquet | File Progress: 9.8%
2025-08-28 17:02:50,452 - main - INFO -  Download progress: 32.9% (532.0 MB)
2025-08-28 17:02:50,453 - main - INFO - 🔄 OVERALL PROGRESS: 77.0% | File: stock_earning_call_transcripts.parquet | File Progress: 9.9%
2025-08-28 17:02:50,648 - main - INFO -  Download progress: 32.9% (533.0 MB)
2025-08-28 17:02:50,649 - main - INFO - 🔄 OVERALL PROGRESS: 77.1% | File: stock_earning_call_transcripts.parquet | File Progress: 9.9%
2025-08-28 17:02:50,830 - main - INFO -  Download progress: 33.0% (534.0 MB)
2025-08-28 17:02:50,831 - main - INFO - 🔄 OVERALL PROGRESS: 77.2% | File: stock_earning_call_transcripts.parquet | File Progress: 9.9%
2025-08-28 17:02:50,988 - main - INFO -  Download progress: 33.1% (535.0 MB)
2025-08-28 17:02:50,988 - main - INFO - 🔄 OVERALL PROGRESS: 77.3% | File: stock_earning_call_transcripts.parquet | File Progress: 9.9%
2025-08-28 17:02:51,206 - main - INFO -  Download progress: 33.1% (536.0 MB)
2025-08-28 17:02:51,207 - main - INFO - 🔄 OVERALL PROGRESS: 77.4% | File: stock_earning_call_transcripts.parquet | File Progress: 9.9%
2025-08-28 17:02:51,449 - main - INFO -  Download progress: 33.2% (537.0 MB)
2025-08-28 17:02:51,450 - main - INFO - 🔄 OVERALL PROGRESS: 77.5% | File: stock_earning_call_transcripts.parquet | File Progress: 10.0%
2025-08-28 17:02:51,708 - main - INFO -  Download progress: 33.3% (538.0 MB)
2025-08-28 17:02:51,709 - main - INFO - 🔄 OVERALL PROGRESS: 77.7% | File: stock_earning_call_transcripts.parquet | File Progress: 10.0%
2025-08-28 17:02:51,999 - main - INFO -  Download progress: 33.3% (539.0 MB)
2025-08-28 17:02:51,999 - main - INFO - 🔄 OVERALL PROGRESS: 77.8% | File: stock_earning_call_transcripts.parquet | File Progress: 10.0%
2025-08-28 17:02:52,367 - main - INFO -  Download progress: 33.4% (540.0 MB)
2025-08-28 17:02:52,368 - main - INFO - 🔄 OVERALL PROGRESS: 77.9% | File: stock_earning_call_transcripts.parquet | File Progress: 10.0%
2025-08-28 17:02:52,384 - main - INFO -  Download progress: 33.4% (541.0 MB)
2025-08-28 17:02:52,384 - main - INFO - 🔄 OVERALL PROGRESS: 78.0% | File: stock_earning_call_transcripts.parquet | File Progress: 10.0%
2025-08-28 17:02:52,543 - main - INFO -  Download progress: 33.5% (542.0 MB)
2025-08-28 17:02:52,543 - main - INFO - 🔄 OVERALL PROGRESS: 78.1% | File: stock_earning_call_transcripts.parquet | File Progress: 10.1%
2025-08-28 17:02:52,709 - main - INFO -  Download progress: 33.6% (543.0 MB)
2025-08-28 17:02:52,709 - main - INFO - 🔄 OVERALL PROGRESS: 78.2% | File: stock_earning_call_transcripts.parquet | File Progress: 10.1%
2025-08-28 17:02:52,866 - main - INFO -  Download progress: 33.6% (544.0 MB)
2025-08-28 17:02:52,867 - main - INFO - 🔄 OVERALL PROGRESS: 78.3% | File: stock_earning_call_transcripts.parquet | File Progress: 10.1%
2025-08-28 17:02:53,033 - main - INFO -  Download progress: 33.7% (545.0 MB)
2025-08-28 17:02:53,033 - main - INFO - 🔄 OVERALL PROGRESS: 78.4% | File: stock_earning_call_transcripts.parquet | File Progress: 10.1%
2025-08-28 17:02:53,261 - main - INFO -  Download progress: 33.8% (546.0 MB)
2025-08-28 17:02:53,261 - main - INFO - 🔄 OVERALL PROGRESS: 78.5% | File: stock_earning_call_transcripts.parquet | File Progress: 10.1%
2025-08-28 17:02:53,403 - main - INFO -  Download progress: 33.8% (547.0 MB)
2025-08-28 17:02:53,403 - main - INFO - 🔄 OVERALL PROGRESS: 78.6% | File: stock_earning_call_transcripts.parquet | File Progress: 10.1%
2025-08-28 17:02:53,558 - main - INFO -  Download progress: 33.9% (548.0 MB)
2025-08-28 17:02:53,558 - main - INFO - 🔄 OVERALL PROGRESS: 78.7% | File: stock_earning_call_transcripts.parquet | File Progress: 10.2%
2025-08-28 17:02:53,739 - main - INFO -  Download progress: 33.9% (549.0 MB)
2025-08-28 17:02:53,739 - main - INFO - 🔄 OVERALL PROGRESS: 78.8% | File: stock_earning_call_transcripts.parquet | File Progress: 10.2%
2025-08-28 17:02:53,915 - main - INFO -  Download progress: 34.0% (550.0 MB)
2025-08-28 17:02:53,915 - main - INFO - 🔄 OVERALL PROGRESS: 78.9% | File: stock_earning_call_transcripts.parquet | File Progress: 10.2%
2025-08-28 17:02:54,061 - main - INFO -  Download progress: 34.1% (551.0 MB)
2025-08-28 17:02:54,061 - main - INFO - 🔄 OVERALL PROGRESS: 79.0% | File: stock_earning_call_transcripts.parquet | File Progress: 10.2%
2025-08-28 17:02:54,247 - main - INFO -  Download progress: 34.1% (552.0 MB)
2025-08-28 17:02:54,248 - main - INFO - 🔄 OVERALL PROGRESS: 79.1% | File: stock_earning_call_transcripts.parquet | File Progress: 10.2%
2025-08-28 17:02:54,444 - main - INFO -  Download progress: 34.2% (553.0 MB)
2025-08-28 17:02:54,445 - main - INFO - 🔄 OVERALL PROGRESS: 79.2% | File: stock_earning_call_transcripts.parquet | File Progress: 10.3%
2025-08-28 17:02:54,668 - main - INFO -  Download progress: 34.2% (554.0 MB)
2025-08-28 17:02:54,669 - main - INFO - 🔄 OVERALL PROGRESS: 79.3% | File: stock_earning_call_transcripts.parquet | File Progress: 10.3%
2025-08-28 17:02:54,887 - main - INFO -  Download progress: 34.3% (555.0 MB)
2025-08-28 17:02:54,887 - main - INFO - 🔄 OVERALL PROGRESS: 79.4% | File: stock_earning_call_transcripts.parquet | File Progress: 10.3%
2025-08-28 17:02:55,127 - main - INFO -  Download progress: 34.4% (556.0 MB)
2025-08-28 17:02:55,128 - main - INFO - 🔄 OVERALL PROGRESS: 79.5% | File: stock_earning_call_transcripts.parquet | File Progress: 10.3%
2025-08-28 17:02:55,362 - main - INFO -  Download progress: 34.4% (557.0 MB)
2025-08-28 17:02:55,363 - main - INFO - 🔄 OVERALL PROGRESS: 79.6% | File: stock_earning_call_transcripts.parquet | File Progress: 10.3%
2025-08-28 17:02:55,602 - main - INFO -  Download progress: 34.5% (558.0 MB)
2025-08-28 17:02:55,603 - main - INFO - 🔄 OVERALL PROGRESS: 79.7% | File: stock_earning_call_transcripts.parquet | File Progress: 10.3%
2025-08-28 17:02:55,865 - main - INFO -  Download progress: 34.6% (559.0 MB)
2025-08-28 17:02:55,865 - main - INFO - 🔄 OVERALL PROGRESS: 79.8% | File: stock_earning_call_transcripts.parquet | File Progress: 10.4%
2025-08-28 17:02:56,321 - main - INFO -  Download progress: 34.6% (560.0 MB)
2025-08-28 17:02:56,322 - main - INFO - 🔄 OVERALL PROGRESS: 79.9% | File: stock_earning_call_transcripts.parquet | File Progress: 10.4%
2025-08-28 17:02:56,616 - main - INFO -  Download progress: 34.7% (561.0 MB)
2025-08-28 17:02:56,616 - main - INFO - 🔄 OVERALL PROGRESS: 80.0% | File: stock_earning_call_transcripts.parquet | File Progress: 10.4%
2025-08-28 17:02:56,860 - main - INFO -  Download progress: 34.7% (562.0 MB)
2025-08-28 17:02:56,860 - main - INFO - 🔄 OVERALL PROGRESS: 80.1% | File: stock_earning_call_transcripts.parquet | File Progress: 10.4%
2025-08-28 17:02:57,140 - main - INFO -  Download progress: 34.8% (563.0 MB)
2025-08-28 17:02:57,141 - main - INFO - 🔄 OVERALL PROGRESS: 80.2% | File: stock_earning_call_transcripts.parquet | File Progress: 10.4%
2025-08-28 17:02:57,382 - main - INFO -  Download progress: 34.9% (564.0 MB)
2025-08-28 17:02:57,382 - main - INFO - 🔄 OVERALL PROGRESS: 80.3% | File: stock_earning_call_transcripts.parquet | File Progress: 10.5%
2025-08-28 17:02:57,615 - main - INFO -  Download progress: 34.9% (565.0 MB)
2025-08-28 17:02:57,616 - main - INFO - 🔄 OVERALL PROGRESS: 80.4% | File: stock_earning_call_transcripts.parquet | File Progress: 10.5%
2025-08-28 17:02:57,811 - main - INFO -  Download progress: 35.0% (566.0 MB)
2025-08-28 17:02:57,811 - main - INFO - 🔄 OVERALL PROGRESS: 80.5% | File: stock_earning_call_transcripts.parquet | File Progress: 10.5%
2025-08-28 17:02:58,000 - main - INFO -  Download progress: 35.0% (567.0 MB)
2025-08-28 17:02:58,001 - main - INFO - 🔄 OVERALL PROGRESS: 80.6% | File: stock_earning_call_transcripts.parquet | File Progress: 10.5%
2025-08-28 17:02:58,196 - main - INFO -  Download progress: 35.1% (568.0 MB)
2025-08-28 17:02:58,197 - main - INFO - 🔄 OVERALL PROGRESS: 80.7% | File: stock_earning_call_transcripts.parquet | File Progress: 10.5%
2025-08-28 17:02:58,373 - main - INFO -  Download progress: 35.2% (569.0 MB)
2025-08-28 17:02:58,373 - main - INFO - 🔄 OVERALL PROGRESS: 80.8% | File: stock_earning_call_transcripts.parquet | File Progress: 10.6%
2025-08-28 17:02:58,644 - main - INFO -  Download progress: 35.2% (570.0 MB)
2025-08-28 17:02:58,644 - main - INFO - 🔄 OVERALL PROGRESS: 80.9% | File: stock_earning_call_transcripts.parquet | File Progress: 10.6%
2025-08-28 17:02:58,865 - main - INFO -  Download progress: 35.3% (571.0 MB)
2025-08-28 17:02:58,866 - main - INFO - 🔄 OVERALL PROGRESS: 81.1% | File: stock_earning_call_transcripts.parquet | File Progress: 10.6%
2025-08-28 17:02:59,081 - main - INFO -  Download progress: 35.4% (572.0 MB)
2025-08-28 17:02:59,081 - main - INFO - 🔄 OVERALL PROGRESS: 81.2% | File: stock_earning_call_transcripts.parquet | File Progress: 10.6%
2025-08-28 17:02:59,454 - main - INFO -  Download progress: 35.4% (573.0 MB)
2025-08-28 17:02:59,454 - main - INFO - 🔄 OVERALL PROGRESS: 81.3% | File: stock_earning_call_transcripts.parquet | File Progress: 10.6%
2025-08-28 17:02:59,954 - main - INFO -  Download progress: 35.5% (574.0 MB)
2025-08-28 17:02:59,955 - main - INFO - 🔄 OVERALL PROGRESS: 81.4% | File: stock_earning_call_transcripts.parquet | File Progress: 10.6%
2025-08-28 17:03:00,372 - main - INFO -  Download progress: 35.5% (575.0 MB)
2025-08-28 17:03:00,373 - main - INFO - 🔄 OVERALL PROGRESS: 81.5% | File: stock_earning_call_transcripts.parquet | File Progress: 10.7%
2025-08-28 17:03:00,699 - main - INFO -  Download progress: 35.6% (576.0 MB)
2025-08-28 17:03:00,699 - main - INFO - 🔄 OVERALL PROGRESS: 81.6% | File: stock_earning_call_transcripts.parquet | File Progress: 10.7%
2025-08-28 17:03:01,189 - main - INFO -  Download progress: 35.7% (577.0 MB)
2025-08-28 17:03:01,189 - main - INFO - 🔄 OVERALL PROGRESS: 81.7% | File: stock_earning_call_transcripts.parquet | File Progress: 10.7%
2025-08-28 17:03:01,501 - main - INFO -  Download progress: 35.7% (578.0 MB)
2025-08-28 17:03:01,502 - main - INFO - 🔄 OVERALL PROGRESS: 81.8% | File: stock_earning_call_transcripts.parquet | File Progress: 10.7%
2025-08-28 17:03:01,801 - main - INFO -  Download progress: 35.8% (579.0 MB)
2025-08-28 17:03:01,802 - main - INFO - 🔄 OVERALL PROGRESS: 81.9% | File: stock_earning_call_transcripts.parquet | File Progress: 10.7%
2025-08-28 17:03:02,067 - main - INFO -  Download progress: 35.9% (580.0 MB)
2025-08-28 17:03:02,067 - main - INFO - 🔄 OVERALL PROGRESS: 82.0% | File: stock_earning_call_transcripts.parquet | File Progress: 10.8%
2025-08-28 17:03:02,284 - main - INFO -  Download progress: 35.9% (581.0 MB)
2025-08-28 17:03:02,284 - main - INFO - 🔄 OVERALL PROGRESS: 82.1% | File: stock_earning_call_transcripts.parquet | File Progress: 10.8%
2025-08-28 17:03:02,489 - main - INFO -  Download progress: 36.0% (582.0 MB)
2025-08-28 17:03:02,489 - main - INFO - 🔄 OVERALL PROGRESS: 82.2% | File: stock_earning_call_transcripts.parquet | File Progress: 10.8%
2025-08-28 17:03:02,664 - main - INFO -  Download progress: 36.0% (583.0 MB)
2025-08-28 17:03:02,664 - main - INFO - 🔄 OVERALL PROGRESS: 82.3% | File: stock_earning_call_transcripts.parquet | File Progress: 10.8%
2025-08-28 17:03:02,865 - main - INFO -  Download progress: 36.1% (584.0 MB)
2025-08-28 17:03:02,865 - main - INFO - 🔄 OVERALL PROGRESS: 82.4% | File: stock_earning_call_transcripts.parquet | File Progress: 10.8%
2025-08-28 17:03:03,053 - main - INFO -  Download progress: 36.2% (585.0 MB)
2025-08-28 17:03:03,054 - main - INFO - 🔄 OVERALL PROGRESS: 82.5% | File: stock_earning_call_transcripts.parquet | File Progress: 10.8%
2025-08-28 17:03:03,258 - main - INFO -  Download progress: 36.2% (586.0 MB)
2025-08-28 17:03:03,258 - main - INFO - 🔄 OVERALL PROGRESS: 82.6% | File: stock_earning_call_transcripts.parquet | File Progress: 10.9%
2025-08-28 17:03:03,458 - main - INFO -  Download progress: 36.3% (587.0 MB)
2025-08-28 17:03:03,458 - main - INFO - 🔄 OVERALL PROGRESS: 82.7% | File: stock_earning_call_transcripts.parquet | File Progress: 10.9%
2025-08-28 17:03:03,634 - main - INFO -  Download progress: 36.3% (588.0 MB)
2025-08-28 17:03:03,635 - main - INFO - 🔄 OVERALL PROGRESS: 82.8% | File: stock_earning_call_transcripts.parquet | File Progress: 10.9%
2025-08-28 17:03:03,845 - main - INFO -  Download progress: 36.4% (589.0 MB)
2025-08-28 17:03:03,845 - main - INFO - 🔄 OVERALL PROGRESS: 82.9% | File: stock_earning_call_transcripts.parquet | File Progress: 10.9%
2025-08-28 17:03:04,021 - main - INFO -  Download progress: 36.5% (590.0 MB)
2025-08-28 17:03:04,022 - main - INFO - 🔄 OVERALL PROGRESS: 83.0% | File: stock_earning_call_transcripts.parquet | File Progress: 10.9%
2025-08-28 17:03:04,198 - main - INFO -  Download progress: 36.5% (591.0 MB)
2025-08-28 17:03:04,198 - main - INFO - 🔄 OVERALL PROGRESS: 83.1% | File: stock_earning_call_transcripts.parquet | File Progress: 11.0%
2025-08-28 17:03:04,402 - main - INFO -  Download progress: 36.6% (592.0 MB)
2025-08-28 17:03:04,402 - main - INFO - 🔄 OVERALL PROGRESS: 83.2% | File: stock_earning_call_transcripts.parquet | File Progress: 11.0%
2025-08-28 17:03:04,591 - main - INFO -  Download progress: 36.7% (593.0 MB)
2025-08-28 17:03:04,591 - main - INFO - 🔄 OVERALL PROGRESS: 83.3% | File: stock_earning_call_transcripts.parquet | File Progress: 11.0%
2025-08-28 17:03:04,769 - main - INFO -  Download progress: 36.7% (594.0 MB)
2025-08-28 17:03:04,770 - main - INFO - 🔄 OVERALL PROGRESS: 83.4% | File: stock_earning_call_transcripts.parquet | File Progress: 11.0%
2025-08-28 17:03:04,951 - main - INFO -  Download progress: 36.8% (595.0 MB)
2025-08-28 17:03:04,951 - main - INFO - 🔄 OVERALL PROGRESS: 83.5% | File: stock_earning_call_transcripts.parquet | File Progress: 11.0%
2025-08-28 17:03:05,164 - main - INFO -  Download progress: 36.8% (596.0 MB)
2025-08-28 17:03:05,164 - main - INFO - 🔄 OVERALL PROGRESS: 83.6% | File: stock_earning_call_transcripts.parquet | File Progress: 11.1%
2025-08-28 17:03:05,364 - main - INFO -  Download progress: 36.9% (597.0 MB)
2025-08-28 17:03:05,364 - main - INFO - 🔄 OVERALL PROGRESS: 83.7% | File: stock_earning_call_transcripts.parquet | File Progress: 11.1%
2025-08-28 17:03:05,546 - main - INFO -  Download progress: 37.0% (598.0 MB)
2025-08-28 17:03:05,547 - main - INFO - 🔄 OVERALL PROGRESS: 83.8% | File: stock_earning_call_transcripts.parquet | File Progress: 11.1%
2025-08-28 17:03:05,736 - main - INFO -  Download progress: 37.0% (599.0 MB)
2025-08-28 17:03:05,736 - main - INFO - 🔄 OVERALL PROGRESS: 83.9% | File: stock_earning_call_transcripts.parquet | File Progress: 11.1%
2025-08-28 17:03:05,920 - main - INFO -  Download progress: 37.1% (600.0 MB)
2025-08-28 17:03:05,921 - main - INFO - 🔄 OVERALL PROGRESS: 84.0% | File: stock_earning_call_transcripts.parquet | File Progress: 11.1%
2025-08-28 17:03:06,093 - main - INFO -  Download progress: 37.2% (601.0 MB)
2025-08-28 17:03:06,093 - main - INFO - 🔄 OVERALL PROGRESS: 84.1% | File: stock_earning_call_transcripts.parquet | File Progress: 11.1%
2025-08-28 17:03:06,298 - main - INFO -  Download progress: 37.2% (602.0 MB)
2025-08-28 17:03:06,299 - main - INFO - 🔄 OVERALL PROGRESS: 84.2% | File: stock_earning_call_transcripts.parquet | File Progress: 11.2%
2025-08-28 17:03:06,484 - main - INFO -  Download progress: 37.3% (603.0 MB)
2025-08-28 17:03:06,484 - main - INFO - 🔄 OVERALL PROGRESS: 84.3% | File: stock_earning_call_transcripts.parquet | File Progress: 11.2%
2025-08-28 17:03:06,662 - main - INFO -  Download progress: 37.3% (604.0 MB)
2025-08-28 17:03:06,663 - main - INFO - 🔄 OVERALL PROGRESS: 84.5% | File: stock_earning_call_transcripts.parquet | File Progress: 11.2%
2025-08-28 17:03:06,848 - main - INFO -  Download progress: 37.4% (605.0 MB)
2025-08-28 17:03:06,849 - main - INFO - 🔄 OVERALL PROGRESS: 84.6% | File: stock_earning_call_transcripts.parquet | File Progress: 11.2%
2025-08-28 17:03:07,045 - main - INFO -  Download progress: 37.5% (606.0 MB)
2025-08-28 17:03:07,046 - main - INFO - 🔄 OVERALL PROGRESS: 84.7% | File: stock_earning_call_transcripts.parquet | File Progress: 11.2%
2025-08-28 17:03:07,243 - main - INFO -  Download progress: 37.5% (607.0 MB)
2025-08-28 17:03:07,244 - main - INFO - 🔄 OVERALL PROGRESS: 84.8% | File: stock_earning_call_transcripts.parquet | File Progress: 11.3%
2025-08-28 17:03:07,425 - main - INFO -  Download progress: 37.6% (608.0 MB)
2025-08-28 17:03:07,426 - main - INFO - 🔄 OVERALL PROGRESS: 84.9% | File: stock_earning_call_transcripts.parquet | File Progress: 11.3%
2025-08-28 17:03:07,860 - main - INFO -  Download progress: 37.6% (609.0 MB)
2025-08-28 17:03:07,862 - main - INFO - 🔄 OVERALL PROGRESS: 85.0% | File: stock_earning_call_transcripts.parquet | File Progress: 11.3%
2025-08-28 17:03:08,053 - main - INFO -  Download progress: 37.7% (610.0 MB)
2025-08-28 17:03:08,053 - main - INFO - 🔄 OVERALL PROGRESS: 85.1% | File: stock_earning_call_transcripts.parquet | File Progress: 11.3%
2025-08-28 17:03:08,243 - main - INFO -  Download progress: 37.8% (611.0 MB)
2025-08-28 17:03:08,243 - main - INFO - 🔄 OVERALL PROGRESS: 85.2% | File: stock_earning_call_transcripts.parquet | File Progress: 11.3%
2025-08-28 17:03:08,434 - main - INFO -  Download progress: 37.8% (612.0 MB)
2025-08-28 17:03:08,434 - main - INFO - 🔄 OVERALL PROGRESS: 85.3% | File: stock_earning_call_transcripts.parquet | File Progress: 11.3%
2025-08-28 17:03:08,935 - main - INFO -  Download progress: 37.9% (613.0 MB)
2025-08-28 17:03:08,936 - main - INFO - 🔄 OVERALL PROGRESS: 85.4% | File: stock_earning_call_transcripts.parquet | File Progress: 11.4%
2025-08-28 17:03:09,271 - main - INFO -  Download progress: 38.0% (614.0 MB)
2025-08-28 17:03:09,271 - main - INFO - 🔄 OVERALL PROGRESS: 85.5% | File: stock_earning_call_transcripts.parquet | File Progress: 11.4%
2025-08-28 17:03:09,425 - main - INFO - Health check requested
2025-08-28 17:03:09,426 - main - ERROR - Health check failed: Not an executable object: 'SELECT 1'
2025-08-28 17:03:09,678 - main - INFO -  Download progress: 38.0% (615.0 MB)
2025-08-28 17:03:09,678 - main - INFO - 🔄 OVERALL PROGRESS: 85.6% | File: stock_earning_call_transcripts.parquet | File Progress: 11.4%
2025-08-28 17:03:10,209 - main - INFO -  Download progress: 38.1% (616.0 MB)
2025-08-28 17:03:10,210 - main - INFO - 🔄 OVERALL PROGRESS: 85.7% | File: stock_earning_call_transcripts.parquet | File Progress: 11.4%
2025-08-28 17:03:10,452 - main - INFO -  Download progress: 38.1% (617.0 MB)
2025-08-28 17:03:10,452 - main - INFO - 🔄 OVERALL PROGRESS: 85.8% | File: stock_earning_call_transcripts.parquet | File Progress: 11.4%
2025-08-28 17:03:10,697 - main - INFO -  Download progress: 38.2% (618.0 MB)
2025-08-28 17:03:10,698 - main - INFO - 🔄 OVERALL PROGRESS: 85.9% | File: stock_earning_call_transcripts.parquet | File Progress: 11.5%
2025-08-28 17:03:10,926 - main - INFO -  Download progress: 38.3% (619.0 MB)
2025-08-28 17:03:10,926 - main - INFO - 🔄 OVERALL PROGRESS: 86.0% | File: stock_earning_call_transcripts.parquet | File Progress: 11.5%
2025-08-28 17:03:11,157 - main - INFO -  Download progress: 38.3% (620.0 MB)
2025-08-28 17:03:11,157 - main - INFO - 🔄 OVERALL PROGRESS: 86.1% | File: stock_earning_call_transcripts.parquet | File Progress: 11.5%
2025-08-28 17:03:11,360 - main - INFO -  Download progress: 38.4% (621.0 MB)
2025-08-28 17:03:11,360 - main - INFO - 🔄 OVERALL PROGRESS: 86.2% | File: stock_earning_call_transcripts.parquet | File Progress: 11.5%
2025-08-28 17:03:11,561 - main - INFO -  Download progress: 38.4% (622.0 MB)
2025-08-28 17:03:11,562 - main - INFO - 🔄 OVERALL PROGRESS: 86.3% | File: stock_earning_call_transcripts.parquet | File Progress: 11.5%
2025-08-28 17:03:11,792 - main - INFO -  Download progress: 38.5% (623.0 MB)
2025-08-28 17:03:11,792 - main - INFO - 🔄 OVERALL PROGRESS: 86.4% | File: stock_earning_call_transcripts.parquet | File Progress: 11.6%
2025-08-28 17:03:12,017 - main - INFO -  Download progress: 38.6% (624.0 MB)
2025-08-28 17:03:12,018 - main - INFO - 🔄 OVERALL PROGRESS: 86.5% | File: stock_earning_call_transcripts.parquet | File Progress: 11.6%
2025-08-28 17:03:12,250 - main - INFO -  Download progress: 38.6% (625.0 MB)
2025-08-28 17:03:12,251 - main - INFO - 🔄 OVERALL PROGRESS: 86.6% | File: stock_earning_call_transcripts.parquet | File Progress: 11.6%
2025-08-28 17:03:12,469 - main - INFO -  Download progress: 38.7% (626.0 MB)
2025-08-28 17:03:12,470 - main - INFO - 🔄 OVERALL PROGRESS: 86.7% | File: stock_earning_call_transcripts.parquet | File Progress: 11.6%
2025-08-28 17:03:12,705 - main - INFO -  Download progress: 38.8% (627.0 MB)
2025-08-28 17:03:12,705 - main - INFO - 🔄 OVERALL PROGRESS: 86.8% | File: stock_earning_call_transcripts.parquet | File Progress: 11.6%
2025-08-28 17:03:12,947 - main - INFO -  Download progress: 38.8% (628.0 MB)
2025-08-28 17:03:12,948 - main - INFO - 🔄 OVERALL PROGRESS: 86.9% | File: stock_earning_call_transcripts.parquet | File Progress: 11.6%
2025-08-28 17:03:13,172 - main - INFO -  Download progress: 38.9% (629.0 MB)
2025-08-28 17:03:13,172 - main - INFO - 🔄 OVERALL PROGRESS: 87.0% | File: stock_earning_call_transcripts.parquet | File Progress: 11.7%
2025-08-28 17:03:13,384 - main - INFO -  Download progress: 38.9% (630.0 MB)
2025-08-28 17:03:13,384 - main - INFO - 🔄 OVERALL PROGRESS: 87.1% | File: stock_earning_call_transcripts.parquet | File Progress: 11.7%
2025-08-28 17:03:13,590 - main - INFO -  Download progress: 39.0% (631.0 MB)
2025-08-28 17:03:13,590 - main - INFO - 🔄 OVERALL PROGRESS: 87.2% | File: stock_earning_call_transcripts.parquet | File Progress: 11.7%
2025-08-28 17:03:13,819 - main - INFO -  Download progress: 39.1% (632.0 MB)
2025-08-28 17:03:13,819 - main - INFO - 🔄 OVERALL PROGRESS: 87.3% | File: stock_earning_call_transcripts.parquet | File Progress: 11.7%
2025-08-28 17:03:14,064 - main - INFO -  Download progress: 39.1% (633.0 MB)
2025-08-28 17:03:14,064 - main - INFO - 🔄 OVERALL PROGRESS: 87.4% | File: stock_earning_call_transcripts.parquet | File Progress: 11.7%
2025-08-28 17:03:14,285 - main - INFO -  Download progress: 39.2% (634.0 MB)
2025-08-28 17:03:14,286 - main - INFO - 🔄 OVERALL PROGRESS: 87.5% | File: stock_earning_call_transcripts.parquet | File Progress: 11.8%
2025-08-28 17:03:14,496 - main - INFO -  Download progress: 39.3% (635.0 MB)
2025-08-28 17:03:14,497 - main - INFO - 🔄 OVERALL PROGRESS: 87.6% | File: stock_earning_call_transcripts.parquet | File Progress: 11.8%
2025-08-28 17:03:14,732 - main - INFO -  Download progress: 39.3% (636.0 MB)
2025-08-28 17:03:14,732 - main - INFO - 🔄 OVERALL PROGRESS: 87.7% | File: stock_earning_call_transcripts.parquet | File Progress: 11.8%
2025-08-28 17:03:14,998 - main - INFO -  Download progress: 39.4% (637.0 MB)
2025-08-28 17:03:14,999 - main - INFO - 🔄 OVERALL PROGRESS: 87.9% | File: stock_earning_call_transcripts.parquet | File Progress: 11.8%
2025-08-28 17:03:15,247 - main - INFO -  Download progress: 39.4% (638.0 MB)
2025-08-28 17:03:15,248 - main - INFO - 🔄 OVERALL PROGRESS: 88.0% | File: stock_earning_call_transcripts.parquet | File Progress: 11.8%
2025-08-28 17:03:15,470 - main - INFO -  Download progress: 39.5% (639.0 MB)
2025-08-28 17:03:15,470 - main - INFO - 🔄 OVERALL PROGRESS: 88.1% | File: stock_earning_call_transcripts.parquet | File Progress: 11.9%
2025-08-28 17:03:15,702 - main - INFO -  Download progress: 39.6% (640.0 MB)
2025-08-28 17:03:15,702 - main - INFO - 🔄 OVERALL PROGRESS: 88.2% | File: stock_earning_call_transcripts.parquet | File Progress: 11.9%
2025-08-28 17:03:15,969 - main - INFO -  Download progress: 39.6% (641.0 MB)
2025-08-28 17:03:15,969 - main - INFO - 🔄 OVERALL PROGRESS: 88.3% | File: stock_earning_call_transcripts.parquet | File Progress: 11.9%
2025-08-28 17:03:16,209 - main - INFO -  Download progress: 39.7% (642.0 MB)
2025-08-28 17:03:16,210 - main - INFO - 🔄 OVERALL PROGRESS: 88.4% | File: stock_earning_call_transcripts.parquet | File Progress: 11.9%
2025-08-28 17:03:16,446 - main - INFO -  Download progress: 39.7% (643.0 MB)
2025-08-28 17:03:16,447 - main - INFO - 🔄 OVERALL PROGRESS: 88.5% | File: stock_earning_call_transcripts.parquet | File Progress: 11.9%
2025-08-28 17:03:16,708 - main - INFO -  Download progress: 39.8% (644.0 MB)
2025-08-28 17:03:16,708 - main - INFO - 🔄 OVERALL PROGRESS: 88.6% | File: stock_earning_call_transcripts.parquet | File Progress: 11.9%
2025-08-28 17:03:16,908 - main - INFO -  Download progress: 39.9% (645.0 MB)
2025-08-28 17:03:16,909 - main - INFO - 🔄 OVERALL PROGRESS: 88.7% | File: stock_earning_call_transcripts.parquet | File Progress: 12.0%
2025-08-28 17:03:17,091 - main - INFO -  Download progress: 39.9% (646.0 MB)
2025-08-28 17:03:17,091 - main - INFO - 🔄 OVERALL PROGRESS: 88.8% | File: stock_earning_call_transcripts.parquet | File Progress: 12.0%
2025-08-28 17:03:17,277 - main - INFO -  Download progress: 40.0% (647.0 MB)
2025-08-28 17:03:17,277 - main - INFO - 🔄 OVERALL PROGRESS: 88.9% | File: stock_earning_call_transcripts.parquet | File Progress: 12.0%
2025-08-28 17:03:17,448 - main - INFO -  Download progress: 40.1% (648.0 MB)
2025-08-28 17:03:17,448 - main - INFO - 🔄 OVERALL PROGRESS: 89.0% | File: stock_earning_call_transcripts.parquet | File Progress: 12.0%
2025-08-28 17:03:17,588 - main - INFO -  Download progress: 40.1% (649.0 MB)
2025-08-28 17:03:17,588 - main - INFO - 🔄 OVERALL PROGRESS: 89.1% | File: stock_earning_call_transcripts.parquet | File Progress: 12.0%
2025-08-28 17:03:17,902 - main - INFO -  Download progress: 40.2% (650.0 MB)
2025-08-28 17:03:17,903 - main - INFO - 🔄 OVERALL PROGRESS: 89.2% | File: stock_earning_call_transcripts.parquet | File Progress: 12.1%
2025-08-28 17:03:18,359 - main - INFO -  Download progress: 40.2% (651.0 MB)
2025-08-28 17:03:18,359 - main - INFO - 🔄 OVERALL PROGRESS: 89.3% | File: stock_earning_call_transcripts.parquet | File Progress: 12.1%
2025-08-28 17:03:18,797 - main - INFO -  Download progress: 40.3% (652.0 MB)
2025-08-28 17:03:18,798 - main - INFO - 🔄 OVERALL PROGRESS: 89.4% | File: stock_earning_call_transcripts.parquet | File Progress: 12.1%
2025-08-28 17:03:19,049 - main - INFO -  Download progress: 40.4% (653.0 MB)
2025-08-28 17:03:19,049 - main - INFO - 🔄 OVERALL PROGRESS: 89.5% | File: stock_earning_call_transcripts.parquet | File Progress: 12.1%
2025-08-28 17:03:19,246 - main - INFO -  Download progress: 40.4% (654.0 MB)
2025-08-28 17:03:19,247 - main - INFO - 🔄 OVERALL PROGRESS: 89.6% | File: stock_earning_call_transcripts.parquet | File Progress: 12.1%
2025-08-28 17:03:19,411 - main - INFO -  Download progress: 40.5% (655.0 MB)
2025-08-28 17:03:19,412 - main - INFO - 🔄 OVERALL PROGRESS: 89.7% | File: stock_earning_call_transcripts.parquet | File Progress: 12.1%
2025-08-28 17:03:19,567 - main - INFO -  Download progress: 40.6% (656.0 MB)
2025-08-28 17:03:19,568 - main - INFO - 🔄 OVERALL PROGRESS: 89.8% | File: stock_earning_call_transcripts.parquet | File Progress: 12.2%
2025-08-28 17:03:19,736 - main - INFO -  Download progress: 40.6% (657.0 MB)
2025-08-28 17:03:19,736 - main - INFO - 🔄 OVERALL PROGRESS: 89.9% | File: stock_earning_call_transcripts.parquet | File Progress: 12.2%
